{
  "current": {
    "purchase_code": "",
    "presentation_enable": true,
    "logo_types": "svg",
    "logo_svg_file": "svg-logo-gadgets",
    "logo_image": "",
    "logo_width": 80,
    "logo_mobile_svg_file": "",
    "logo_mobile_image": "",
    "logo_mobile_width": 34,
    "logo_sticky_svg_file": "",
    "logo_sticky_image": "",
    "logo_sticky_width": 34,
    "logo_footer_svg_file": "",
    "logo_footer_image": "",
    "logo_footer_width": 64,
    "logo_footer_mobile_svg_file": "",
    "logo_footer_mobile_image": "",
    "logo_footer_mobile_width": 64,
    "favicon": "shopify:\/\/shop_images\/favicon.png",
    "layout_container": "fullwidth",
    "layout_show_breadcrumbs": true,
    "layout_pagination_type": "button_load_more",
    "layout_enable_rtl": false,
    "layout_images_lazyload": true,
    "layout_settings_file": "skin-6",
    "color_skin": "skin-6",
    "color_theme": "",
    "color_theme2": "",
    "color_theme3": "",
    "color_theme4": "",
    "color_theme5": "",
    "color_theme6": "",
    "color_theme7": "",
    "color_theme8": "",
    "color_theme9": "",
    "color_theme10": "",
    "color_theme11": "",
    "color_theme_primary": "",
    "color_theme_body": "",
    "color_theme_c": "",
    "color_theme_paragraph_c": "",
    "color_theme_head_c": "",
    "color_theme_link_c": "",
    "color_theme_link_act_c": "",
    "typography_skin": "skin-6",
    "font_base": "archivo_n4",
    "font_base_apply_to_all": false,
    "font_base_type": "none",
    "font_size_body": 13,
    "font_heading": "bio_rhyme_n4",
    "font_heading_type": "none",
    "font_size_h1": 44,
    "font_size_h2": 32,
    "font_size_h3": 24,
    "font_size_h4": 18,
    "font_size_h5": 15,
    "font_size_h6": 13,
    "font_button": "basic_commercial_n4",
    "font_size_button": 13,
    "font_size_input": 13,
    "font_menu": "basic_commercial_n4",
    "font_size_menu": 13,
    "font_size_menu_list": 13,
    "font_size_menu_title": 15,
    "font_size_menu_mobile": 15,
    "font_load_alternative": false,
    "font_alternative": "basic_commercial_n4",
    "font_alternative_type": "none",
    "collection_show_sidebar": "hide",
    "collection_sidebar_position": "left",
    "collection_enable_sticky": true,
    "collection_tag_filters_logic": "and",
    "collection_only_available": false,
    "collection_enable_fullwidth_head_section": false,
    "collection_enable_product_carousel_section": false,
    "collection_builder_mode": "",
    "product_format_pjpg": true,
    "product_show_review_loading": false,
    "product_button_addtocart_size": "default",
    "product_cursor": "",
    "product_show_custom_options": true,
    "product_enable_variants_section": false,
    "product_hide_options_without_availability_variants": true,
    "product_variant_auto_select": "enable",
    "product_auto_selected_options": "",
    "product_variant_change_on_hover": false,
    "product_options_listing_visibility": "all",
    "product_options_type_circle_color": "Color|Colour",
    "product_options_type_circle_image": "",
    "product_options_type_square_color": "",
    "product_options_type_square_image": "",
    "product_options_type_select": "",
    "product_options_type_large_text": "",
    "product_collection_image_height_percent": 100,
    "product_collection_image_size": "contain",
    "product_collection_image_border_radius": 0,
    "product_replace_images_hover": true,
    "product_collection_show_label_in_stock": false,
    "product_collection_show_label_out_stock": true,
    "product_collection_show_label_sale": true,
    "product_collection_show_label_new": true,
    "product_collection_show_label_hot": true,
    "product_collection_centered_info": true,
    "product_collection_more_info_type": "hide",
    "product_collection_show_title": true,
    "product_collection_show_price": true,
    "product_collection_show_button_quick_view": true,
    "product_collection_show_countdown": true,
    "product_collection_show_images_navigation": true,
    "product_collection_show_options": true,
    "product_collection_show_quantity": false,
    "product_collection_show_button_add_to_cart": true,
    "product_collection_show_button_add_to_wishlist": true,
    "product_collection_show_button_add_to_compare": true,
    "product_collection_show_reviews": true,
    "product_collection_hide_reviews_counter": true,
    "product_collection_hide_reviews_mobile_counter": true,
    "product_collection_hide_empty_reviews": true,
    "product_collection_show_sku": true,
    "product_collection_show_barcode": false,
    "product_collection_show_availability": true,
    "product_collection_show_type": true,
    "product_collection_show_vendor": true,
    "product_collection_show_description": true,
    "product_info_layout": "1",
    "product_info_show_arrows": true,
    "product_info_show_btn_fullscreen": true,
    "product_info_show_btn_video": true,
    "product_info_video_autoplay": true,
    "product_info_enable_zoom": true,
    "product_info_gallery_height_percent": 100,
    "product_info_show_label_in_stock": true,
    "product_info_show_label_out_stock": true,
    "product_info_show_label_sale": true,
    "product_info_show_label_new": true,
    "product_info_show_label_hot": true,
    "product_info_show_collections": false,
    "product_info_show_title": true,
    "product_info_show_price": true,
    "product_info_show_sale_details": true,
    "product_info_show_taxes": false,
    "product_info_show_sku": true,
    "product_info_show_barcode": true,
    "product_info_show_availability": false,
    "product_info_show_type": true,
    "product_info_show_vendor": true,
    "product_info_show_reviews": true,
    "product_info_hide_reviews_counter": false,
    "product_info_hide_empty_reviews": true,
    "product_info_show_countdown": true,
    "product_info_show_options": true,
    "product_info_show_quantity": true,
    "product_info_show_notes": false,
    "product_info_show_size_guide": false,
    "product_info_size_guide_page_content": "",
    "product_info_show_delivery_return": true,
    "product_info_delivery_return_page_content": "",
    "product_info_button_layout": "1",
    "product_info_show_button_add_to_cart": true,
    "product_info_show_button_add_to_wishlist": true,
    "product_info_show_button_add_to_compare": true,
    "product_info_show_payments": true,
    "product_info_payments_type": "dark",
    "product_info_page_enable_sticky_gallery": true,
    "product_info_page_show_button_dynamic_checkout": true,
    "product_info_page_show_dynamic_checkout_confirmation": false,
    "product_info_page_styled_dynamic_checkout": true,
    "product_info_page_show_related_products": true,
    "product_info_page_show_usage_info_sidebar": true,
    "product_info_page_sidebar": "off",
    "product_info_page_enable_sticky_sidebar": true,
    "product_footbar_enable": true,
    "product_footbar_show_title": true,
    "product_footbar_show_price": true,
    "product_footbar_show_reviews": true,
    "product_footbar_show_options": true,
    "product_footbar_show_quantity": true,
    "product_footbar_show_button_add_to_cart": true,
    "product_info_quick_show_full_details": true,
    "product_info_show_stock_countdown": false,
    "product_info_show_stock_countdown_range": true,
    "product_stock_countdown_min": 10,
    "product_info_show_text_countdown": false,
    "product_text_countdown_reset_time": 2,
    "product_text_countdown_delivery_time": 3,
    "product_text_countdown_delivery_format": "Day DD\/MM\/YYYY",
    "product_text_countdown_delivery_excludes": "Saturday, Sunday",
    "product_info_show_visitors": false,
    "product_visitors_min": 10,
    "product_visitors_max": 25,
    "product_visitors_stroke": 4,
    "product_visitors_interval_min": 2,
    "product_visitors_interval_max": 6,
    "search_show": true,
    "search_show_only_products": false,
    "search_ajax": true,
    "price_show_sale_separator": false,
    "show_multiple_currencies": true,
    "currency_format": "money_with_currency_format",
    "supported_currencies": "USD EUR GBP",
    "supported_currencies_short_names": "US($)|UE(€)|BP(£)",
    "supported_currencies_full_names": "USD - US Dollar|EUR - Euro|GBP - British Pound",
    "default_currency": "USD",
    "cart_show_header_button": true,
    "cart_popup_enable": true,
    "cart_ajax": true,
    "cart_icon": "",
    "cart_show_vendor": false,
    "cart_show_notes": true,
    "cart_show_free_shipping": false,
    "cart_free_shipping_value": "20000",
    "shipping_calculator": "Enabled",
    "shipping_calculator_default_country": "United States",
    "wishlist_enable": false,
    "compare_enable": false,
    "compare_show_description": true,
    "compare_show_collection": true,
    "compare_show_availability": true,
    "compare_show_product_type": true,
    "compare_show_vendor": true,
    "compare_show_sku": true,
    "compare_show_barcode": true,
    "compare_show_options": true,
    "compare_description_max_size": 100,
    "payment_footer_sequence": "1,2,3,4,5,6,7,8,9",
    "payment_product_sequence": "10,11,12,1,2,3,4,5,6,7,8,9",
    "payment_icon_1_show": true,
    "payment_icon_1_code": "",
    "payment_icon_1_image": "",
    "payment_icon_1_url": "",
    "payment_icon_1_tooltip": "",
    "payment_icon_2_show": true,
    "payment_icon_2_code": "",
    "payment_icon_2_image": "",
    "payment_icon_2_url": "",
    "payment_icon_2_tooltip": "",
    "payment_icon_3_show": true,
    "payment_icon_3_code": "",
    "payment_icon_3_image": "",
    "payment_icon_3_url": "",
    "payment_icon_3_tooltip": "",
    "payment_icon_4_show": true,
    "payment_icon_4_code": "",
    "payment_icon_4_image": "",
    "payment_icon_4_url": "",
    "payment_icon_4_tooltip": "",
    "payment_icon_5_show": true,
    "payment_icon_5_code": "",
    "payment_icon_5_image": "",
    "payment_icon_5_url": "",
    "payment_icon_5_tooltip": "",
    "payment_icon_6_show": true,
    "payment_icon_6_code": "",
    "payment_icon_6_image": "",
    "payment_icon_6_url": "",
    "payment_icon_6_tooltip": "",
    "payment_icon_7_show": true,
    "payment_icon_7_code": "",
    "payment_icon_7_image": "",
    "payment_icon_7_url": "",
    "payment_icon_7_tooltip": "",
    "payment_icon_8_show": true,
    "payment_icon_8_code": "",
    "payment_icon_8_image": "",
    "payment_icon_8_url": "",
    "payment_icon_8_tooltip": "",
    "payment_icon_9_show": true,
    "payment_icon_9_code": "",
    "payment_icon_9_image": "",
    "payment_icon_9_url": "",
    "payment_icon_9_tooltip": "",
    "payment_icon_10_show": true,
    "payment_icon_10_code": "",
    "payment_icon_10_image": "",
    "payment_icon_10_url": "",
    "payment_icon_10_tooltip": "",
    "payment_icon_11_show": true,
    "payment_icon_11_code": "",
    "payment_icon_11_image": "",
    "payment_icon_11_url": "",
    "payment_icon_11_tooltip": "",
    "payment_icon_12_show": true,
    "payment_icon_12_code": "",
    "payment_icon_12_image": "",
    "payment_icon_12_url": "",
    "payment_icon_12_tooltip": "",
    "social_share_image": "",
    "social_facebook": "https:\/\/www.facebook.com\/",
    "social_twitter": "https:\/\/twitter.com\/",
    "social_instagram": "https:\/\/www.instagram.com\/",
    "social_pinterest": "https:\/\/www.pinterest.com\/",
    "social_youtube": "https:\/\/www.youtube.com\/",
    "social_behance": "https:\/\/www.behance.net\/",
    "social_skype": "https:\/\/www.skype.com\/",
    "subscription_method": "shopify",
    "subscription_mailchimp_form_action": "\/\/myshopify.us18.list-manage.com\/subscribe\/post?u=8a50b61e56896303a04d0243e&amp;id=3c3d06b907",
    "subscription_popup_enable": true,
    "subscription_popup_layout": "4",
    "subscription_popup_show_icon": true,
    "subscription_popup_text_line_01": "ULTIMATE SALE",
    "subscription_popup_text_line_02": "10%Off",
    "subscription_popup_text_line_03": "Limited time offer!",
    "subscription_popup_text_line_04": "",
    "subscription_popup_show_form": false,
    "subscription_popup_text_input_placeholder": "Enter Please Your Email Address",
    "subscription_popup_text_submit_button_text": "SUBSCRIBE!",
    "subscription_popup_text_button": "SHOP NOW!",
    "subscription_popup_text_dont_show_again": "",
    "subscription_popup_text_close": "NO, THANK YOU",
    "subscription_popup_image": "shopify:\/\/shop_images\/3_x2_cd3fea4c-e18d-4b18-9d02-d8fd15052b46.png",
    "subscription_popup_image_width": 600,
    "subscription_popup_image_format_pjpg": true,
    "subscription_popup_insert_image": "",
    "subscription_popup_insert_image_width": 200,
    "subscription_popup_insert_image_format_pjpg": false,
    "subscription_popup_link": "shopify:\/\/collections\/copenhagen-2-0",
    "subscription_popup_show_once": "true",
    "subscription_popup_delay": 8,
    "subscription_popup_cookies_life": "1",
    "subscription_confirmation_popup_enable": true,
    "subscription_confirmation_popup_success_message": "Thanks for subscribing!",
    "subscription_confirmation_popup_success_button": "Continue shopping",
    "blog_show_sidebar": "hide",
    "blog_sidebar_position": "right",
    "blog_enable_sticky": true,
    "article_show_sidebar": "hide",
    "article_sidebar_position": "right",
    "article_enable_sticky": true,
    "account_show_header_button": true,
    "account_popup_enable": true,
    "account_popup_sign_up_info_page_content": "",
    "account_popup_show_subscription": true,
    "account_page_sing_up_page_content": "",
    "services_show_header_button": true,
    "services_popup_enable": true,
    "services_popup_page_content": "",
    "javascript_loader_jquery_first": false,
    "app_language": "none",
    "app_language_link_list": "",
    "button_border_radius": 18,
    "input_border_radius": 18,
    "promobox_image_border_radius": 0,
    "promobox_format_pjpg": true,
    "notification_cookies_enable": true,
    "notification_cookies_button_information_link": "",
    "notification_cookies_delay": 0,
    "notification_cookies_show_once": true,
    "notification_cookies_cookies_life": "1",
    "notification_products_enable": true,
    "notification_products_collection": "",
    "notification_products_range_min": 2,
    "notification_products_range_max": 20,
    "notification_products_delay": 8,
    "notification_products_interval_min": 10,
    "notification_products_interval_max": 18,
    "notification_products_time_life": 14,
    "layout_enable_preloader": false,
    "layout_preloader_image": "",
    "layout_preloader_image_size": 100,
    "layout_preloader_opacity": 0.8,
    "promobox_animation_duration": 0.5,
    "tooltips_enable": true,
    "tooltips_animation_type": "scale",
    "header_animation_sticky_opacity": 0.9,
    "header_tape_animation_duration": 0.3,
    "product_hover_animation_type": "fade",
    "buttons_animation_icon_enable": true,
    "dev_enable_custom_css": false,
    "dev_enable_custom_js": false,
    "dev_enable_content_for_header": true,
    "checkout_header_image": "",
    "checkout_logo_image": "",
    "checkout_logo_position": "left",
    "checkout_logo_size": "medium",
    "checkout_body_background_image": "",
    "checkout_body_background_color": "#fff",
    "checkout_input_background_color_mode": "white",
    "checkout_sidebar_background_image": "",
    "checkout_sidebar_background_color": "#fafafa",
    "checkout_heading_font": "-apple-system, BlinkMacSystemFont, 'Segoe UI', Roboto, Helvetica, Arial, sans-serif, 'Apple Color Emoji', 'Segoe UI Emoji', 'Segoe UI Symbol'",
    "checkout_body_font": "-apple-system, BlinkMacSystemFont, 'Segoe UI', Roboto, Helvetica, Arial, sans-serif, 'Apple Color Emoji', 'Segoe UI Emoji', 'Segoe UI Symbol'",
    "checkout_accent_color": "#197bbd",
    "checkout_button_color": "#197bbd",
    "checkout_error_color": "#e32c2b",
    "sections": {
      "header": {
        "type": "header",
        "settings": {
          "type": "4",
          "style": "1",
          "menu": "main-menu",
          "show_menu_arrows": true,
          "show_menu_hover_underline": false,
          "vertical_menu": "",
          "fixed_vertical_menu": false,
          "additional_line_info_page_content": "",
          "sticky": "disable",
          "desktop_sticky_type": "slim"
        }
      },
      "footer": {
        "type": "footer",
        "blocks": {
          "1591399421320": {
            "type": "subscription",
            "settings": {
              "title": "<span class=\"ff-base\">Newsletter subscription<\/span>",
              "paragraph": "Sign up for Shella updates to receive information about new arrivals, future events and specials.",
              "placeholder": "Enter Your Email Address",
              "button_text": "SUBSCRIBE!"
            }
          },
          "1591399424703": {
            "type": "copyright",
            "settings": {
              "page_content": ""
            }
          },
          "1591399427558": {
            "type": "social_media",
            "settings": {
              "title": "Follow us",
              "show_facebook": true,
              "show_twitter": true,
              "show_instagram": true,
              "show_pinterest": true,
              "show_youtube": true,
              "show_behance": true,
              "show_skype": true
            }
          }
        },
        "block_order": [
          "1591399421320",
          "1591399424703",
          "1591399427558"
        ],
        "settings": {
          "type": "4",
          "style": "1",
          "show_logo": true,
          "show_button_back_to_top": true,
          "enable_fixed": true
        }
      },
      "1591398837353": {
        "type": "home-builder",
        "blocks": {
          "1591398860872": {
            "type": "slick_slider",
            "settings": {
              "height": "auto",
              "min_height": 450,
              "size_of_column": "auto",
              "arrows": false,
              "bullets": true,
              "speed": 7
            }
          },
          "1591399839522": {
            "type": "slick_slide",
            "settings": {
              "url": "shopify:\/\/products\/helsinki",
              "image": "shopify:\/\/shop_images\/01.jpg",
              "image_size": 900,
              "image_mobile": "",
              "image_mobile_size": 550,
              "image_position_x": 50,
              "color_image_mask": "",
              "image_mask_opacity": 0.5,
              "text_line_1": "Timeless sound experience",
              "text_line_2": "",
              "text_line_3": "Text line #3",
              "style": "5",
              "button_1": "Discover More",
              "button_1_url": "",
              "color_button_type_1": "default",
              "button_2": "Button #2 text",
              "button_2_url": "",
              "color_button_type_2": "default",
              "custom_html": "",
              "video_external_url": "",
              "video_mp4_url": "",
              "video_autoplay": true,
              "video_controls": false,
              "type": "type-1-4",
              "content_position": "center",
              "content_align": "center",
              "content_width": 100,
              "animation_text": "scale-in",
              "customization_class": ""
            }
          },
          "1591399841977": {
            "type": "slick_slide",
            "settings": {
              "url": "shopify:\/\/products\/copenhagen",
              "image": "shopify:\/\/shop_images\/02.jpg",
              "image_size": 900,
              "image_mobile": "",
              "image_mobile_size": 550,
              "image_position_x": 50,
              "color_image_mask": "",
              "image_mask_opacity": 0.5,
              "text_line_1": "Design is a distinct characteristic",
              "text_line_2": "",
              "text_line_3": "Text line #3",
              "style": "5",
              "button_1": "Discover More",
              "button_1_url": "",
              "color_button_type_1": "default",
              "button_2": "Button #2 text",
              "button_2_url": "",
              "color_button_type_2": "default",
              "custom_html": "",
              "video_external_url": "",
              "video_mp4_url": "",
              "video_autoplay": true,
              "video_controls": false,
              "type": "type-1-4",
              "content_position": "center",
              "content_align": "center",
              "content_width": 100,
              "animation_text": "scale-out",
              "customization_class": ""
            }
          },
          "1591399845201": {
            "type": "slick_slide",
            "settings": {
              "url": "shopify:\/\/products\/copy-of-reykjavik",
              "image": "shopify:\/\/shop_images\/03.jpg",
              "image_size": 900,
              "image_mobile": "",
              "image_mobile_size": 550,
              "image_position_x": 50,
              "color_image_mask": "",
              "image_mask_opacity": 0.5,
              "text_line_1": "Keynotes are respect for materials",
              "text_line_2": "",
              "text_line_3": "Text line #3",
              "style": "5",
              "button_1": "Discover More",
              "button_1_url": "",
              "color_button_type_1": "default",
              "button_2": "Button #2 text",
              "button_2_url": "",
              "color_button_type_2": "default",
              "custom_html": "",
              "video_external_url": "",
              "video_mp4_url": "",
              "video_autoplay": true,
              "video_controls": false,
              "type": "type-1-4",
              "content_position": "center",
              "content_align": "center",
              "content_width": 100,
              "animation_text": "scale-in",
              "customization_class": ""
            }
          }
        },
        "block_order": [
          "1591398860872",
          "1591399839522",
          "1591399841977",
          "1591399845201"
        ],
        "settings": {
          "title": "",
          "container": "fullwidth",
          "size_of_columns": "1",
          "margins_for_columns": "none",
          "align_of_columns": "top_center",
          "disable_column_paddings": false,
          "precedence": "",
          "customization_class": ""
        }
      },
      "1591398885109": {
        "type": "spacer",
        "settings": {
          "margin_top": 60,
          "margin_bottom": 0,
          "margin_top_mobile": 10,
          "margin_bottom_mobile": 0,
          "container": "boxed",
          "show_separator": false
        }
      },
      "1591398911525": {
        "type": "home-builder",
        "blocks": {
          "1591401024280": {
            "type": "promobox",
            "settings": {
              "url": "\/collections\/stockholm-2-0\/products\/copy-of-helsinki?variant=28282003914845",
              "image": "shopify:\/\/shop_images\/04.jpg",
              "image_size": 1450,
              "image_mobile": "",
              "image_mobile_size": 550,
              "image_position_x": 50,
              "color_image_mask": "",
              "image_mask_opacity": 0.5,
              "text_line_1": "Copenhagen",
              "text_line_2": "Lorem ipsum dolor sit amet conse ctetur adipisicing elit, <br class=\"d-none d-sm-inline\">sed do eiusmod tempor incididunt",
              "text_line_3": "Text line #3",
              "style": "5",
              "button_1": "SHOP NOW",
              "button_1_url": "",
              "color_button_type_1": "default",
              "button_2": "Button #2 text",
              "button_2_url": "",
              "color_button_type_2": "default",
              "list_1": "",
              "custom_html": "",
              "video_external_url": "",
              "video_mp4_url": "",
              "video_autoplay": true,
              "video_controls": false,
              "type": "type-1-curtain",
              "content_position": "center",
              "content_align": "center",
              "content_width": 100,
              "height": "auto",
              "min_height": 0,
              "size_of_column": "7",
              "visible": "desktop_mobile",
              "parallax": "disable",
              "animation_to": "none",
              "animation_from": "none",
              "animation_opacity": "none",
              "animation_text": "none",
              "customization_class": ""
            }
          },
          "1591401063216": {
            "type": "promobox",
            "settings": {
              "url": "\/collections\/stockholm-2-0\/products\/copy-of-reykjavik?variant=28282009616477",
              "image": "shopify:\/\/shop_images\/05.jpg",
              "image_size": 1450,
              "image_mobile": "",
              "image_mobile_size": 550,
              "image_position_x": 50,
              "color_image_mask": "",
              "image_mask_opacity": 0.5,
              "text_line_1": "Oslo",
              "text_line_2": "Lorem ipsum dolor sit amet conse ctetur adipisicing elit, <br class=\"d-none d-sm-inline\">sed do eiusmod tempor incididunt",
              "text_line_3": "Text line #3",
              "style": "5",
              "button_1": "SHOP NOW",
              "button_1_url": "",
              "color_button_type_1": "default",
              "button_2": "Button #2 text",
              "button_2_url": "",
              "color_button_type_2": "default",
              "list_1": "",
              "custom_html": "",
              "video_external_url": "",
              "video_mp4_url": "",
              "video_autoplay": true,
              "video_controls": false,
              "type": "type-1-curtain",
              "content_position": "center",
              "content_align": "center",
              "content_width": 100,
              "height": "auto",
              "min_height": 0,
              "size_of_column": "5",
              "visible": "desktop_mobile",
              "parallax": "disable",
              "animation_to": "none",
              "animation_from": "none",
              "animation_opacity": "none",
              "animation_text": "none",
              "customization_class": ""
            }
          },
          "1591399009042": {
            "type": "promobox",
            "settings": {
              "url": "\/collections\/stockholm-2-0\/products\/helsinki?variant=28281986875485",
              "image": "shopify:\/\/shop_images\/06.jpg",
              "image_size": 1450,
              "image_mobile": "",
              "image_mobile_size": 550,
              "image_position_x": 50,
              "color_image_mask": "",
              "image_mask_opacity": 0.5,
              "text_line_1": "Stockholm",
              "text_line_2": "Lorem ipsum dolor sit amet conse ctetur adipisicing elit, <br class=\"d-none d-sm-inline\">sed do eiusmod tempor incididunt",
              "text_line_3": "Text line #3",
              "style": "5",
              "button_1": "SHOP NOW",
              "button_1_url": "",
              "color_button_type_1": "default",
              "button_2": "Button #2 text",
              "button_2_url": "",
              "color_button_type_2": "default",
              "list_1": "",
              "custom_html": "",
              "video_external_url": "",
              "video_mp4_url": "",
              "video_autoplay": true,
              "video_controls": false,
              "type": "type-1-curtain",
              "content_position": "center",
              "content_align": "center",
              "content_width": 100,
              "height": "auto",
              "min_height": 200,
              "size_of_column": "auto",
              "visible": "desktop_mobile",
              "parallax": "disable",
              "animation_to": "none",
              "animation_from": "none",
              "animation_opacity": "none",
              "animation_text": "none",
              "customization_class": ""
            }
          },
          "1591399017065": {
            "type": "promobox",
            "settings": {
              "url": "\/collections\/stockholm-2-0\/products\/copy-of-oslo?variant=28282007912541",
              "image": "shopify:\/\/shop_images\/08.jpg",
              "image_size": 1450,
              "image_mobile": "",
              "image_mobile_size": 550,
              "image_position_x": 50,
              "color_image_mask": "",
              "image_mask_opacity": 0.5,
              "text_line_1": "Reykjavik",
              "text_line_2": "Lorem ipsum dolor sit amet conse ctetur adipisicing elit, <br class=\"d-none d-sm-inline\">sed do eiusmod tempor incididunt",
              "text_line_3": "Text line #3",
              "style": "5",
              "button_1": "SHOP NOW",
              "button_1_url": "",
              "color_button_type_1": "default",
              "button_2": "Button #2 text",
              "button_2_url": "",
              "color_button_type_2": "default",
              "list_1": "",
              "custom_html": "",
              "video_external_url": "",
              "video_mp4_url": "",
              "video_autoplay": true,
              "video_controls": false,
              "type": "type-1-curtain",
              "content_position": "center",
              "content_align": "center",
              "content_width": 100,
              "height": "auto",
              "min_height": 0,
              "size_of_column": "5",
              "visible": "desktop_mobile",
              "parallax": "disable",
              "animation_to": "none",
              "animation_from": "none",
              "animation_opacity": "none",
              "animation_text": "none",
              "customization_class": ""
            }
          },
          "1591399019099": {
            "type": "promobox",
            "settings": {
              "url": "\/collections\/copenhagen-2-0\/products\/copenhagen?variant=28281932611677",
              "image": "shopify:\/\/shop_images\/07.jpg",
              "image_size": 1450,
              "image_mobile": "",
              "image_mobile_size": 550,
              "image_position_x": 50,
              "color_image_mask": "",
              "image_mask_opacity": 0.5,
              "text_line_1": "Final clearance",
              "text_line_2": "Lorem ipsum dolor sit amet conse ctetur adipisicing elit, <br class=\"d-none d-sm-inline\">sed do eiusmod tempor incididunt",
              "text_line_3": "Text line #3",
              "style": "5",
              "button_1": "SHOP NOW",
              "button_1_url": "",
              "color_button_type_1": "default",
              "button_2": "Button #2 text",
              "button_2_url": "",
              "color_button_type_2": "default",
              "list_1": "",
              "custom_html": "",
              "video_external_url": "",
              "video_mp4_url": "",
              "video_autoplay": true,
              "video_controls": false,
              "type": "type-1-curtain",
              "content_position": "center",
              "content_align": "center",
              "content_width": 100,
              "height": "auto",
              "min_height": 0,
              "size_of_column": "7",
              "visible": "desktop_mobile",
              "parallax": "disable",
              "animation_to": "none",
              "animation_from": "none",
              "animation_opacity": "none",
              "animation_text": "none",
              "customization_class": ""
            }
          }
        },
        "block_order": [
          "1591401024280",
          "1591401063216",
          "1591399009042",
          "1591399017065",
          "1591399019099"
        ],
        "settings": {
          "title": "",
          "container": "boxed",
          "size_of_columns": "1",
          "margins_for_columns": "preset_3",
          "align_of_columns": "top_center",
          "disable_column_paddings": false,
          "precedence": "",
          "customization_class": ""
        }
      },
      "1591399062402": {
        "type": "spacer",
        "settings": {
          "margin_top": 30,
          "margin_bottom": 0,
          "margin_top_mobile": 10,
          "margin_bottom_mobile": 0,
          "container": "boxed",
          "show_separator": false
        }
      },
      "1591399088880": {
        "type": "home-builder",
        "blocks": {
          "1591399097845": {
            "type": "promobox",
            "settings": {
              "url": "",
              "image": "shopify:\/\/shop_images\/09.jpg",
              "image_size": 1450,
              "image_mobile": "",
              "image_mobile_size": 550,
              "image_position_x": 50,
              "color_image_mask": "",
              "image_mask_opacity": 0.5,
              "text_line_1": "Text line #1",
              "text_line_2": "Text line #2",
              "text_line_3": "Text line #3",
              "style": "1",
              "button_1": "Button #1 text",
              "button_1_url": "",
              "color_button_type_1": "default",
              "button_2": "Button #2 text",
              "button_2_url": "",
              "color_button_type_2": "default",
              "list_1": "",
              "custom_html": "",
              "video_external_url": "",
              "video_mp4_url": "",
              "video_autoplay": true,
              "video_controls": false,
              "type": "clean",
              "content_position": "center",
              "content_align": "center",
              "content_width": 100,
              "height": "auto",
              "min_height": 0,
              "size_of_column": "auto",
              "visible": "desktop_mobile",
              "parallax": "disable",
              "animation_to": "none",
              "animation_from": "none",
              "animation_opacity": "none",
              "animation_text": "none",
              "customization_class": ""
            }
          },
          "1591399100228": {
            "type": "promobox",
            "settings": {
              "url": "",
              "image": "",
              "image_size": 1450,
              "image_mobile": "",
              "image_mobile_size": 550,
              "image_position_x": 50,
              "color_image_mask": "",
              "image_mask_opacity": 0.5,
              "text_line_1": "Portable wireless Wifi bluetooth loudspeakers",
              "text_line_2": "Sed do eiusmod tempor incididunt ut labore et dolore magna aliqua. Ut enim ad minim veniam, quis nostrud exercitation ullamco laboris nisi ut aliquip ex ea commodo consequat. Duis aute irure dolor in reprehenderit.",
              "text_line_3": "Labore et dolore magna aliqua. Ut enim ad minim veniam, quis nostrud exercitation ullamco laboris nisi ut aliquip ex ea commodo consequat.",
              "style": "5",
              "button_1": "",
              "button_1_url": "",
              "color_button_type_1": "default",
              "button_2": "Button #2 text",
              "button_2_url": "",
              "color_button_type_2": "default",
              "list_1": "",
              "custom_html": "",
              "video_external_url": "",
              "video_mp4_url": "",
              "video_autoplay": true,
              "video_controls": false,
              "type": "text-5",
              "content_position": "center",
              "content_align": "center",
              "content_width": 100,
              "height": "auto",
              "min_height": 0,
              "size_of_column": "auto",
              "visible": "desktop_mobile",
              "parallax": "disable",
              "animation_to": "none",
              "animation_from": "none",
              "animation_opacity": "none",
              "animation_text": "none",
              "customization_class": "promobox--modification-1 py-40"
            }
          }
        },
        "block_order": [
          "1591399097845",
          "1591399100228"
        ],
        "settings": {
          "title": "",
          "container": "fullwidth",
          "size_of_columns": "2",
          "margins_for_columns": "none",
          "align_of_columns": "center",
          "disable_column_paddings": true,
          "precedence": "",
          "customization_class": "builder---modification-1"
        }
      },
      "1591399185796": {
        "type": "spacer",
        "settings": {
          "margin_top": 60,
          "margin_bottom": 0,
          "margin_top_mobile": 0,
          "margin_bottom_mobile": 0,
          "container": "boxed",
          "show_separator": false
        }
      },
      "1591399204064": {
        "type": "spacer",
        "settings": {
          "margin_top": 60,
          "margin_bottom": 0,
          "margin_top_mobile": 30,
          "margin_bottom_mobile": 0,
          "container": "boxed",
          "show_separator": false
        }
      },
      "1591399209029": {
        "type": "carousel-products",
        "blocks": {
          "1591399216996": {
            "type": "collection",
            "settings": {
              "title": "<span class=\"h3\">The speaker collections<\/span>",
              "collection": "copenhagen-2-0"
            }
          }
        },
        "block_order": [
          "1591399216996"
        ],
        "settings": {
          "show_title": true,
          "container": "fullwidth",
          "size_of_columns": "4",
          "max_count": 6,
          "autoplay": true,
          "speed": 5,
          "infinite": true,
          "arrows": true,
          "bullets": true
        }
      },
      "1591399249563": {
        "type": "home-builder",
        "blocks": {
          "1591399265556": {
            "type": "promobox",
            "settings": {
              "url": "",
              "image": "",
              "image_size": 1450,
              "image_mobile": "",
              "image_mobile_size": 550,
              "image_position_x": 50,
              "color_image_mask": "",
              "image_mask_opacity": 0.5,
              "text_line_1": "Our products are for anyone who values exclusive design just as much as great sound",
              "text_line_2": "Sed do eiusmod tempor incididunt ut labore et dolore magna aliqua. Ut enim ad minim veniam, quis nostrud exercitation ullamco laboris nisi ut aliquip ex ea commodo consequat. Duis aute irure dolor in reprehenderit.",
              "text_line_3": "Labore et dolore magna aliqua. Ut enim ad minim veniam, quis nostrud exercitation ullamco laboris nisi ut aliquip ex ea commodo consequat.",
              "style": "4",
              "button_1": "",
              "button_1_url": "",
              "color_button_type_1": "default",
              "button_2": "Button #2 text",
              "button_2_url": "",
              "color_button_type_2": "default",
              "list_1": "",
              "custom_html": "",
              "video_external_url": "",
              "video_mp4_url": "",
              "video_autoplay": true,
              "video_controls": false,
              "type": "text-5",
              "content_position": "center",
              "content_align": "center",
              "content_width": 100,
              "height": "auto",
              "min_height": 0,
              "size_of_column": "auto",
              "visible": "desktop_mobile",
              "parallax": "disable",
              "animation_to": "none",
              "animation_from": "none",
              "animation_opacity": "none",
              "animation_text": "none",
              "customization_class": "promobox--modification-1 py-40"
            }
          },
          "1591399267731": {
            "type": "promobox",
            "settings": {
              "url": "",
              "image": "shopify:\/\/shop_images\/10.jpg",
              "image_size": 1450,
              "image_mobile": "",
              "image_mobile_size": 550,
              "image_position_x": 50,
              "color_image_mask": "",
              "image_mask_opacity": 0.5,
              "text_line_1": "Text line #1",
              "text_line_2": "Text line #2",
              "text_line_3": "Text line #3",
              "style": "1",
              "button_1": "Button #1 text",
              "button_1_url": "",
              "color_button_type_1": "default",
              "button_2": "Button #2 text",
              "button_2_url": "",
              "color_button_type_2": "default",
              "list_1": "",
              "custom_html": "",
              "video_external_url": "",
              "video_mp4_url": "",
              "video_autoplay": true,
              "video_controls": false,
              "type": "clean",
              "content_position": "center",
              "content_align": "center",
              "content_width": 100,
              "height": "auto",
              "min_height": 0,
              "size_of_column": "auto",
              "visible": "desktop_mobile",
              "parallax": "disable",
              "animation_to": "none",
              "animation_from": "none",
              "animation_opacity": "none",
              "animation_text": "none",
              "customization_class": ""
            }
          }
        },
        "block_order": [
          "1591399265556",
          "1591399267731"
        ],
        "settings": {
          "title": "",
          "container": "fullwidth",
          "size_of_columns": "2",
          "margins_for_columns": "none",
          "align_of_columns": "center",
          "disable_column_paddings": true,
          "precedence": "",
          "customization_class": ""
        }
      },
      "1591399309450": {
        "type": "home-builder",
        "blocks": {
          "1591399325789": {
            "type": "promobox",
            "settings": {
              "url": "shopify:\/\/collections",
              "image": "shopify:\/\/shop_images\/Rectangle.jpg",
              "image_size": 1450,
              "image_mobile": "",
              "image_mobile_size": 550,
              "image_position_x": 50,
              "color_image_mask": "",
              "image_mask_opacity": 0.5,
              "text_line_1": "Text line #1",
              "text_line_2": "Text line #2",
              "text_line_3": "Text line #3",
              "style": "1",
              "button_1": "Button #1 text",
              "button_1_url": "",
              "color_button_type_1": "default",
              "button_2": "Button #2 text",
              "button_2_url": "",
              "color_button_type_2": "default",
              "list_1": "",
              "custom_html": "",
              "video_external_url": "",
              "video_mp4_url": "",
              "video_autoplay": true,
              "video_controls": false,
              "type": "clean",
              "content_position": "center",
              "content_align": "center",
              "content_width": 100,
              "height": "auto",
              "min_height": 0,
              "size_of_column": "auto",
              "visible": "desktop_mobile",
              "parallax": "disable",
              "animation_to": "none",
              "animation_from": "none",
              "animation_opacity": "hover",
              "animation_text": "none",
              "customization_class": ""
            }
          },
          "1591399327956": {
            "type": "promobox",
            "settings": {
              "url": "shopify:\/\/collections\/copenhagen-2-0",
              "image": "shopify:\/\/shop_images\/Rectangle-1.jpg",
              "image_size": 1450,
              "image_mobile": "",
              "image_mobile_size": 550,
              "image_position_x": 50,
              "color_image_mask": "",
              "image_mask_opacity": 0.5,
              "text_line_1": "Text line #1",
              "text_line_2": "Text line #2",
              "text_line_3": "Text line #3",
              "style": "1",
              "button_1": "Button #1 text",
              "button_1_url": "",
              "color_button_type_1": "default",
              "button_2": "Button #2 text",
              "button_2_url": "",
              "color_button_type_2": "default",
              "list_1": "",
              "custom_html": "",
              "video_external_url": "",
              "video_mp4_url": "",
              "video_autoplay": true,
              "video_controls": false,
              "type": "clean",
              "content_position": "center",
              "content_align": "center",
              "content_width": 100,
              "height": "auto",
              "min_height": 0,
              "size_of_column": "auto",
              "visible": "desktop_mobile",
              "parallax": "disable",
              "animation_to": "none",
              "animation_from": "none",
              "animation_opacity": "hover",
              "animation_text": "none",
              "customization_class": ""
            }
          },
          "1591399330189": {
            "type": "promobox",
            "settings": {
              "url": "shopify:\/\/collections\/gadgets",
              "image": "shopify:\/\/shop_images\/Rectangle-2.jpg",
              "image_size": 1450,
              "image_mobile": "",
              "image_mobile_size": 550,
              "image_position_x": 50,
              "color_image_mask": "",
              "image_mask_opacity": 0.5,
              "text_line_1": "Text line #1",
              "text_line_2": "Text line #2",
              "text_line_3": "Text line #3",
              "style": "1",
              "button_1": "Button #1 text",
              "button_1_url": "",
              "color_button_type_1": "default",
              "button_2": "Button #2 text",
              "button_2_url": "",
              "color_button_type_2": "default",
              "list_1": "",
              "custom_html": "",
              "video_external_url": "",
              "video_mp4_url": "",
              "video_autoplay": true,
              "video_controls": false,
              "type": "clean",
              "content_position": "center",
              "content_align": "center",
              "content_width": 100,
              "height": "auto",
              "min_height": 0,
              "size_of_column": "auto",
              "visible": "desktop_mobile",
              "parallax": "disable",
              "animation_to": "none",
              "animation_from": "none",
              "animation_opacity": "hover",
              "animation_text": "none",
              "customization_class": ""
            }
          },
          "1591399332445": {
            "type": "promobox",
            "settings": {
              "url": "shopify:\/\/collections\/helsinki",
              "image": "shopify:\/\/shop_images\/Rectangle-3.jpg",
              "image_size": 1450,
              "image_mobile": "",
              "image_mobile_size": 550,
              "image_position_x": 50,
              "color_image_mask": "",
              "image_mask_opacity": 0.5,
              "text_line_1": "Text line #1",
              "text_line_2": "Text line #2",
              "text_line_3": "Text line #3",
              "style": "1",
              "button_1": "Button #1 text",
              "button_1_url": "",
              "color_button_type_1": "default",
              "button_2": "Button #2 text",
              "button_2_url": "",
              "color_button_type_2": "default",
              "list_1": "",
              "custom_html": "",
              "video_external_url": "",
              "video_mp4_url": "",
              "video_autoplay": true,
              "video_controls": false,
              "type": "clean",
              "content_position": "center",
              "content_align": "center",
              "content_width": 100,
              "height": "auto",
              "min_height": 0,
              "size_of_column": "auto",
              "visible": "desktop_mobile",
              "parallax": "disable",
              "animation_to": "none",
              "animation_from": "none",
              "animation_opacity": "hover",
              "animation_text": "none",
              "customization_class": ""
            }
          },
          "1591399334558": {
            "type": "promobox",
            "settings": {
              "url": "shopify:\/\/collections\/frontpage",
              "image": "shopify:\/\/shop_images\/Rectangle-4.jpg",
              "image_size": 1450,
              "image_mobile": "",
              "image_mobile_size": 550,
              "image_position_x": 50,
              "color_image_mask": "",
              "image_mask_opacity": 0.5,
              "text_line_1": "Text line #1",
              "text_line_2": "Text line #2",
              "text_line_3": "Text line #3",
              "style": "1",
              "button_1": "Button #1 text",
              "button_1_url": "",
              "color_button_type_1": "default",
              "button_2": "Button #2 text",
              "button_2_url": "",
              "color_button_type_2": "default",
              "list_1": "",
              "custom_html": "",
              "video_external_url": "",
              "video_mp4_url": "",
              "video_autoplay": true,
              "video_controls": false,
              "type": "clean",
              "content_position": "center",
              "content_align": "center",
              "content_width": 100,
              "height": "auto",
              "min_height": 0,
              "size_of_column": "auto",
              "visible": "desktop_mobile",
              "parallax": "disable",
              "animation_to": "none",
              "animation_from": "none",
              "animation_opacity": "hover",
              "animation_text": "none",
              "customization_class": ""
            }
          },
          "1591399336669": {
            "type": "promobox",
            "settings": {
              "url": "shopify:\/\/collections\/oslo",
              "image": "shopify:\/\/shop_images\/Rectangle-5.jpg",
              "image_size": 1450,
              "image_mobile": "",
              "image_mobile_size": 550,
              "image_position_x": 50,
              "color_image_mask": "",
              "image_mask_opacity": 0.5,
              "text_line_1": "Text line #1",
              "text_line_2": "Text line #2",
              "text_line_3": "Text line #3",
              "style": "1",
              "button_1": "Button #1 text",
              "button_1_url": "",
              "color_button_type_1": "default",
              "button_2": "Button #2 text",
              "button_2_url": "",
              "color_button_type_2": "default",
              "list_1": "",
              "custom_html": "",
              "video_external_url": "",
              "video_mp4_url": "",
              "video_autoplay": true,
              "video_controls": false,
              "type": "clean",
              "content_position": "center",
              "content_align": "center",
              "content_width": 100,
              "height": "auto",
              "min_height": 0,
              "size_of_column": "auto",
              "visible": "desktop_mobile",
              "parallax": "disable",
              "animation_to": "none",
              "animation_from": "none",
              "animation_opacity": "hover",
              "animation_text": "none",
              "customization_class": ""
            }
          },
          "1591399507659": {
            "type": "promobox",
            "settings": {
              "url": "shopify:\/\/collections\/reykjavik",
              "image": "shopify:\/\/shop_images\/Rectangle-6.jpg",
              "image_size": 1450,
              "image_mobile": "",
              "image_mobile_size": 550,
              "image_position_x": 50,
              "color_image_mask": "",
              "image_mask_opacity": 0.5,
              "text_line_1": "Text line #1",
              "text_line_2": "Text line #2",
              "text_line_3": "Text line #3",
              "style": "1",
              "button_1": "Button #1 text",
              "button_1_url": "",
              "color_button_type_1": "default",
              "button_2": "Button #2 text",
              "button_2_url": "",
              "color_button_type_2": "default",
              "list_1": "",
              "custom_html": "",
              "video_external_url": "",
              "video_mp4_url": "",
              "video_autoplay": true,
              "video_controls": false,
              "type": "clean",
              "content_position": "center",
              "content_align": "center",
              "content_width": 100,
              "height": "auto",
              "min_height": 0,
              "size_of_column": "auto",
              "visible": "desktop_mobile",
              "parallax": "disable",
              "animation_to": "none",
              "animation_from": "none",
              "animation_opacity": "hover",
              "animation_text": "none",
              "customization_class": ""
            }
          },
          "1591399510152": {
            "type": "promobox",
            "settings": {
              "url": "shopify:\/\/collections\/stockholm-2-0",
              "image": "shopify:\/\/shop_images\/Rectangle-7.jpg",
              "image_size": 1450,
              "image_mobile": "",
              "image_mobile_size": 550,
              "image_position_x": 50,
              "color_image_mask": "",
              "image_mask_opacity": 0.5,
              "text_line_1": "Text line #1",
              "text_line_2": "Text line #2",
              "text_line_3": "Text line #3",
              "style": "1",
              "button_1": "Button #1 text",
              "button_1_url": "",
              "color_button_type_1": "default",
              "button_2": "Button #2 text",
              "button_2_url": "",
              "color_button_type_2": "default",
              "list_1": "",
              "custom_html": "",
              "video_external_url": "",
              "video_mp4_url": "",
              "video_autoplay": true,
              "video_controls": false,
              "type": "clean",
              "content_position": "center",
              "content_align": "center",
              "content_width": 100,
              "height": "auto",
              "min_height": 0,
              "size_of_column": "auto",
              "visible": "desktop_mobile",
              "parallax": "disable",
              "animation_to": "none",
              "animation_from": "none",
              "animation_opacity": "hover",
              "animation_text": "none",
              "customization_class": ""
            }
          }
        },
        "block_order": [
          "1591399325789",
          "1591399327956",
          "1591399330189",
          "1591399332445",
          "1591399334558",
          "1591399336669",
          "1591399507659",
          "1591399510152"
        ],
        "settings": {
          "title": "",
          "container": "fullwidth",
          "size_of_columns": "4",
          "margins_for_columns": "none",
          "align_of_columns": "top_center",
          "disable_column_paddings": true,
          "precedence": "",
          "customization_class": ""
        }
      },
      "product": {
        "type": "product",
        "settings": {
          "show_tabs": true,
          "show_tab_description": true,
          "show_tab_reviews": true
        }
      },
      "carousel-related-products": {
        "type": "carousel-related-products",
        "settings": {
          "type": "related",
          "title": "Related Products",
          "size_of_columns": "4",
          "max_count": 6,
          "autoplay": true,
          "speed": 5,
          "infinite": true,
          "arrows": true,
          "bullets": true
        }
      },
      "product-fixed-sizebar": {
        "type": "product-fixed-sizebar",
        "settings": {
        }
      },
      "collection-head": {
        "type": "collection-head",
        "settings": {
          "default_desktop_title": "title",
          "default_mobile_title": "title",
          "margins_for_columns": "none"
        }
      },
      "collection-sidebar": {
        "type": "collection-sidebar",
        "blocks": {
          "collection-sidebar-0": {
            "type": "current_filters",
            "settings": {
              "title": "CURRENT FILTERS",
              "default_state": "close",
              "show_border": true
            }
          },
          "collection-sidebar-1": {
            "type": "collections",
            "settings": {
              "title": "COLLECTION",
              "default_state": "open",
              "show_border": true,
              "menu": "",
              "collection_tags_select": "radio"
            }
          },
          "collection-sidebar-2": {
            "type": "filters",
            "settings": {
              "title": "FILTERS",
              "default_state": "open",
              "show_border": true,
              "type": "tags",
              "items": "",
              "show_all_from_collection": false,
              "direction": "columns",
              "max_column_size": 0,
              "columns": "2",
              "for_collections": ""
            }
          }
        },
        "block_order": [
          "collection-sidebar-0",
          "collection-sidebar-1",
          "collection-sidebar-2"
        ],
        "settings": {
          "hide_blocks_without_filters": false
        }
      },
      "collection-body": {
        "type": "collection-body",
        "settings": {
          "show_sort_by": true,
          "show_info": true,
          "show_view_length": true,
          "enable_view_length_6": true,
          "enable_view_length_12": true,
          "enable_view_length_18": true,
          "enable_view_length_24": true,
          "enable_view_length_48": false,
          "default_view_length": "12",
          "show_view_grid": true,
          "show_view_grid_1": true,
          "show_view_grid_2": true,
          "show_view_grid_3": true,
          "show_view_grid_4": true,
          "show_view_grid_list": true,
          "default_view_grid_xl": "2",
          "default_view_grid_lg": "2",
          "default_view_grid_md": "2",
          "default_view_grid_sm": "2",
          "default_view_grid_xs": "1",
          "enable_grid_tooltip": true
        }
      },
      "list-collections": {
        "type": "list-collections",
        "settings": {
          "size_of_columns": "3",
          "type": "list-collections-1",
          "masonry_enable": false,
          "height": "auto",
          "image_size": 900,
          "format_pjpg": true,
          "animation_to": "none",
          "animation_from": "none",
          "animation_opacity": "none"
        }
      },
      "blog-body": {
        "type": "blog-body",
        "settings": {
          "show_title": false,
          "type": "1",
          "masonry_enable": true,
          "max_posts": 12,
          "show_image": true,
          "show_information": true,
          "show_tags": true,
          "show_content": true,
          "show_button": true,
          "show_comments": true,
          "show_empty_comments": true,
          "max_post_content_length": 100
        }
      },
      "article-body": {
        "type": "article-body",
        "settings": {
          "show_information": true,
          "show_image": true,
          "show_content": true,
          "show_tags": true,
          "show_navigation": true,
          "show_comments": true,
          "autoplay": true,
          "speed": 5,
          "infinite": true
        }
      },
      "faqs": {
        "type": "faqs",
        "blocks": {
          "1591829678497": {
            "type": "section",
            "settings": {
              "question": "WHAT ARE SHIPPING TIMES AND COSTS?",
              "page_content": "",
              "answer": "",
              "is_open": true
            }
          },
          "1591829679889": {
            "type": "section",
            "settings": {
              "question": "WHAT PAYMENT METHODS CAN I USE?",
              "page_content": "",
              "answer": "",
              "is_open": true
            }
          },
          "1591829681004": {
            "type": "section",
            "settings": {
              "question": "WHAT IS YOUR EXCHANGES, RETURNS AND REFUNDS POLICY?",
              "page_content": "",
              "answer": "",
              "is_open": true
            }
          }
        },
        "block_order": [
          "1591829678497",
          "1591829679889",
          "1591829681004"
        ],
        "settings": {
        }
      },
      "gallery": {
        "type": "gallery",
        "blocks": {
          "1538750989796": {
            "type": "item",
            "settings": {
              "page_name": "",
              "grid": 4,
              "image": "shopify:\/\/shop_images\/Rectangle-1_454099c5-6098-43d6-ba22-b63e4d6f0cd6.jpg",
              "image_size": 500,
              "text_line_01": "FASHION",
              "text_line_02": "Lorem ipsum dolor sit amet"
            }
          },
          "1538751247440": {
            "type": "item",
            "settings": {
              "page_name": "",
              "grid": 4,
              "image": "shopify:\/\/shop_images\/Rectangle-2_9b0387f3-51be-4c3f-b186-bbcebae1c003.jpg",
              "image_size": 500,
              "text_line_01": "TEXT LINE #1",
              "text_line_02": "Text line #2"
            }
          },
          "1538751255150": {
            "type": "item",
            "settings": {
              "page_name": "",
              "grid": 4,
              "image": "shopify:\/\/shop_images\/Rectangle-3_5cdf1408-9c08-469b-8c95-b49e3bd0f387.jpg",
              "image_size": 500,
              "text_line_01": "VINTAGE",
              "text_line_02": "Lorem ipsum dolor sit amet"
            }
          },
          "1538751296926": {
            "type": "item",
            "settings": {
              "page_name": "",
              "grid": 4,
              "image": "shopify:\/\/shop_images\/Rectangle-4_ddd9ccb0-d421-4a8a-9d22-4d608e1c450d.jpg",
              "image_size": 500,
              "text_line_01": "SUMMER",
              "text_line_02": "Lorem ipsum dolor sit amet"
            }
          },
          "1538751341984": {
            "type": "item",
            "settings": {
              "page_name": "",
              "grid": 4,
              "image": "shopify:\/\/shop_images\/Rectangle-5_d26285c6-6b60-4ec2-8c28-1f3987f75662.jpg",
              "image_size": 500,
              "text_line_01": "BEACHWEAR",
              "text_line_02": "Lorem ipsum dolor sit amet"
            }
          },
          "1538751381554": {
            "type": "item",
            "settings": {
              "page_name": "",
              "grid": 4,
              "image": "shopify:\/\/shop_images\/Rectangle-6_f99eccc9-2338-4a2e-ace4-cd663e0e5d89.jpg",
              "image_size": 500,
              "text_line_01": "SUNGLASSES",
              "text_line_02": "Lorem ipsum dolor sit amet"
            }
          },
          "1538751390330": {
            "type": "item",
            "settings": {
              "page_name": "",
              "grid": 4,
              "image": "shopify:\/\/shop_images\/Rectangle-7_9ec95f6e-c2b1-4876-95c2-672010ce7d18.jpg",
              "image_size": 500,
              "text_line_01": "WINTER",
              "text_line_02": "Lorem ipsum dolor sit amet"
            }
          },
          "1538751410356": {
            "type": "item",
            "settings": {
              "page_name": "",
              "grid": 4,
              "image": "shopify:\/\/shop_images\/Rectangle-10.jpg",
              "image_size": 500,
              "text_line_01": "SHORTS",
              "text_line_02": "Lorem ipsum dolor sit amet"
            }
          },
          "1538751452219": {
            "type": "item",
            "settings": {
              "page_name": "",
              "grid": 4,
              "image": "shopify:\/\/shop_images\/Rectangle-11.jpg",
              "image_size": 500,
              "text_line_01": "ACCESSORIES",
              "text_line_02": "Lorem ipsum dolor sit amet"
            }
          }
        },
        "block_order": [
          "1538750989796",
          "1538751247440",
          "1538751255150",
          "1538751296926",
          "1538751341984",
          "1538751381554",
          "1538751390330",
          "1538751410356",
          "1538751452219"
        ],
        "settings": {
          "container": "inherit",
          "masonry_enable": false
        }
      }
    },
    "content_for_index": [
      "1591398837353",
      "1591398885109",
      "1591398911525",
      "1591399062402",
      "1591399088880",
      "1591399185796",
      "1591399209029",
      "1591399204064",
      "1591399249563",
      "1591399309450"
    ]
  }
}