{"blogs":[{"id":47421882445,"handle":"article","title":"Article","updated_at":"2019-07-17T11:39:37-04:00","commentable":"no","feedburner":null,"feedburner_location":null,"created_at":"2019-07-17T11:39:37-04:00","template_suffix":null,"tags":"","admin_graphql_api_id":"gid:\/\/shopify\/OnlineStoreBlog\/47421882445"},{"id":47421915213,"handle":"blog","title":"Blog","updated_at":"2019-07-17T11:39:44-04:00","commentable":"no","feedburner":null,"feedburner_location":null,"created_at":"2019-07-17T11:39:37-04:00","template_suffix":null,"tags":"Vintage","admin_graphql_api_id":"gid:\/\/shopify\/OnlineStoreBlog\/47421915213"},{"id":47421947981,"handle":"masonry","title":"Masonry","updated_at":"2019-07-17T11:39:57-04:00","commentable":"moderate","feedburner":null,"feedburner_location":null,"created_at":"2019-07-17T11:39:44-04:00","template_suffix":null,"tags":"Beachwear, Winter, Sunglasses","admin_graphql_api_id":"gid:\/\/shopify\/OnlineStoreBlog\/47421947981"},{"id":47421390925,"handle":"news","title":"News","updated_at":"2019-10-04T10:21:26-04:00","commentable":"no","feedburner":null,"feedburner_location":null,"created_at":"2019-07-17T11:20:01-04:00","template_suffix":null,"tags":"Summer, Awesome, Nice, Cool","admin_graphql_api_id":"gid:\/\/shopify\/OnlineStoreBlog\/47421390925"}]}