{
  "current": {
    "purchase_code": "",
    "presentation_enable": true,
    "logo_types": "svg",
    "logo_svg_file": "svg-logo",
    "logo_image": "",
    "logo_width": 64,
    "logo_mobile_svg_file": "svg-logo-mobile",
    "logo_mobile_image": "",
    "logo_mobile_width": 34,
    "logo_sticky_svg_file": "svg-logo-sticky",
    "logo_sticky_image": "",
    "logo_sticky_width": 34,
    "logo_footer_svg_file": "",
    "logo_footer_image": "",
    "logo_footer_width": 64,
    "logo_footer_mobile_svg_file": "",
    "logo_footer_mobile_image": "",
    "logo_footer_mobile_width": 64,
    "favicon": "shopify:\/\/shop_images\/favicon_657bfd7d-b02c-4273-8663-a80b81be084b.png",
    "layout_container": "fullwidth",
    "layout_show_breadcrumbs": true,
    "layout_pagination_type": "button_load_more",
    "layout_enable_rtl": false,
    "layout_images_lazyload": true,
    "layout_settings_file": "default",
    "color_skin": "default",
    "color_theme": "",
    "color_theme2": "",
    "color_theme3": "",
    "color_theme4": "",
    "color_theme5": "",
    "color_theme6": "",
    "color_theme7": "",
    "color_theme8": "",
    "color_theme9": "",
    "color_theme10": "",
    "color_theme11": "",
    "color_theme_primary": "",
    "color_theme_body": "",
    "color_theme_c": "",
    "color_theme_paragraph_c": "",
    "color_theme_head_c": "",
    "color_theme_link_c": "",
    "color_theme_link_act_c": "",
    "typography_skin": "default",
    "font_base": "basic_commercial_n4",
    "font_base_apply_to_all": true,
    "font_base_type": "none",
    "font_size_body": 13,
    "font_heading": "basic_commercial_n4",
    "font_heading_type": "none",
    "font_size_h1": 44,
    "font_size_h2": 32,
    "font_size_h3": 24,
    "font_size_h4": 18,
    "font_size_h5": 15,
    "font_size_h6": 13,
    "font_button": "basic_commercial_n4",
    "font_size_button": 13,
    "font_size_input": 13,
    "font_menu": "basic_commercial_n4",
    "font_size_menu": 13,
    "font_size_menu_list": 13,
    "font_size_menu_title": 15,
    "font_size_menu_mobile": 15,
    "font_load_alternative": false,
    "font_alternative": "basic_commercial_n4",
    "font_alternative_type": "none",
    "collection_show_sidebar": "desktop_and_mobile",
    "collection_sidebar_position": "left",
    "collection_enable_sticky": true,
    "collection_tag_filters_logic": "or",
    "collection_only_available": false,
    "collection_enable_fullwidth_head_section": false,
    "collection_enable_product_carousel_section": false,
    "collection_builder_mode": "",
    "product_format_pjpg": true,
    "product_show_review_loading": false,
    "product_button_addtocart_size": "default",
    "product_cursor": "",
    "product_show_custom_options": true,
    "product_enable_variants_section": false,
    "product_hide_options_without_availability_variants": true,
    "product_variant_auto_select": "enable",
    "product_auto_selected_options": "",
    "product_variant_change_on_hover": false,
    "product_options_listing_visibility": "all",
    "product_options_type_circle_color": "Circle image|Color|Colour",
    "product_options_type_circle_image": "",
    "product_options_type_square_color": "",
    "product_options_type_square_image": "",
    "product_options_type_select": "",
    "product_options_type_large_text": "",
    "product_collection_image_height_percent": 128,
    "product_collection_image_size": "contain",
    "product_collection_image_border_radius": 0,
    "product_replace_images_hover": true,
    "product_collection_show_label_in_stock": false,
    "product_collection_show_label_out_stock": true,
    "product_collection_show_label_sale": true,
    "product_collection_show_label_new": true,
    "product_collection_show_label_hot": true,
    "product_collection_centered_info": true,
    "product_collection_more_info_type": "vendor",
    "product_collection_show_title": true,
    "product_collection_show_price": true,
    "product_collection_show_button_quick_view": true,
    "product_collection_show_countdown": true,
    "product_collection_show_images_navigation": true,
    "product_collection_show_options": true,
    "product_collection_show_quantity": false,
    "product_collection_show_button_add_to_cart": true,
    "product_collection_show_button_add_to_wishlist": true,
    "product_collection_show_button_add_to_compare": true,
    "product_collection_show_reviews": true,
    "product_collection_hide_reviews_counter": false,
    "product_collection_hide_reviews_mobile_counter": false,
    "product_collection_hide_empty_reviews": true,
    "product_collection_show_sku": true,
    "product_collection_show_barcode": false,
    "product_collection_show_availability": true,
    "product_collection_show_type": true,
    "product_collection_show_vendor": true,
    "product_collection_show_description": true,
    "product_info_layout": "2",
    "product_info_show_arrows": true,
    "product_info_show_btn_fullscreen": true,
    "product_info_show_btn_video": true,
    "product_info_video_autoplay": true,
    "product_info_enable_zoom": true,
    "product_info_gallery_height_percent": 128,
    "product_info_show_label_in_stock": true,
    "product_info_show_label_out_stock": true,
    "product_info_show_label_sale": true,
    "product_info_show_label_new": true,
    "product_info_show_label_hot": true,
    "product_info_show_collections": false,
    "product_info_show_title": true,
    "product_info_show_price": true,
    "product_info_show_sale_details": true,
    "product_info_show_taxes": false,
    "product_info_show_sku": true,
    "product_info_show_barcode": false,
    "product_info_show_availability": false,
    "product_info_show_type": false,
    "product_info_show_vendor": true,
    "product_info_show_reviews": true,
    "product_info_hide_reviews_counter": false,
    "product_info_hide_empty_reviews": true,
    "product_info_show_countdown": true,
    "product_info_show_options": true,
    "product_info_show_quantity": true,
    "product_info_show_notes": false,
    "product_info_show_size_guide": true,
    "product_info_size_guide_page_content": "",
    "product_info_show_delivery_return": true,
    "product_info_delivery_return_page_content": "",
    "product_info_button_layout": "1",
    "product_info_show_button_add_to_cart": true,
    "product_info_show_button_add_to_wishlist": true,
    "product_info_show_button_add_to_compare": true,
    "product_info_show_payments": false,
    "product_info_payments_type": "dark",
    "product_info_show_social_share_buttons": true,
    "product_info_social_share_buttons_type": "4",
    "product_info_page_enable_sticky_gallery": true,
    "product_info_page_show_button_dynamic_checkout": false,
    "product_info_page_show_dynamic_checkout_confirmation": true,
    "product_info_page_styled_dynamic_checkout": true,
    "product_info_page_show_related_products": true,
    "product_info_page_show_usage_info_sidebar": true,
    "product_info_page_sidebar": "off",
    "product_info_page_enable_sticky_sidebar": true,
    "product_footbar_enable": true,
    "product_footbar_show_title": true,
    "product_footbar_show_price": true,
    "product_footbar_show_reviews": true,
    "product_footbar_show_options": true,
    "product_footbar_show_quantity": true,
    "product_footbar_show_button_add_to_cart": true,
    "product_info_quick_show_full_details": true,
    "product_info_show_stock_countdown": false,
    "product_info_show_stock_countdown_range": true,
    "product_stock_countdown_min": 10,
    "product_info_show_text_countdown": false,
    "product_text_countdown_reset_time": 2,
    "product_text_countdown_delivery_time": 3,
    "product_text_countdown_delivery_format": "Day DD\/MM\/YYYY",
    "product_text_countdown_delivery_excludes": "Saturday, Sunday",
    "product_info_show_visitors": false,
    "product_visitors_min": 10,
    "product_visitors_max": 25,
    "product_visitors_stroke": 4,
    "product_visitors_interval_min": 2,
    "product_visitors_interval_max": 6,
    "search_show": true,
    "search_show_only_products": false,
    "search_ajax": true,
    "price_show_sale_separator": false,
    "show_multiple_currencies": true,
    "currency_format": "money_with_currency_format",
    "supported_currencies": "USD EUR GBP",
    "supported_currencies_short_names": "US($)|UE(€)|BP(£)",
    "supported_currencies_full_names": "USD - US Dollar|EUR - Euro|GBP - British Pound",
    "default_currency": "USD",
    "cart_show_header_button": true,
    "cart_popup_enable": true,
    "cart_ajax": true,
    "cart_icon": "",
    "cart_show_vendor": false,
    "cart_show_notes": true,
    "cart_show_free_shipping": false,
    "cart_free_shipping_value": "20000",
    "shipping_calculator": "Enabled",
    "shipping_calculator_default_country": "United States",
    "wishlist_enable": true,
    "compare_enable": true,
    "compare_show_description": true,
    "compare_show_collection": true,
    "compare_show_availability": true,
    "compare_show_product_type": true,
    "compare_show_vendor": true,
    "compare_show_sku": true,
    "compare_show_barcode": true,
    "compare_show_options": true,
    "compare_description_max_size": 100,
    "payment_footer_sequence": "1,2,3,4,5,6,7,8,9",
    "payment_product_sequence": "10,11,12,1,2,3,4,5,6,7,8,9",
    "payment_icon_1_show": true,
    "payment_icon_1_code": "",
    "payment_icon_1_image": "",
    "payment_icon_1_url": "",
    "payment_icon_1_tooltip": "",
    "payment_icon_2_show": true,
    "payment_icon_2_code": "",
    "payment_icon_2_image": "",
    "payment_icon_2_url": "",
    "payment_icon_2_tooltip": "",
    "payment_icon_3_show": true,
    "payment_icon_3_code": "",
    "payment_icon_3_image": "",
    "payment_icon_3_url": "",
    "payment_icon_3_tooltip": "",
    "payment_icon_4_show": true,
    "payment_icon_4_code": "",
    "payment_icon_4_image": "",
    "payment_icon_4_url": "",
    "payment_icon_4_tooltip": "",
    "payment_icon_5_show": true,
    "payment_icon_5_code": "",
    "payment_icon_5_image": "",
    "payment_icon_5_url": "",
    "payment_icon_5_tooltip": "",
    "payment_icon_6_show": true,
    "payment_icon_6_code": "",
    "payment_icon_6_image": "",
    "payment_icon_6_url": "",
    "payment_icon_6_tooltip": "",
    "payment_icon_7_show": true,
    "payment_icon_7_code": "",
    "payment_icon_7_image": "",
    "payment_icon_7_url": "",
    "payment_icon_7_tooltip": "",
    "payment_icon_8_show": true,
    "payment_icon_8_code": "",
    "payment_icon_8_image": "",
    "payment_icon_8_url": "",
    "payment_icon_8_tooltip": "",
    "payment_icon_9_show": true,
    "payment_icon_9_code": "",
    "payment_icon_9_image": "",
    "payment_icon_9_url": "",
    "payment_icon_9_tooltip": "",
    "payment_icon_10_show": true,
    "payment_icon_10_code": "",
    "payment_icon_10_image": "",
    "payment_icon_10_url": "",
    "payment_icon_10_tooltip": "",
    "payment_icon_11_show": true,
    "payment_icon_11_code": "",
    "payment_icon_11_image": "",
    "payment_icon_11_url": "",
    "payment_icon_11_tooltip": "",
    "payment_icon_12_show": true,
    "payment_icon_12_code": "",
    "payment_icon_12_image": "",
    "payment_icon_12_url": "",
    "payment_icon_12_tooltip": "",
    "social_share_image": "shopify:\/\/shop_images\/social-2x.png",
    "social_facebook": "https:\/\/www.facebook.com\/mpthemes\/",
    "social_twitter": "https:\/\/twitter.com\/MariPet9",
    "social_instagram": "https:\/\/www.instagram.com\/mpthemes2019\/",
    "social_pinterest": "https:\/\/dribbble.com\/mpithemes",
    "social_youtube": "https:\/\/www.youtube.com\/channel\/UCVJfUsqMVr-Wcjel4M6-qrg",
    "social_behance": "https:\/\/behance.net\/mpthemes01c0",
    "social_skype": "https:\/\/dribbble.com\/mpithemes",
    "social_share_facebook": "#",
    "social_share_twitter": "#",
    "social_share_pinterest": "#",
    "social_share_linkedin": "#",
    "social_share_buffer": "#",
    "social_share_reddit": "#",
    "subscription_method": "shopify",
    "subscription_mailchimp_form_action": "\/\/myshopify.us18.list-manage.com\/subscribe\/post?u=8a50b61e56896303a04d0243e&amp;id=3c3d06b907",
    "subscription_popup_enable": true,
    "subscription_popup_layout": "2",
    "subscription_popup_show_icon": true,
    "subscription_popup_text_line_01": "Subscribe and Enjoy",
    "subscription_popup_text_line_02": "10% <br>Discount",
    "subscription_popup_text_line_03": "Get 10% off by signing up to<br>our newsletter.",
    "subscription_popup_text_line_04": "I don’t want to see this website.",
    "subscription_popup_show_form": true,
    "subscription_popup_text_input_placeholder": "Enter Please Your Email Address",
    "subscription_popup_text_submit_button_text": "SUBSCRIBE!",
    "subscription_popup_text_button": "",
    "subscription_popup_text_dont_show_again": "",
    "subscription_popup_text_close": "NO, THANK YOU",
    "subscription_popup_image": "shopify:\/\/shop_images\/10.jpg",
    "subscription_popup_image_width": 600,
    "subscription_popup_image_format_pjpg": true,
    "subscription_popup_insert_image": "",
    "subscription_popup_insert_image_width": 200,
    "subscription_popup_insert_image_format_pjpg": false,
    "subscription_popup_link": "shopify:\/\/collections\/womens",
    "subscription_popup_show_once": "true",
    "subscription_popup_delay": 3,
    "subscription_popup_cookies_life": "1",
    "subscription_confirmation_popup_enable": true,
    "subscription_confirmation_popup_success_message": "Thanks for subscribing!",
    "subscription_confirmation_popup_success_button": "Continue shopping",
    "blog_show_sidebar": "hide",
    "blog_sidebar_position": "right",
    "blog_enable_sticky": true,
    "article_show_sidebar": "hide",
    "article_sidebar_position": "right",
    "article_enable_sticky": true,
    "account_show_header_button": true,
    "account_popup_enable": true,
    "account_popup_sign_up_info_page_content": "",
    "account_popup_show_subscription": true,
    "account_page_sing_up_page_content": "",
    "services_show_header_button": true,
    "services_popup_enable": true,
    "services_popup_page_content": "",
    "javascript_loader_jquery_first": false,
    "app_language": "links_list",
    "app_language_link_list": "languages",
    "button_border_radius": 0,
    "input_border_radius": 0,
    "promobox_image_border_radius": 0,
    "promobox_format_pjpg": true,
    "notification_cookies_enable": true,
    "notification_cookies_button_information_link": "",
    "notification_cookies_delay": 0,
    "notification_cookies_show_once": true,
    "notification_cookies_cookies_life": "1",
    "notification_products_enable": false,
    "notification_products_collection": "",
    "notification_products_range_min": 2,
    "notification_products_range_max": 20,
    "notification_products_delay": 8,
    "notification_products_interval_min": 10,
    "notification_products_interval_max": 18,
    "notification_products_time_life": 14,
    "layout_enable_preloader": false,
    "layout_preloader_image": "",
    "layout_preloader_image_size": 100,
    "layout_preloader_opacity": 0.8,
    "promobox_animation_duration": 0.7,
    "tooltips_enable": true,
    "tooltips_animation_type": "scale",
    "header_animation_sticky_opacity": 0.9,
    "header_tape_animation_duration": 0.3,
    "product_hover_animation_type": "fade",
    "buttons_animation_icon_enable": true,
    "dev_enable_custom_css": false,
    "dev_enable_custom_js": false,
    "dev_enable_content_for_header": true,
    "checkout_header_image": "",
    "checkout_logo_image": "",
    "checkout_logo_position": "left",
    "checkout_logo_size": "medium",
    "checkout_body_background_image": "",
    "checkout_body_background_color": "#fff",
    "checkout_input_background_color_mode": "white",
    "checkout_sidebar_background_image": "",
    "checkout_sidebar_background_color": "#fafafa",
    "checkout_heading_font": "-apple-system, BlinkMacSystemFont, 'Segoe UI', Roboto, Helvetica, Arial, sans-serif, 'Apple Color Emoji', 'Segoe UI Emoji', 'Segoe UI Symbol'",
    "checkout_body_font": "-apple-system, BlinkMacSystemFont, 'Segoe UI', Roboto, Helvetica, Arial, sans-serif, 'Apple Color Emoji', 'Segoe UI Emoji', 'Segoe UI Symbol'",
    "checkout_accent_color": "#197bbd",
    "checkout_button_color": "#197bbd",
    "checkout_error_color": "#e32c2b",
    "subscription_confirmation_popup_button_type": "1",
    "product_info_show_free_shipping": false,
    "show_free_shipping": true,
    "social_google": "",
    "sections": {
      "product-variants": {
        "type": "product-variants",
        "settings": {
        }
      },
      "header": {
        "type": "header",
        "blocks": {
          "1525791872612": {
            "type": "tape",
            "settings": {
              "style": "1",
              "content": "FINAL CLEARANCE: Take 20% off ‘Sale Must-Haves'"
            }
          },
          "1527372910910": {
            "type": "megamenu",
            "settings": {
              "for_item": "Layouts",
              "grid": 2,
              "second_level_column": false,
              "second_level_column_size": 24,
              "wrap": false,
              "wrapper_grid": 12,
              "column_left_type": "none",
              "column_left_size": 0,
              "column_right_type": "2",
              "column_right_size": 0,
              "enable_width_limit": false,
              "width_limit": 630
            }
          },
          "1527384342086": {
            "type": "megamenu_promobox",
            "settings": {
              "title": "",
              "url": "shopify:\/\/collections",
              "image": "shopify:\/\/shop_images\/01.png",
              "image_size": 400,
              "color_image_mask": "",
              "image_mask_opacity": 0.5,
              "text_line_1": "NEW IN",
              "text_line_2": "Spring\/Summer 2020 Collection",
              "text_line_3": "Text line 3",
              "style": "3",
              "button_1": "",
              "button_1_url": "",
              "color_button_type_1": "inherit",
              "button_2": "Button text #2",
              "button_2_url": "",
              "color_button_type_2": "inherit",
              "list_1": "",
              "custom_html": "",
              "type": "type-2-2",
              "content_position": "center",
              "content_align": "center",
              "animation_to": "center",
              "animation_from": "default",
              "animation_opacity": "none",
              "customization_class": ""
            }
          },
          "1527385504306": {
            "type": "megamenu_promobox",
            "settings": {
              "title": "",
              "url": "shopify:\/\/collections",
              "image": "shopify:\/\/shop_images\/02.png",
              "image_size": 400,
              "color_image_mask": "",
              "image_mask_opacity": 0.5,
              "text_line_1": "SALE & SPECIAL OFFERS",
              "text_line_2": "Get up to 20% off",
              "text_line_3": "Text line 3",
              "style": "3",
              "button_1": "",
              "button_1_url": "",
              "color_button_type_1": "inherit",
              "button_2": "Button text #2",
              "button_2_url": "",
              "color_button_type_2": "inherit",
              "list_1": "",
              "custom_html": "",
              "type": "type-2-2",
              "content_position": "center",
              "content_align": "center",
              "animation_to": "center",
              "animation_from": "default",
              "animation_opacity": "none",
              "customization_class": ""
            }
          },
          "1527373213741": {
            "type": "megamenu",
            "settings": {
              "for_item": "Shop",
              "grid": 2,
              "second_level_column": false,
              "second_level_column_size": 20,
              "wrap": false,
              "wrapper_grid": 12,
              "column_left_type": "none",
              "column_left_size": 0,
              "column_right_type": "8\/12-4\/12",
              "column_right_size": 0,
              "enable_width_limit": false,
              "width_limit": 630
            }
          },
          "1527432364326": {
            "type": "megamenu_products",
            "settings": {
              "title": "Featured products",
              "collection": "featured-products",
              "products_per_row": "2",
              "products_rows": 1
            }
          },
          "1583964796904": {
            "type": "megamenu_brands",
            "settings": {
              "title": "Top brands",
              "url": "\/collections\/all?constraint=custom-filter+vendor=calvin-klein",
              "size_of_images": "2",
              "image_1": "shopify:\/\/shop_images\/1.jpg",
              "image_size_1": 80,
              "url_1": "\/collections\/all?constraint=custom-filter+vendor=calvin-klein",
              "image_2": "shopify:\/\/shop_images\/2.jpg",
              "image_size_2": 80,
              "url_2": "\/collections\/all?constraint=custom-filter+vendor=chanel",
              "image_3": "shopify:\/\/shop_images\/3.jpg",
              "image_size_3": 80,
              "url_3": "\/collections\/all?constraint=custom-filter+vendor=dior",
              "image_4": "shopify:\/\/shop_images\/4.jpg",
              "image_size_4": 80,
              "url_4": "\/collections\/all?constraint=custom-filter+vendor=gap",
              "image_5": "shopify:\/\/shop_images\/5.jpg",
              "image_size_5": 80,
              "url_5": "\/collections\/all?constraint=custom-filter+vendor=giorgio-armani",
              "image_6": "shopify:\/\/shop_images\/6.jpg",
              "image_size_6": 80,
              "url_6": "\/collections\/all?constraint=custom-filter+vendor=lacoste",
              "image_7": "",
              "image_size_7": 80,
              "url_7": "",
              "image_8": "",
              "image_size_8": 80,
              "url_8": "",
              "image_9": "",
              "image_size_9": 80,
              "url_9": "",
              "image_10": "",
              "image_size_10": 80,
              "url_10": ""
            }
          },
          "1527373220764": {
            "type": "megamenu",
            "settings": {
              "for_item": "Women's",
              "grid": 2,
              "second_level_column": false,
              "second_level_column_size": 50,
              "wrap": false,
              "wrapper_grid": 12,
              "column_left_type": "none",
              "column_left_size": 0,
              "column_right_type": "2*2",
              "column_right_size": 0,
              "enable_width_limit": false,
              "width_limit": 630
            }
          },
          "1527418910812": {
            "type": "megamenu_promobox",
            "settings": {
              "title": "",
              "url": "shopify:\/\/collections",
              "image": "shopify:\/\/shop_images\/04.png",
              "image_size": 400,
              "color_image_mask": "",
              "image_mask_opacity": 0.5,
              "text_line_1": "NEW IN",
              "text_line_2": "Spring\/Summer 2020 Collection",
              "text_line_3": "Text line 3",
              "style": "3",
              "button_1": "Button text",
              "button_1_url": "",
              "color_button_type_1": "inherit",
              "button_2": "Button text #2",
              "button_2_url": "",
              "color_button_type_2": "inherit",
              "list_1": "",
              "custom_html": "",
              "type": "type-3",
              "content_position": "center",
              "content_align": "center",
              "animation_to": "center",
              "animation_from": "default",
              "animation_opacity": "none",
              "customization_class": ""
            }
          },
          "1527420420060": {
            "type": "megamenu_promobox",
            "settings": {
              "title": "",
              "url": "shopify:\/\/collections",
              "image": "shopify:\/\/shop_images\/03.png",
              "image_size": 400,
              "color_image_mask": "",
              "image_mask_opacity": 0.5,
              "text_line_1": "SALE & SPECIAL OFFERS",
              "text_line_2": "Get up to 20% off",
              "text_line_3": "Text line 3",
              "style": "3",
              "button_1": "Button text",
              "button_1_url": "",
              "color_button_type_1": "inherit",
              "button_2": "Button text #2",
              "button_2_url": "",
              "color_button_type_2": "inherit",
              "list_1": "",
              "custom_html": "",
              "type": "type-3",
              "content_position": "center",
              "content_align": "center",
              "animation_to": "center",
              "animation_from": "default",
              "animation_opacity": "none",
              "customization_class": ""
            }
          },
          "1527420550360": {
            "type": "megamenu_promobox",
            "settings": {
              "title": "",
              "url": "shopify:\/\/collections",
              "image": "shopify:\/\/shop_images\/06.png",
              "image_size": 400,
              "color_image_mask": "",
              "image_mask_opacity": 0.5,
              "text_line_1": "FEATURED",
              "text_line_2": "Popular Items",
              "text_line_3": "Text line 3",
              "style": "3",
              "button_1": "Button text",
              "button_1_url": "",
              "color_button_type_1": "inherit",
              "button_2": "Button text #2",
              "button_2_url": "",
              "color_button_type_2": "inherit",
              "list_1": "",
              "custom_html": "",
              "type": "type-3",
              "content_position": "center",
              "content_align": "center",
              "animation_to": "center",
              "animation_from": "default",
              "animation_opacity": "none",
              "customization_class": ""
            }
          },
          "1527420557049": {
            "type": "megamenu_promobox",
            "settings": {
              "title": "",
              "url": "shopify:\/\/collections",
              "image": "shopify:\/\/shop_images\/05.png",
              "image_size": 400,
              "color_image_mask": "",
              "image_mask_opacity": 0.5,
              "text_line_1": "COMING SOON",
              "text_line_2": "Autumn 2020 Collection",
              "text_line_3": "Text line 3",
              "style": "3",
              "button_1": "Button text",
              "button_1_url": "",
              "color_button_type_1": "inherit",
              "button_2": "Button text #2",
              "button_2_url": "",
              "color_button_type_2": "inherit",
              "list_1": "",
              "custom_html": "",
              "type": "type-3",
              "content_position": "center",
              "content_align": "center",
              "animation_to": "center",
              "animation_from": "default",
              "animation_opacity": "none",
              "customization_class": ""
            }
          },
          "1527373227613": {
            "type": "megamenu",
            "settings": {
              "for_item": "Men's",
              "grid": 2,
              "second_level_column": false,
              "second_level_column_size": 10,
              "wrap": false,
              "wrapper_grid": 12,
              "column_left_type": "1",
              "column_left_size": 0,
              "column_right_type": "1",
              "column_right_size": 0,
              "enable_width_limit": false,
              "width_limit": 630
            }
          },
          "1527385990580": {
            "type": "megamenu_promobox",
            "settings": {
              "title": "",
              "url": "shopify:\/\/collections",
              "image": "shopify:\/\/shop_images\/08_dab6d261-94f2-459d-b8cf-83333c09c5ed.png",
              "image_size": 400,
              "color_image_mask": "",
              "image_mask_opacity": 0.5,
              "text_line_1": "NEW IN",
              "text_line_2": "Spring\/Summer 2020 Collection",
              "text_line_3": "Text line 3",
              "style": "3",
              "button_1": "",
              "button_1_url": "",
              "color_button_type_1": "inherit",
              "button_2": "Button text #2",
              "button_2_url": "",
              "color_button_type_2": "inherit",
              "list_1": "",
              "custom_html": "",
              "type": "type-2-2",
              "content_position": "center",
              "content_align": "center",
              "animation_to": "center",
              "animation_from": "default",
              "animation_opacity": "none",
              "customization_class": ""
            }
          },
          "1527386066314": {
            "type": "megamenu_promobox",
            "settings": {
              "title": "",
              "url": "shopify:\/\/collections",
              "image": "shopify:\/\/shop_images\/07.png",
              "image_size": 400,
              "color_image_mask": "",
              "image_mask_opacity": 0.5,
              "text_line_1": "SALE & SPECIAL OFFERS",
              "text_line_2": "Get up to 20% off",
              "text_line_3": "Text line 3",
              "style": "3",
              "button_1": "Button text",
              "button_1_url": "",
              "color_button_type_1": "inherit",
              "button_2": "Button text #2",
              "button_2_url": "",
              "color_button_type_2": "inherit",
              "list_1": "",
              "custom_html": "",
              "type": "type-3",
              "content_position": "center",
              "content_align": "center",
              "animation_to": "center",
              "animation_from": "default",
              "animation_opacity": "none",
              "customization_class": ""
            }
          },
          "1527422624107": {
            "type": "megamenu_title_image",
            "settings": {
              "for_item": "Men's+Clothing",
              "image": "shopify:\/\/shop_images\/09.png",
              "image_size": 170,
              "for_item_2": "Men's+Shoes",
              "image_2": "shopify:\/\/shop_images\/10.png",
              "image_size_2": 200,
              "for_item_3": "Men's+Accessories",
              "image_3": "shopify:\/\/shop_images\/11.png",
              "image_size_3": 200,
              "for_item_4": "",
              "image_4": "",
              "image_size_4": 200,
              "for_item_5": "",
              "image_5": "",
              "image_size_5": 200
            }
          },
          "1543698183190": {
            "type": "megamenu_label",
            "settings": {
              "type": "hot",
              "text": "",
              "for_item": "Layouts+Layouts+Home V1",
              "for_item_2": "Layouts+Layouts+Home V3",
              "for_item_3": "Layouts+Layouts+Home V6",
              "for_item_4": "Women's+Shoes+Heels",
              "for_item_5": "Layouts+Layouts+Home V17",
              "for_item_6": "Layouts+Skins+Skin 4 - One Product",
              "for_item_7": "Shop+Collection layouts+Look book",
              "for_item_8": "Shop+Single Product Layouts+3D Models and Video",
              "for_item_9": "",
              "for_item_10": "",
              "for_item_11": "",
              "for_item_12": "",
              "for_item_13": "",
              "for_item_14": "",
              "for_item_15": ""
            }
          },
          "1527438870190": {
            "type": "megamenu_label",
            "settings": {
              "type": "new",
              "text": "",
              "for_item": "Women's+Clothing+Dresses",
              "for_item_2": "Shop+product options+Custom Image, Text",
              "for_item_3": "Layouts+Skins+Skin 11 - Christmas",
              "for_item_4": "Layouts+Skins+Skin 9 - Computers",
              "for_item_5": "Layouts+Skins+Skin 10 - Kitchen",
              "for_item_6": "Layouts+Skins+Skin 7 - Furniture",
              "for_item_7": "Layouts+Skins+Skin 8 - Cosmetics",
              "for_item_8": "Layouts+Layouts+Home V17",
              "for_item_9": "Shop+Single Product Layouts+Product V5 — Grid",
              "for_item_10": "Layouts+Layouts+Home V16",
              "for_item_11": "",
              "for_item_12": "",
              "for_item_13": "",
              "for_item_14": "",
              "for_item_15": ""
            }
          },
          "1582328455745": {
            "type": "megamenu_label",
            "settings": {
              "type": "new",
              "text": "SLIDER",
              "for_item": "Layouts+Layouts+Home V8",
              "for_item_2": "",
              "for_item_3": "",
              "for_item_4": "",
              "for_item_5": "",
              "for_item_6": "",
              "for_item_7": "",
              "for_item_8": "",
              "for_item_9": "",
              "for_item_10": "",
              "for_item_11": "",
              "for_item_12": "",
              "for_item_13": "",
              "for_item_14": "",
              "for_item_15": ""
            }
          },
          "1567840286505": {
            "type": "megamenu_label",
            "settings": {
              "type": "sale",
              "text": "ACTIVE",
              "for_item": "Layouts+Layouts+Home V2",
              "for_item_2": "",
              "for_item_3": "",
              "for_item_4": "",
              "for_item_5": "",
              "for_item_6": "",
              "for_item_7": "",
              "for_item_8": "",
              "for_item_9": "",
              "for_item_10": "",
              "for_item_11": "",
              "for_item_12": "",
              "for_item_13": "",
              "for_item_14": "",
              "for_item_15": ""
            }
          },
          "1591273041625": {
            "type": "megamenu_label",
            "settings": {
              "type": "sale",
              "text": "Sale",
              "for_item": "Buy now!",
              "for_item_2": "Men's+clothing+jackets",
              "for_item_3": "Men's+Shoes",
              "for_item_4": "",
              "for_item_5": "",
              "for_item_6": "",
              "for_item_7": "",
              "for_item_8": "",
              "for_item_9": "",
              "for_item_10": "",
              "for_item_11": "",
              "for_item_12": "",
              "for_item_13": "",
              "for_item_14": "",
              "for_item_15": ""
            }
          }
        },
        "block_order": [
          "1525791872612",
          "1527372910910",
          "1527384342086",
          "1527385504306",
          "1527373213741",
          "1527432364326",
          "1583964796904",
          "1527373220764",
          "1527418910812",
          "1527420420060",
          "1527420550360",
          "1527420557049",
          "1527373227613",
          "1527385990580",
          "1527386066314",
          "1527422624107",
          "1543698183190",
          "1527438870190",
          "1582328455745",
          "1567840286505",
          "1591273041625"
        ],
        "settings": {
          "type": "2",
          "style": "1",
          "menu": "main-menu",
          "show_menu_arrows": true,
          "show_menu_hover_underline": false,
          "vertical_menu": "",
          "fixed_vertical_menu": false,
          "additional_line_info_page_content": "",
          "sticky": "desktop_and_mobile",
          "desktop_sticky_type": "slim"
        }
      },
      "footer": {
        "type": "footer",
        "blocks": {
          "1586284608625": {
            "type": "subscription",
            "settings": {
              "title": "Newsletter subscription",
              "paragraph": "Sign up for Shella updates to receive information about new arrivals, future events and specials.",
              "placeholder": "Enter Your Email Address",
              "button_text": "SUBSCRIBE!"
            }
          },
          "1586284527889": {
            "type": "menu",
            "settings": {
              "title": "",
              "show_title_on_desktop": true,
              "menu": "information",
              "size": 0,
              "rows_limit": 0
            }
          },
          "1586284530934": {
            "type": "menu",
            "settings": {
              "title": "",
              "show_title_on_desktop": true,
              "menu": "order",
              "size": 0,
              "rows_limit": 0
            }
          },
          "1586284576772": {
            "type": "custom_html",
            "settings": {
              "title": "Here to help",
              "show_title_on_desktop": true,
              "page_content": ""
            }
          },
          "1586284588048": {
            "type": "social_media",
            "settings": {
              "title": "Follow us",
              "show_facebook": true,
              "show_twitter": true,
              "show_instagram": true,
              "show_pinterest": true,
              "show_youtube": true,
              "show_behance": true,
              "show_skype": true
            }
          },
          "footer-0": {
            "type": "copyright",
            "settings": {
              "page_content": ""
            }
          },
          "1586284627913": {
            "type": "payments",
            "settings": {
              "type": "auto"
            }
          }
        },
        "block_order": [
          "1586284608625",
          "1586284527889",
          "1586284530934",
          "1586284576772",
          "1586284588048",
          "footer-0",
          "1586284627913"
        ],
        "settings": {
          "type": "3",
          "style": "1",
          "show_logo": true,
          "show_button_back_to_top": true,
          "enable_fixed": true
        }
      },
      "1586284059940": {
        "type": "home-builder",
        "blocks": {
          "1586284065628": {
            "type": "instagram",
            "settings": {
              "user_name": "shellatemplate",
              "tag": "",
              "show_post_details": true,
              "limit": 12,
              "size_of_images": "6",
              "inner_disable_paddings": true,
              "fixed_height": 100,
              "disable_lazyload": false,
              "size_of_column": "auto"
            }
          },
          "1586284077419": {
            "type": "instagram_block",
            "settings": {
              "image": "shopify:\/\/shop_images\/02.jpg",
              "image_size": 195,
              "format_pjpg": true,
              "disable_lazyload": false,
              "url": "https:\/\/www.instagram.com\/p\/BnQ-ZctHuBf\/",
              "likes": "15",
              "comments": "7"
            }
          },
          "1586284075152": {
            "type": "instagram_block",
            "settings": {
              "image": "shopify:\/\/shop_images\/01.jpg",
              "image_size": 195,
              "format_pjpg": true,
              "disable_lazyload": false,
              "url": "https:\/\/www.instagram.com\/p\/BnQ-W7IHoyd\/",
              "likes": "24",
              "comments": "12"
            }
          },
          "1586284080852": {
            "type": "instagram_block",
            "settings": {
              "image": "shopify:\/\/shop_images\/03.jpg",
              "image_size": 195,
              "format_pjpg": true,
              "disable_lazyload": false,
              "url": "https:\/\/www.instagram.com\/p\/BnQ-U5AHJY2\/",
              "likes": "35",
              "comments": "10"
            }
          },
          "1586284083626": {
            "type": "instagram_block",
            "settings": {
              "image": "shopify:\/\/shop_images\/04.jpg",
              "image_size": 195,
              "format_pjpg": true,
              "disable_lazyload": false,
              "url": "https:\/\/www.instagram.com\/p\/BnQ-S3MnoDv\/",
              "likes": "18",
              "comments": "6"
            }
          },
          "1586284086290": {
            "type": "instagram_block",
            "settings": {
              "image": "shopify:\/\/shop_images\/05.JPG",
              "image_size": 195,
              "format_pjpg": true,
              "disable_lazyload": false,
              "url": "https:\/\/www.instagram.com\/p\/BnQ-RAfHTFy\/",
              "likes": "46",
              "comments": "28"
            }
          },
          "1586284088787": {
            "type": "instagram_block",
            "settings": {
              "image": "shopify:\/\/shop_images\/06.jpg",
              "image_size": 195,
              "format_pjpg": true,
              "disable_lazyload": false,
              "url": "https:\/\/www.instagram.com\/p\/BnQ-O77nsrY\/",
              "likes": "17",
              "comments": "14"
            }
          }
        },
        "block_order": [
          "1586284065628",
          "1586284077419",
          "1586284075152",
          "1586284080852",
          "1586284083626",
          "1586284086290",
          "1586284088787"
        ],
        "settings": {
          "title": "<p><a href=\"https:\/\/instagram.com\/shellatemplate\" title=\"https:\/\/instagram.com\/shellatemplate\">@Shella<\/a>&nbsp;Follow Us On Instagram<\/p>",
          "container": "boxed",
          "size_of_columns": "1",
          "margins_for_columns": "none",
          "align_of_columns": "top_center",
          "disable_column_paddings": false,
          "precedence": "",
          "customization_class": ""
        }
      },
      "collection-sidebar": {
        "type": "collection-sidebar",
        "blocks": {
          "1530696013571": {
            "type": "current_filters",
            "settings": {
              "title": "CURRENT FILTERS",
              "default_state": "open",
              "show_border": true
            }
          },
          "1530696164711": {
            "type": "collections",
            "settings": {
              "title": "COLLECTION",
              "default_state": "open",
              "show_border": true,
              "menu": "main-menu",
              "collection_tags_select": "radio"
            }
          },
          "1530696190431": {
            "type": "filters",
            "settings": {
              "title": "COLOR",
              "default_state": "open",
              "show_border": true,
              "type": "colors",
              "items": "Red|Coral|Copper|Orange|Yellow|Green|Emerald|Olive|Khaki|Aqua|Black|Silver|Blue|Grey|White|Light blue|Purple|Lilac|Violet|Pink|Plum|SandyBrown|LightPink|LightGreen",
              "show_all_from_collection": false,
              "direction": "rows",
              "max_column_size": 0,
              "columns": "2",
              "for_collections": ""
            }
          },
          "1530696245149": {
            "type": "filters",
            "settings": {
              "title": "SIZE",
              "default_state": "open",
              "show_border": true,
              "type": "tags",
              "items": "30|32|34|36|38|40|42|44|XXS|XS|S|M|L|XL|XXL|XXXL",
              "show_all_from_collection": false,
              "direction": "columns",
              "max_column_size": 8,
              "columns": "3",
              "for_collections": ""
            }
          },
          "1530696365086": {
            "type": "filter_by_price",
            "settings": {
              "title": "PRICE",
              "default_state": "open",
              "show_border": true,
              "min_value": "0",
              "max_value": "900",
              "step": "10"
            }
          },
          "1530696372892": {
            "type": "filters",
            "settings": {
              "title": "BRANDS",
              "default_state": "open",
              "show_border": true,
              "type": "vendors",
              "items": "",
              "show_all_from_collection": true,
              "direction": "columns",
              "max_column_size": 0,
              "columns": "1",
              "for_collections": ""
            }
          },
          "1539796529134": {
            "type": "parameters",
            "settings": {
              "title": "PARAMETERS",
              "default_state": "open",
              "show_border": true
            }
          },
          "1530696458853": {
            "type": "products",
            "settings": {
              "title": "FEATURED PRODUCTS",
              "default_state": "fixed",
              "show_border": true,
              "collection": "featured-products",
              "max_count": 3,
              "product_type": "short"
            }
          },
          "1586288838422": {
            "type": "custom_html",
            "settings": {
              "title": "CUSTOM BLOCK",
              "default_state": "fixed",
              "show_border": false,
              "page_content": ""
            }
          },
          "1586289049193": {
            "type": "promobox",
            "settings": {
              "title": "PROMOBOX",
              "default_state": "without_title",
              "show_border": false,
              "url": "shopify:\/\/products\/copy-of-cotton-blend-field-jacket",
              "image": "shopify:\/\/shop_images\/08.png",
              "image_size": 900,
              "color_image_mask": "",
              "image_mask_opacity": 0.5,
              "text_line_1": "NEW IN",
              "text_line_2": "Spring\/Summer 2020 Collection",
              "text_line_3": "Text line #3",
              "style": "1",
              "button_1": "Button #1 text",
              "button_1_url": "",
              "color_button_type_1": "default-transparent",
              "button_2": "Button #2 text",
              "button_2_url": "",
              "color_button_type_2": "default-transparent",
              "list_1": "",
              "custom_html": "",
              "video_external_url": "",
              "video_mp4_url": "",
              "video_autoplay": true,
              "video_controls": false,
              "type": "type-3",
              "animation_to": "none",
              "animation_from": "none",
              "animation_opacity": "none"
            }
          }
        },
        "block_order": [
          "1530696013571",
          "1530696164711",
          "1530696190431",
          "1530696245149",
          "1530696365086",
          "1530696372892",
          "1539796529134",
          "1530696458853",
          "1586288838422",
          "1586289049193"
        ],
        "settings": {
          "hide_blocks_without_filters": false
        }
      },
      "collection-head": {
        "type": "collection-head",
        "settings": {
          "default_desktop_title": "title",
          "default_mobile_title": "title",
          "margins_for_columns": "none"
        }
      },
      "collection-body": {
        "type": "collection-body",
        "settings": {
          "show_sort_by": true,
          "show_info": true,
          "show_view_length": true,
          "enable_view_length_6": true,
          "enable_view_length_12": true,
          "enable_view_length_18": true,
          "enable_view_length_24": true,
          "enable_view_length_48": false,
          "default_view_length": "6",
          "show_view_grid": true,
          "show_view_grid_1": true,
          "show_view_grid_2": true,
          "show_view_grid_3": true,
          "show_view_grid_4": true,
          "show_view_grid_list": true,
          "default_view_grid_xl": "2",
          "default_view_grid_lg": "2",
          "default_view_grid_md": "2",
          "default_view_grid_sm": "2",
          "default_view_grid_xs": "2",
          "enable_grid_tooltip": true
        }
      },
      "carousel-products": {
        "type": "carousel-products",
        "blocks": {
          "1586291186708": {
            "type": "collection",
            "settings": {
              "title": "",
              "collection": ""
            }
          }
        },
        "block_order": [
          "1586291186708"
        ],
        "settings": {
          "show_title": true,
          "container": "boxed",
          "size_of_columns": "4",
          "max_count": 6,
          "autoplay": true,
          "speed": 5,
          "infinite": true,
          "arrows": true,
          "bullets": true
        }
      },
      "product": {
        "type": "product",
        "blocks": {
          "1586291669434": {
            "type": "tab_custom_html",
            "settings": {
              "title": "ADDITIONAL",
              "page_content": ""
            }
          },
          "1586291704115": {
            "type": "tab_custom_html",
            "settings": {
              "title": "CUSTOM TAB",
              "page_content": ""
            }
          }
        },
        "block_order": [
          "1586291669434",
          "1586291704115"
        ],
        "settings": {
          "show_tabs": true,
          "show_tab_description": true,
          "show_tab_reviews": true
        }
      },
      "carousel-related-products": {
        "type": "carousel-related-products",
        "settings": {
          "type": "related",
          "title": "Related Products",
          "size_of_columns": "4",
          "max_count": 6,
          "autoplay": true,
          "speed": 5,
          "infinite": true,
          "arrows": true,
          "bullets": true
        }
      },
      "product-fixed-sizebar": {
        "type": "product-fixed-sizebar",
        "blocks": {
          "1586291806417": {
            "type": "text_line",
            "settings": {
              "icon": "",
              "text": "",
              "min_value": "200",
              "max_value": "500"
            }
          },
          "1586291808135": {
            "type": "text_line",
            "settings": {
              "icon": "",
              "text": "",
              "min_value": "30",
              "max_value": "100"
            }
          },
          "1586291810188": {
            "type": "text_line",
            "settings": {
              "icon": "",
              "text": "",
              "min_value": "100",
              "max_value": "200"
            }
          }
        },
        "block_order": [
          "1586291806417",
          "1586291808135",
          "1586291810188"
        ],
        "settings": {
        }
      },
      "list-collections": {
        "type": "list-collections",
        "settings": {
          "size_of_columns": "4",
          "type": "list-collections-1",
          "masonry_enable": false,
          "height": "auto",
          "image_size": 900,
          "format_pjpg": true,
          "animation_to": "none",
          "animation_from": "none",
          "animation_opacity": "none"
        }
      },
      "blog-sidebar": {
        "type": "blog-sidebar",
        "settings": {
        }
      },
      "blog-body": {
        "type": "blog-body",
        "settings": {
          "show_title": false,
          "type": "2",
          "masonry_enable": true,
          "max_posts": 12,
          "show_image": true,
          "show_information": true,
          "show_tags": true,
          "show_content": true,
          "show_button": true,
          "show_comments": true,
          "show_empty_comments": true,
          "max_post_content_length": 100
        }
      },
      "article-body": {
        "type": "article-body",
        "settings": {
          "show_information": true,
          "show_image": true,
          "show_content": true,
          "show_tags": true,
          "show_navigation": true,
          "show_comments": true,
          "autoplay": true,
          "speed": 5,
          "infinite": true
        }
      },
      "faqs": {
        "type": "faqs",
        "blocks": {
          "1586292266168": {
            "type": "section",
            "settings": {
              "question": "WHAT ARE SHIPPING TIMES AND COSTS?",
              "page_content": "",
              "answer": "",
              "is_open": true
            }
          },
          "1586292269155": {
            "type": "section",
            "settings": {
              "question": "WHAT PAYMENT METHODS CAN I USE?",
              "page_content": "",
              "answer": "",
              "is_open": true
            }
          },
          "1586292270787": {
            "type": "section",
            "settings": {
              "question": "WHAT IS YOUR EXCHANGES, RETURNS AND REFUNDS POLICY?",
              "page_content": "",
              "answer": "",
              "is_open": true
            }
          }
        },
        "block_order": [
          "1586292266168",
          "1586292269155",
          "1586292270787"
        ],
        "settings": {
        }
      },
      "contact-map": {
        "type": "contact-map",
        "settings": {
          "code": "<iframe width=\"600\" height=\"450\" frameborder=\"0\" style=\"border:0\" src=\"https:\/\/www.google.com\/maps\/embed\/v1\/place?key=AIzaSyBwY_0PWuwH_A5y4iwNAqpaUbUjRPySkFc%0A%20%20%20%20&q=7563%20St.%20Vicent%20Place,%20Glasgow\" allowfullscreen=\"\"><\/iframe>"
        }
      },
      "gallery": {
        "type": "gallery",
        "blocks": {
          "1538753043667": {
            "type": "item",
            "settings": {
              "page_name": "",
              "grid": 3,
              "image": "shopify:\/\/shop_images\/05_c5ace77c-6dad-41af-884a-e4d48d47fab5.png",
              "image_size": 500,
              "text_line_01": "FASHION",
              "text_line_02": "Lorem ipsum dolor sit amet"
            }
          },
          "1538753088836": {
            "type": "item",
            "settings": {
              "page_name": "",
              "grid": 3,
              "image": "shopify:\/\/shop_images\/03_f32a2898-980a-47ba-9a6e-6090b2401048.png",
              "image_size": 500,
              "text_line_01": "TEXT LINE #1",
              "text_line_02": "Text line #2"
            }
          },
          "1538753132543": {
            "type": "item",
            "settings": {
              "page_name": "",
              "grid": 3,
              "image": "shopify:\/\/shop_images\/11_c62d5bb2-ad22-4623-a1ac-a7a3b83a8b64.png",
              "image_size": 500,
              "text_line_01": "VINTAGE",
              "text_line_02": "Lorem ipsum dolor sit amet"
            }
          },
          "1538753154332": {
            "type": "item",
            "settings": {
              "page_name": "",
              "grid": 3,
              "image": "shopify:\/\/shop_images\/14.png",
              "image_size": 500,
              "text_line_01": "SUMMER",
              "text_line_02": "Lorem ipsum dolor sit amet"
            }
          },
          "1538753289208": {
            "type": "item",
            "settings": {
              "page_name": "",
              "grid": 3,
              "image": "shopify:\/\/shop_images\/13.png",
              "image_size": 500,
              "text_line_01": "BEACHWEAR",
              "text_line_02": "Lorem ipsum dolor sit amet"
            }
          },
          "1538753344777": {
            "type": "item",
            "settings": {
              "page_name": "",
              "grid": 3,
              "image": "shopify:\/\/shop_images\/01_0ca10b92-af9d-4852-ae66-6fa109a9f8bd.png",
              "image_size": 500,
              "text_line_01": "SUNGLASSES",
              "text_line_02": "Lorem ipsum dolor sit amet"
            }
          },
          "1538753548624": {
            "type": "item",
            "settings": {
              "page_name": "",
              "grid": 3,
              "image": "shopify:\/\/shop_images\/06_152e79f1-a708-4b81-a6f2-052fcb1901ab.png",
              "image_size": 500,
              "text_line_01": "WINTER",
              "text_line_02": "Lorem ipsum dolor sit amet"
            }
          },
          "1538753329978": {
            "type": "item",
            "settings": {
              "page_name": "",
              "grid": 3,
              "image": "shopify:\/\/shop_images\/15.png",
              "image_size": 500,
              "text_line_01": "SHORTS",
              "text_line_02": "Lorem ipsum dolor sit amet"
            }
          },
          "1538753365402": {
            "type": "item",
            "settings": {
              "page_name": "",
              "grid": 3,
              "image": "shopify:\/\/shop_images\/02_40664b19-3479-46bf-a775-78db3883ee4c.png",
              "image_size": 500,
              "text_line_01": "ACCESSORIES",
              "text_line_02": "Lorem ipsum dolor sit amet"
            }
          },
          "1538753436334": {
            "type": "item",
            "settings": {
              "page_name": "",
              "grid": 3,
              "image": "shopify:\/\/shop_images\/16.png",
              "image_size": 500,
              "text_line_01": "DENIM",
              "text_line_02": "Lorem ipsum dolor sit amet"
            }
          },
          "1538753400481": {
            "type": "item",
            "settings": {
              "page_name": "",
              "grid": 3,
              "image": "shopify:\/\/shop_images\/07_df6113ae-1913-45b0-9a86-b728e0f06a49.png",
              "image_size": 500,
              "text_line_01": "SUNGLASSES",
              "text_line_02": "Lorem ipsum dolor sit amet"
            }
          },
          "1538753418071": {
            "type": "item",
            "settings": {
              "page_name": "",
              "grid": 3,
              "image": "shopify:\/\/shop_images\/09_3ddb4543-405e-4c69-b28d-7f15e2eee034.png",
              "image_size": 500,
              "text_line_01": "LOUNGEWEAR",
              "text_line_02": "Lorem ipsum dolor sit amet"
            }
          }
        },
        "block_order": [
          "1538753043667",
          "1538753088836",
          "1538753132543",
          "1538753154332",
          "1538753289208",
          "1538753344777",
          "1538753548624",
          "1538753329978",
          "1538753365402",
          "1538753436334",
          "1538753400481",
          "1538753418071"
        ],
        "settings": {
          "container": "inherit",
          "masonry_enable": true
        }
      },
      "home-builder": {
        "type": "home-builder",
        "settings": {
          "title": "",
          "container": "boxed",
          "size_of_columns": "1",
          "margins_for_columns": "none",
          "align_of_columns": "top_center",
          "disable_column_paddings": false,
          "precedence": "",
          "customization_class": ""
        }
      },
      "lookbook": {
        "type": "lookbook",
        "blocks": {
          "1542387060794": {
            "type": "image",
            "settings": {
              "page_name": "",
              "name": "Image #1",
              "image": "shopify:\/\/shop_images\/0047628527_1_1_1_370x.progressive_8a1b741c-de25-4263-83ba-c8cf7a99235a.jpg"
            }
          },
          "1542387072609": {
            "type": "product",
            "settings": {
              "for_name": "Image #1",
              "product": "huawei-honor-watch-s1",
              "horizontal_position": 50,
              "vertical_position": 50
            }
          },
          "1542387098822": {
            "type": "product",
            "settings": {
              "for_name": "Image #1",
              "product": "copy-of-floppy-hat",
              "horizontal_position": 50,
              "vertical_position": 50
            }
          },
          "1542387113509": {
            "type": "product",
            "settings": {
              "for_name": "Image #1",
              "product": "copy-of-cotton-off-the-shoulder-tee",
              "horizontal_position": 50,
              "vertical_position": 50
            }
          },
          "1542387151949": {
            "type": "image",
            "settings": {
              "page_name": "",
              "name": "Image #2",
              "image": "shopify:\/\/shop_images\/0047628627_2_3_1_370x.progressive_4d1ab111-14bb-41e0-8167-bed73aea0999.jpg"
            }
          },
          "1542387164328": {
            "type": "product",
            "settings": {
              "for_name": "Image #2",
              "product": "copy-of-oxford-boyfriend-shirt",
              "horizontal_position": 50,
              "vertical_position": 50
            }
          },
          "1542387189814": {
            "type": "product",
            "settings": {
              "for_name": "Image #2",
              "product": "cotton-t-shirt-with-print",
              "horizontal_position": 50,
              "vertical_position": 50
            }
          },
          "1542387203977": {
            "type": "product",
            "settings": {
              "for_name": "Image #2",
              "product": "copy-of-cotton-off-the-shoulder-tee",
              "horizontal_position": 50,
              "vertical_position": 50
            }
          },
          "1542387221408": {
            "type": "image",
            "settings": {
              "page_name": "",
              "name": "Image #3",
              "image": "shopify:\/\/shop_images\/0051019141_2_3_1_370x.progressive_85538dec-8876-45d6-98f9-a4f8044907c6.jpg"
            }
          },
          "1542387238743": {
            "type": "product",
            "settings": {
              "for_name": "Image #3",
              "product": "copy-of-flared-trousers",
              "horizontal_position": 50,
              "vertical_position": 50
            }
          },
          "1542387258647": {
            "type": "product",
            "settings": {
              "for_name": "Image #3",
              "product": "beats-pro",
              "horizontal_position": 50,
              "vertical_position": 50
            }
          },
          "1542387273113": {
            "type": "product",
            "settings": {
              "for_name": "Image #3",
              "product": "copy-of-cotton-off-the-shoulder-tee",
              "horizontal_position": 50,
              "vertical_position": 50
            }
          },
          "1542387289586": {
            "type": "image",
            "settings": {
              "page_name": "",
              "name": "Image #4",
              "image": "shopify:\/\/shop_images\/1937547927_2_3_1_370x_396222e0-ab55-4092-8dee-4e7fce2e6f1c.jpg"
            }
          },
          "1542387304831": {
            "type": "product",
            "settings": {
              "for_name": "Image #4",
              "product": "copy-of-drawstring-sweater",
              "horizontal_position": 50,
              "vertical_position": 50
            }
          },
          "1542387315315": {
            "type": "product",
            "settings": {
              "for_name": "Image #4",
              "product": "skinny-mid-rise-trousers",
              "horizontal_position": 50,
              "vertical_position": 50
            }
          },
          "1542387327988": {
            "type": "image",
            "settings": {
              "page_name": "",
              "name": "Image #5",
              "image": "shopify:\/\/shop_images\/1938617800_2_3_1_370x.progressive_aa36cec6-e8d0-4ea9-8bd5-269439f1b33e.jpg"
            }
          },
          "1542387340986": {
            "type": "product",
            "settings": {
              "for_name": "Image #5",
              "product": "copy-of-mini-tweed-backpack",
              "horizontal_position": 50,
              "vertical_position": 50
            }
          },
          "1542387353030": {
            "type": "product",
            "settings": {
              "for_name": "Image #5",
              "product": "copy-of-cotton-off-the-shoulder-tee",
              "horizontal_position": 50,
              "vertical_position": 50
            }
          },
          "1542387373169": {
            "type": "image",
            "settings": {
              "page_name": "",
              "name": "Image #6",
              "image": "shopify:\/\/shop_images\/2605987800_1_1_1_370x.progressive_13e9c962-fad8-4f1d-8799-2f1551aaf7d8.jpg"
            }
          },
          "1542387382203": {
            "type": "product",
            "settings": {
              "for_name": "Image #6",
              "product": "samsung-kettle-5-1a",
              "horizontal_position": 50,
              "vertical_position": 50
            }
          },
          "1542387411829": {
            "type": "product",
            "settings": {
              "for_name": "Image #6",
              "product": "beats-pro",
              "horizontal_position": 50,
              "vertical_position": 50
            }
          }
        },
        "block_order": [
          "1542387060794",
          "1542387072609",
          "1542387098822",
          "1542387113509",
          "1542387151949",
          "1542387164328",
          "1542387189814",
          "1542387203977",
          "1542387221408",
          "1542387238743",
          "1542387258647",
          "1542387273113",
          "1542387289586",
          "1542387304831",
          "1542387315315",
          "1542387327988",
          "1542387340986",
          "1542387353030",
          "1542387373169",
          "1542387382203",
          "1542387411829"
        ],
        "settings": {
          "show_title": true,
          "layout": "2",
          "grid": "3",
          "grid_responsive": "",
          "image_size": 500
        }
      },
      "1586447503284": {
        "type": "home-builder",
        "blocks": {
          "1586447539616": {
            "type": "promobox",
            "settings": {
              "url": "shopify:\/\/collections\/womens",
              "image": "shopify:\/\/shop_images\/36.png",
              "image_size": 900,
              "image_mobile": "shopify:\/\/shop_images\/Rectangle_8.jpg",
              "image_mobile_size": 900,
              "image_position_x": 90,
              "color_image_mask": "",
              "image_mask_opacity": 0.5,
              "text_line_1": "FINAL <br>CLEARANCE",
              "text_line_2": "Take 20% off ‘Sale Must-Haves'",
              "text_line_3": "Text line #3",
              "style": "2",
              "button_1": "DISCOVER MORE",
              "button_1_url": "",
              "color_button_type_1": "secondary",
              "button_2": "Button #2 text",
              "button_2_url": "",
              "color_button_type_2": "default-transparent",
              "list_1": "",
              "custom_html": "",
              "video_external_url": "",
              "video_mp4_url": "",
              "video_autoplay": true,
              "video_controls": false,
              "type": "type-1-4",
              "content_position": "center",
              "content_align": "center",
              "content_width": 100,
              "height": "preset_1",
              "min_height": 0,
              "size_of_column": "auto",
              "visible": "desktop_mobile",
              "parallax": "disable",
              "animation_to": "bottom",
              "animation_from": "none",
              "animation_opacity": "none",
              "animation_text": "none",
              "customization_class": ""
            }
          }
        },
        "block_order": [
          "1586447539616"
        ],
        "settings": {
          "title": "",
          "container": "boxed",
          "size_of_columns": "1",
          "margins_for_columns": "none",
          "align_of_columns": "top_center",
          "disable_column_paddings": false,
          "precedence": "",
          "customization_class": ""
        }
      },
      "1586452583265": {
        "type": "spacer",
        "settings": {
          "margin_top": 60,
          "margin_bottom": 0,
          "margin_top_mobile": 10,
          "margin_bottom_mobile": 0,
          "container": "boxed",
          "show_separator": false
        }
      },
      "1586452593581": {
        "type": "home-builder",
        "blocks": {
          "1586452655460": {
            "type": "promobox",
            "settings": {
              "url": "shopify:\/\/collections\/women-clothing",
              "image": "shopify:\/\/shop_images\/28.png",
              "image_size": 1450,
              "image_mobile": "",
              "image_mobile_size": 550,
              "image_position_x": 50,
              "color_image_mask": "",
              "image_mask_opacity": 0.5,
              "text_line_1": "40% OFF ALL PANTS AND T-SHIRTS",
              "text_line_2": "",
              "text_line_3": "Text line #3",
              "style": "2",
              "button_1": "DISCOVER MORE",
              "button_1_url": "",
              "color_button_type_1": "default-transparent",
              "button_2": "Button #2 text",
              "button_2_url": "",
              "color_button_type_2": "default-transparent",
              "list_1": "",
              "custom_html": "",
              "video_external_url": "",
              "video_mp4_url": "",
              "video_autoplay": true,
              "video_controls": false,
              "type": "type-2",
              "content_position": "center",
              "content_align": "center",
              "content_width": 100,
              "height": "auto",
              "min_height": 0,
              "size_of_column": "8",
              "visible": "desktop_mobile",
              "parallax": "disable",
              "animation_to": "center",
              "animation_from": "none",
              "animation_opacity": "none",
              "animation_text": "none",
              "customization_class": ""
            }
          },
          "1586452658509": {
            "type": "promobox",
            "settings": {
              "url": "shopify:\/\/collections\/women-accessories",
              "image": "shopify:\/\/shop_images\/30.png",
              "image_size": 1450,
              "image_mobile": "",
              "image_mobile_size": 550,
              "image_position_x": 50,
              "color_image_mask": "",
              "image_mask_opacity": 0.5,
              "text_line_1": "NEW-SEASON ACCESSORIES",
              "text_line_2": "",
              "text_line_3": "Text line #3",
              "style": "2",
              "button_1": "DISCOVER MORE",
              "button_1_url": "",
              "color_button_type_1": "default-transparent",
              "button_2": "Button #2 text",
              "button_2_url": "",
              "color_button_type_2": "default-transparent",
              "list_1": "",
              "custom_html": "",
              "video_external_url": "",
              "video_mp4_url": "",
              "video_autoplay": true,
              "video_controls": false,
              "type": "type-2",
              "content_position": "center",
              "content_align": "center",
              "content_width": 100,
              "height": "auto",
              "min_height": 0,
              "size_of_column": "4",
              "visible": "desktop_mobile",
              "parallax": "disable",
              "animation_to": "center",
              "animation_from": "none",
              "animation_opacity": "none",
              "animation_text": "none",
              "customization_class": ""
            }
          }
        },
        "block_order": [
          "1586452655460",
          "1586452658509"
        ],
        "settings": {
          "title": "",
          "container": "boxed",
          "size_of_columns": "1",
          "margins_for_columns": "preset_2",
          "align_of_columns": "top_center",
          "disable_column_paddings": false,
          "precedence": "",
          "customization_class": ""
        }
      },
      "1586452623500": {
        "type": "spacer",
        "settings": {
          "margin_top": 60,
          "margin_bottom": 0,
          "margin_top_mobile": 10,
          "margin_bottom_mobile": 0,
          "container": "boxed",
          "show_separator": false
        }
      },
      "1586455885113": {
        "type": "home-builder",
        "blocks": {
          "1586455953201": {
            "type": "promobox",
            "settings": {
              "url": "shopify:\/\/collections\/featured",
              "image": "shopify:\/\/shop_images\/35.png",
              "image_size": 1450,
              "image_mobile": "shopify:\/\/shop_images\/Rectangle_8-2.jpg",
              "image_mobile_size": 550,
              "image_position_x": 50,
              "color_image_mask": "",
              "image_mask_opacity": 0.5,
              "text_line_1": "NEW <br>SEASON",
              "text_line_2": "New Arrivals Are Here!",
              "text_line_3": "Text line #3",
              "style": "2",
              "button_1": "DISCOVER MORE",
              "button_1_url": "",
              "color_button_type_1": "secondary",
              "button_2": "Button #2 text",
              "button_2_url": "",
              "color_button_type_2": "default-transparent",
              "list_1": "",
              "custom_html": "",
              "video_external_url": "",
              "video_mp4_url": "",
              "video_autoplay": true,
              "video_controls": false,
              "type": "type-1-4",
              "content_position": "center",
              "content_align": "center",
              "content_width": 100,
              "height": "preset_1",
              "min_height": 0,
              "size_of_column": "auto",
              "visible": "desktop_mobile",
              "parallax": "disable",
              "animation_to": "bottom",
              "animation_from": "none",
              "animation_opacity": "none",
              "animation_text": "none",
              "customization_class": ""
            }
          }
        },
        "block_order": [
          "1586455953201"
        ],
        "settings": {
          "title": "",
          "container": "boxed",
          "size_of_columns": "1",
          "margins_for_columns": "none",
          "align_of_columns": "top_center",
          "disable_column_paddings": false,
          "precedence": "",
          "customization_class": ""
        }
      },
      "1586457174829": {
        "type": "spacer",
        "settings": {
          "margin_top": 60,
          "margin_bottom": 0,
          "margin_top_mobile": 10,
          "margin_bottom_mobile": 0,
          "container": "boxed",
          "show_separator": false
        }
      },
      "1586457228978": {
        "type": "home-builder",
        "blocks": {
          "1586457242756": {
            "type": "promobox",
            "settings": {
              "url": "shopify:\/\/collections\/trending-now-hp",
              "image": "shopify:\/\/shop_images\/29.png",
              "image_size": 1450,
              "image_mobile": "",
              "image_mobile_size": 550,
              "image_position_x": 50,
              "color_image_mask": "",
              "image_mask_opacity": 0.5,
              "text_line_1": "THE VACATION SHOP",
              "text_line_2": "",
              "text_line_3": "Text line #3",
              "style": "2",
              "button_1": "DISCOVER MORE",
              "button_1_url": "",
              "color_button_type_1": "default-transparent",
              "button_2": "Button #2 text",
              "button_2_url": "",
              "color_button_type_2": "default-transparent",
              "list_1": "",
              "custom_html": "",
              "video_external_url": "",
              "video_mp4_url": "",
              "video_autoplay": true,
              "video_controls": false,
              "type": "type-2",
              "content_position": "center",
              "content_align": "center",
              "content_width": 100,
              "height": "auto",
              "min_height": 0,
              "size_of_column": "4",
              "visible": "desktop_mobile",
              "parallax": "disable",
              "animation_to": "none",
              "animation_from": "none",
              "animation_opacity": "hover",
              "animation_text": "none",
              "customization_class": ""
            }
          },
          "1586457294976": {
            "type": "promobox",
            "settings": {
              "url": "shopify:\/\/collections\/accessories",
              "image": "shopify:\/\/shop_images\/31.png",
              "image_size": 1450,
              "image_mobile": "",
              "image_mobile_size": 550,
              "image_position_x": 50,
              "color_image_mask": "",
              "image_mask_opacity": 0.5,
              "text_line_1": "THIS SEASON'S BOMBER JACKETS",
              "text_line_2": "",
              "text_line_3": "Text line #3",
              "style": "2",
              "button_1": "DISCOVER MORE",
              "button_1_url": "",
              "color_button_type_1": "default-transparent",
              "button_2": "Button #2 text",
              "button_2_url": "",
              "color_button_type_2": "default-transparent",
              "list_1": "",
              "custom_html": "",
              "video_external_url": "",
              "video_mp4_url": "",
              "video_autoplay": true,
              "video_controls": false,
              "type": "type-2",
              "content_position": "center",
              "content_align": "center",
              "content_width": 100,
              "height": "auto",
              "min_height": 0,
              "size_of_column": "8",
              "visible": "desktop_mobile",
              "parallax": "disable",
              "animation_to": "none",
              "animation_from": "none",
              "animation_opacity": "hover",
              "animation_text": "none",
              "customization_class": ""
            }
          }
        },
        "block_order": [
          "1586457242756",
          "1586457294976"
        ],
        "settings": {
          "title": "",
          "container": "boxed",
          "size_of_columns": "1",
          "margins_for_columns": "preset_2",
          "align_of_columns": "top_center",
          "disable_column_paddings": false,
          "precedence": "",
          "customization_class": ""
        }
      },
      "1586457571798": {
        "type": "home-builder",
        "blocks": {
          "1586457590008": {
            "type": "promobox",
            "settings": {
              "url": "shopify:\/\/collections\/accessories",
              "image": "shopify:\/\/shop_images\/37.png",
              "image_size": 1450,
              "image_mobile": "shopify:\/\/shop_images\/Rectangle_8-3.jpg",
              "image_mobile_size": 550,
              "image_position_x": 50,
              "color_image_mask": "",
              "image_mask_opacity": 0.5,
              "text_line_1": "TOUCH <br>OF COLOR",
              "text_line_2": "Essential Styles Come Alive In Bright Colours.",
              "text_line_3": "Text line #3",
              "style": "2",
              "button_1": "DISCOVER MORE",
              "button_1_url": "",
              "color_button_type_1": "secondary",
              "button_2": "Button #2 text",
              "button_2_url": "",
              "color_button_type_2": "default-transparent",
              "list_1": "",
              "custom_html": "",
              "video_external_url": "",
              "video_mp4_url": "",
              "video_autoplay": true,
              "video_controls": false,
              "type": "type-1-4",
              "content_position": "center",
              "content_align": "center",
              "content_width": 100,
              "height": "preset_1",
              "min_height": 0,
              "size_of_column": "auto",
              "visible": "desktop_mobile",
              "parallax": "disable",
              "animation_to": "center",
              "animation_from": "none",
              "animation_opacity": "none",
              "animation_text": "none",
              "customization_class": ""
            }
          }
        },
        "block_order": [
          "1586457590008"
        ],
        "settings": {
          "title": "",
          "container": "boxed",
          "size_of_columns": "1",
          "margins_for_columns": "none",
          "align_of_columns": "top_center",
          "disable_column_paddings": false,
          "precedence": "",
          "customization_class": ""
        }
      },
      "1586457671018": {
        "type": "spacer",
        "settings": {
          "margin_top": 60,
          "margin_bottom": 0,
          "margin_top_mobile": 10,
          "margin_bottom_mobile": 0,
          "container": "boxed",
          "show_separator": false
        }
      },
      "1586457724169": {
        "type": "home-builder",
        "blocks": {
          "1586457751461": {
            "type": "promobox",
            "settings": {
              "url": "shopify:\/\/collections\/women-clothing",
              "image": "shopify:\/\/shop_images\/32.png",
              "image_size": 1450,
              "image_mobile": "",
              "image_mobile_size": 550,
              "image_position_x": 50,
              "color_image_mask": "",
              "image_mask_opacity": 0.5,
              "text_line_1": "NEW ICONIC MODEL",
              "text_line_2": "",
              "text_line_3": "Text line #3",
              "style": "2",
              "button_1": "DISCOVER MORE",
              "button_1_url": "",
              "color_button_type_1": "default-transparent",
              "button_2": "Button #2 text",
              "button_2_url": "",
              "color_button_type_2": "default-transparent",
              "list_1": "",
              "custom_html": "",
              "video_external_url": "",
              "video_mp4_url": "",
              "video_autoplay": true,
              "video_controls": false,
              "type": "type-2",
              "content_position": "center",
              "content_align": "center",
              "content_width": 100,
              "height": "auto",
              "min_height": 0,
              "size_of_column": "auto",
              "visible": "desktop_mobile",
              "parallax": "disable",
              "animation_to": "left",
              "animation_from": "none",
              "animation_opacity": "none",
              "animation_text": "none",
              "customization_class": ""
            }
          },
          "1586457756541": {
            "type": "promobox",
            "settings": {
              "url": "shopify:\/\/collections\/women-shoes",
              "image": "shopify:\/\/shop_images\/34.png",
              "image_size": 1450,
              "image_mobile": "",
              "image_mobile_size": 550,
              "image_position_x": 50,
              "color_image_mask": "",
              "image_mask_opacity": 0.5,
              "text_line_1": "'90s LOVE: THE DENIM SKIRT",
              "text_line_2": "",
              "text_line_3": "Text line #3",
              "style": "2",
              "button_1": "DISCOVER MORE",
              "button_1_url": "",
              "color_button_type_1": "default-transparent",
              "button_2": "Button #2 text",
              "button_2_url": "",
              "color_button_type_2": "default-transparent",
              "list_1": "",
              "custom_html": "",
              "video_external_url": "",
              "video_mp4_url": "",
              "video_autoplay": true,
              "video_controls": false,
              "type": "type-2",
              "content_position": "center",
              "content_align": "center",
              "content_width": 100,
              "height": "auto",
              "min_height": 0,
              "size_of_column": "auto",
              "visible": "desktop_mobile",
              "parallax": "disable",
              "animation_to": "bottom",
              "animation_from": "none",
              "animation_opacity": "none",
              "animation_text": "none",
              "customization_class": ""
            }
          },
          "1586457759053": {
            "type": "promobox",
            "settings": {
              "url": "shopify:\/\/collections\/women-accessories",
              "image": "shopify:\/\/shop_images\/33.png",
              "image_size": 1450,
              "image_mobile": "",
              "image_mobile_size": 550,
              "image_position_x": 50,
              "color_image_mask": "",
              "image_mask_opacity": 0.5,
              "text_line_1": "40% OFF ALL",
              "text_line_2": "",
              "text_line_3": "Text line #3",
              "style": "2",
              "button_1": "DISCOVER MORE",
              "button_1_url": "",
              "color_button_type_1": "default-transparent",
              "button_2": "Button #2 text",
              "button_2_url": "",
              "color_button_type_2": "default-transparent",
              "list_1": "",
              "custom_html": "",
              "video_external_url": "",
              "video_mp4_url": "",
              "video_autoplay": true,
              "video_controls": false,
              "type": "type-2",
              "content_position": "center",
              "content_align": "center",
              "content_width": 100,
              "height": "auto",
              "min_height": 0,
              "size_of_column": "auto",
              "visible": "desktop_mobile",
              "parallax": "disable",
              "animation_to": "right",
              "animation_from": "none",
              "animation_opacity": "none",
              "animation_text": "none",
              "customization_class": ""
            }
          }
        },
        "block_order": [
          "1586457751461",
          "1586457756541",
          "1586457759053"
        ],
        "settings": {
          "title": "",
          "container": "boxed",
          "size_of_columns": "3",
          "margins_for_columns": "preset_2",
          "align_of_columns": "top_center",
          "disable_column_paddings": false,
          "precedence": "",
          "customization_class": ""
        }
      },
      "1586568011315": {
        "type": "spacer",
        "settings": {
          "margin_top": 60,
          "margin_bottom": 0,
          "margin_top_mobile": 50,
          "margin_bottom_mobile": 0,
          "container": "boxed",
          "show_separator": false
        }
      },
      "1592923616239": {
        "type": "carousel-products",
        "blocks": {
          "1592923623954": {
            "type": "collection",
            "settings": {
              "title": "",
              "collection": "trending-now"
            }
          }
        },
        "block_order": [
          "1592923623954"
        ],
        "settings": {
          "show_title": true,
          "container": "boxed",
          "size_of_columns": "4",
          "max_count": 6,
          "autoplay": true,
          "speed": 5,
          "infinite": true,
          "arrows": true,
          "bullets": true
        }
      },
      "1592923639737": {
        "type": "spacer",
        "settings": {
          "margin_top": 60,
          "margin_bottom": 0,
          "margin_top_mobile": 0,
          "margin_bottom_mobile": 0,
          "container": "boxed",
          "show_separator": false
        }
      }
    },
    "content_for_index": [
      "1586452623500",
      "1586447503284",
      "1586452583265",
      "1586452593581",
      "1586455885113",
      "1586457174829",
      "1586457228978",
      "1586457571798",
      "1586457671018",
      "1586457724169",
      "1592923616239",
      "1592923639737",
      "1586284059940",
      "1586568011315"
    ]
  }
}