{
  "current": {
    "purchase_code": "",
    "presentation_enable": true,
    "logo_types": "svg",
    "logo_svg_file": "svg-logo-tools",
    "logo_image": "",
    "logo_width": 146,
    "logo_mobile_svg_file": "svg-logo-tools",
    "logo_mobile_image": "",
    "logo_mobile_width": 72,
    "logo_sticky_svg_file": "",
    "logo_sticky_image": "",
    "logo_sticky_width": 92,
    "logo_footer_svg_file": "svg-logo-tools-invert",
    "logo_footer_image": "",
    "logo_footer_width": 146,
    "logo_footer_mobile_svg_file": "",
    "logo_footer_mobile_image": "",
    "logo_footer_mobile_width": 64,
    "favicon": "shopify:\/\/shop_images\/favicon.png",
    "layout_container": "fullwidth",
    "layout_show_breadcrumbs": true,
    "layout_pagination_type": "button_load_more",
    "layout_enable_rtl": false,
    "layout_images_lazyload": true,
    "layout_settings_file": "skin-5",
    "color_skin": "skin-5",
    "color_theme": "",
    "color_theme2": "",
    "color_theme3": "",
    "color_theme4": "",
    "color_theme5": "",
    "color_theme6": "",
    "color_theme7": "",
    "color_theme8": "",
    "color_theme9": "",
    "color_theme10": "",
    "color_theme11": "",
    "color_theme_primary": "",
    "color_theme_body": "",
    "color_theme_c": "",
    "color_theme_paragraph_c": "",
    "color_theme_head_c": "",
    "color_theme_link_c": "",
    "color_theme_link_act_c": "",
    "typography_skin": "skin-5",
    "font_base": "archivo_n4",
    "font_base_apply_to_all": true,
    "font_base_type": "bold",
    "font_size_body": 13,
    "font_heading": "basic_commercial_n4",
    "font_heading_type": "none",
    "font_size_h1": 44,
    "font_size_h2": 32,
    "font_size_h3": 24,
    "font_size_h4": 18,
    "font_size_h5": 15,
    "font_size_h6": 13,
    "font_button": "basic_commercial_n4",
    "font_size_button": 13,
    "font_size_input": 13,
    "font_menu": "basic_commercial_n4",
    "font_size_menu": 13,
    "font_size_menu_list": 13,
    "font_size_menu_title": 15,
    "font_size_menu_mobile": 15,
    "font_load_alternative": false,
    "font_alternative": "basic_commercial_n4",
    "font_alternative_type": "none",
    "collection_show_sidebar": "hide",
    "collection_sidebar_position": "left",
    "collection_enable_sticky": true,
    "collection_tag_filters_logic": "and",
    "collection_only_available": false,
    "collection_enable_fullwidth_head_section": false,
    "collection_enable_product_carousel_section": false,
    "collection_builder_mode": "",
    "product_format_pjpg": true,
    "product_show_review_loading": false,
    "product_button_addtocart_size": "default",
    "product_cursor": "",
    "product_show_custom_options": true,
    "product_enable_variants_section": false,
    "product_hide_options_without_availability_variants": true,
    "product_variant_auto_select": "enable",
    "product_auto_selected_options": "",
    "product_variant_change_on_hover": false,
    "product_options_listing_visibility": "all",
    "product_options_type_circle_color": "Color|Colour",
    "product_options_type_circle_image": "",
    "product_options_type_square_color": "",
    "product_options_type_square_image": "",
    "product_options_type_select": "",
    "product_options_type_large_text": "",
    "product_collection_image_height_percent": 100,
    "product_collection_image_size": "contain",
    "product_collection_image_border_radius": 0,
    "product_replace_images_hover": true,
    "product_collection_show_label_in_stock": false,
    "product_collection_show_label_out_stock": true,
    "product_collection_show_label_sale": true,
    "product_collection_show_label_new": true,
    "product_collection_show_label_hot": true,
    "product_collection_centered_info": false,
    "product_collection_more_info_type": "hide",
    "product_collection_show_title": true,
    "product_collection_show_price": true,
    "product_collection_show_button_quick_view": true,
    "product_collection_show_countdown": true,
    "product_collection_show_images_navigation": true,
    "product_collection_show_options": true,
    "product_collection_show_quantity": false,
    "product_collection_show_button_add_to_cart": true,
    "product_collection_show_button_add_to_wishlist": true,
    "product_collection_show_button_add_to_compare": true,
    "product_collection_show_reviews": true,
    "product_collection_hide_reviews_counter": true,
    "product_collection_hide_reviews_mobile_counter": true,
    "product_collection_hide_empty_reviews": true,
    "product_collection_show_sku": true,
    "product_collection_show_barcode": false,
    "product_collection_show_availability": true,
    "product_collection_show_type": true,
    "product_collection_show_vendor": true,
    "product_collection_show_description": true,
    "product_info_layout": "1",
    "product_info_show_arrows": true,
    "product_info_show_btn_fullscreen": true,
    "product_info_show_btn_video": true,
    "product_info_video_autoplay": true,
    "product_info_enable_zoom": true,
    "product_info_gallery_height_percent": 100,
    "product_info_show_label_in_stock": true,
    "product_info_show_label_out_stock": true,
    "product_info_show_label_sale": true,
    "product_info_show_label_new": true,
    "product_info_show_label_hot": true,
    "product_info_show_collections": false,
    "product_info_show_title": true,
    "product_info_show_price": true,
    "product_info_show_sale_details": true,
    "product_info_show_taxes": false,
    "product_info_show_sku": true,
    "product_info_show_barcode": true,
    "product_info_show_availability": false,
    "product_info_show_type": true,
    "product_info_show_vendor": true,
    "product_info_show_reviews": true,
    "product_info_hide_reviews_counter": false,
    "product_info_hide_empty_reviews": true,
    "product_info_show_countdown": true,
    "product_info_show_options": true,
    "product_info_show_quantity": true,
    "product_info_show_notes": false,
    "product_info_show_size_guide": false,
    "product_info_size_guide_page_content": "",
    "product_info_show_delivery_return": true,
    "product_info_delivery_return_page_content": "",
    "product_info_button_layout": "1",
    "product_info_show_button_add_to_cart": true,
    "product_info_show_button_add_to_wishlist": true,
    "product_info_show_button_add_to_compare": true,
    "product_info_show_payments": true,
    "product_info_payments_type": "dark",
    "product_info_page_enable_sticky_gallery": true,
    "product_info_page_show_button_dynamic_checkout": true,
    "product_info_page_show_dynamic_checkout_confirmation": false,
    "product_info_page_styled_dynamic_checkout": true,
    "product_info_page_show_related_products": true,
    "product_info_page_show_usage_info_sidebar": true,
    "product_info_page_sidebar": "off",
    "product_info_page_enable_sticky_sidebar": true,
    "product_footbar_enable": true,
    "product_footbar_show_title": true,
    "product_footbar_show_price": true,
    "product_footbar_show_reviews": true,
    "product_footbar_show_options": true,
    "product_footbar_show_quantity": true,
    "product_footbar_show_button_add_to_cart": true,
    "product_info_quick_show_full_details": true,
    "product_info_show_stock_countdown": false,
    "product_info_show_stock_countdown_range": true,
    "product_stock_countdown_min": 10,
    "product_info_show_text_countdown": false,
    "product_text_countdown_reset_time": 2,
    "product_text_countdown_delivery_time": 3,
    "product_text_countdown_delivery_format": "Day DD\/MM\/YYYY",
    "product_text_countdown_delivery_excludes": "Saturday, Sunday",
    "product_info_show_visitors": true,
    "product_visitors_min": 10,
    "product_visitors_max": 25,
    "product_visitors_stroke": 4,
    "product_visitors_interval_min": 2,
    "product_visitors_interval_max": 6,
    "search_show": true,
    "search_show_only_products": false,
    "search_ajax": true,
    "price_show_sale_separator": false,
    "show_multiple_currencies": true,
    "currency_format": "money_format",
    "supported_currencies": "USD EUR GBP",
    "supported_currencies_short_names": "US($)|UE(€)|BP(£)",
    "supported_currencies_full_names": "USD - US Dollar|EUR - Euro|GBP - British Pound",
    "default_currency": "USD",
    "cart_show_header_button": true,
    "cart_popup_enable": true,
    "cart_ajax": true,
    "cart_icon": "icon-theme-117",
    "cart_show_vendor": false,
    "cart_show_notes": true,
    "cart_show_free_shipping": false,
    "cart_free_shipping_value": "20000",
    "shipping_calculator": "Enabled",
    "shipping_calculator_default_country": "United States",
    "wishlist_enable": true,
    "compare_enable": false,
    "compare_show_description": true,
    "compare_show_collection": true,
    "compare_show_availability": true,
    "compare_show_product_type": true,
    "compare_show_vendor": true,
    "compare_show_sku": true,
    "compare_show_barcode": true,
    "compare_show_options": true,
    "compare_description_max_size": 100,
    "payment_footer_sequence": "1,2,3,4,5,6,7,8,9",
    "payment_product_sequence": "10,11,12,1,2,3,4,5,6,7,8,9",
    "payment_icon_1_show": true,
    "payment_icon_1_code": "",
    "payment_icon_1_image": "",
    "payment_icon_1_url": "",
    "payment_icon_1_tooltip": "",
    "payment_icon_2_show": true,
    "payment_icon_2_code": "",
    "payment_icon_2_image": "",
    "payment_icon_2_url": "",
    "payment_icon_2_tooltip": "",
    "payment_icon_3_show": true,
    "payment_icon_3_code": "",
    "payment_icon_3_image": "",
    "payment_icon_3_url": "",
    "payment_icon_3_tooltip": "",
    "payment_icon_4_show": true,
    "payment_icon_4_code": "",
    "payment_icon_4_image": "",
    "payment_icon_4_url": "",
    "payment_icon_4_tooltip": "",
    "payment_icon_5_show": true,
    "payment_icon_5_code": "",
    "payment_icon_5_image": "",
    "payment_icon_5_url": "",
    "payment_icon_5_tooltip": "",
    "payment_icon_6_show": true,
    "payment_icon_6_code": "",
    "payment_icon_6_image": "",
    "payment_icon_6_url": "",
    "payment_icon_6_tooltip": "",
    "payment_icon_7_show": true,
    "payment_icon_7_code": "",
    "payment_icon_7_image": "",
    "payment_icon_7_url": "",
    "payment_icon_7_tooltip": "",
    "payment_icon_8_show": true,
    "payment_icon_8_code": "",
    "payment_icon_8_image": "",
    "payment_icon_8_url": "",
    "payment_icon_8_tooltip": "",
    "payment_icon_9_show": true,
    "payment_icon_9_code": "",
    "payment_icon_9_image": "",
    "payment_icon_9_url": "",
    "payment_icon_9_tooltip": "",
    "payment_icon_10_show": true,
    "payment_icon_10_code": "",
    "payment_icon_10_image": "",
    "payment_icon_10_url": "",
    "payment_icon_10_tooltip": "",
    "payment_icon_11_show": true,
    "payment_icon_11_code": "",
    "payment_icon_11_image": "",
    "payment_icon_11_url": "",
    "payment_icon_11_tooltip": "",
    "payment_icon_12_show": true,
    "payment_icon_12_code": "",
    "payment_icon_12_image": "",
    "payment_icon_12_url": "",
    "payment_icon_12_tooltip": "",
    "social_share_image": "",
    "social_facebook": "https:\/\/www.facebook.com\/",
    "social_twitter": "https:\/\/twitter.com\/",
    "social_instagram": "https:\/\/www.instagram.com\/",
    "social_pinterest": "https:\/\/www.pinterest.com\/",
    "social_youtube": "https:\/\/www.youtube.com\/",
    "social_behance": "https:\/\/www.behance.net\/",
    "social_skype": "https:\/\/www.skype.com\/",
    "subscription_method": "shopify",
    "subscription_mailchimp_form_action": "\/\/myshopify.us18.list-manage.com\/subscribe\/post?u=8a50b61e56896303a04d0243e&amp;id=3c3d06b907",
    "subscription_popup_enable": true,
    "subscription_popup_layout": "1",
    "subscription_popup_show_icon": true,
    "subscription_popup_text_line_01": "ULTIMATE SALE",
    "subscription_popup_text_line_02": "20%Off",
    "subscription_popup_text_line_03": "All Clothing. Limited time offer!",
    "subscription_popup_text_line_04": "",
    "subscription_popup_show_form": true,
    "subscription_popup_text_input_placeholder": "Enter Please Your Email Address",
    "subscription_popup_text_submit_button_text": "SUBSCRIBE!",
    "subscription_popup_text_button": "SHOP NOW!",
    "subscription_popup_text_dont_show_again": "Don't show this popup again",
    "subscription_popup_text_close": "NO, THANK YOU",
    "subscription_popup_image": "",
    "subscription_popup_image_width": 600,
    "subscription_popup_image_format_pjpg": true,
    "subscription_popup_insert_image": "",
    "subscription_popup_insert_image_width": 200,
    "subscription_popup_insert_image_format_pjpg": false,
    "subscription_popup_link": "shopify:\/\/collections\/accessories",
    "subscription_popup_show_once": "false",
    "subscription_popup_delay": 8,
    "subscription_popup_cookies_life": "1",
    "subscription_confirmation_popup_enable": true,
    "subscription_confirmation_popup_success_message": "Thanks for subscribing!",
    "subscription_confirmation_popup_success_button": "Continue shopping",
    "blog_show_sidebar": "hide",
    "blog_sidebar_position": "right",
    "blog_enable_sticky": true,
    "article_show_sidebar": "hide",
    "article_sidebar_position": "right",
    "article_enable_sticky": true,
    "account_show_header_button": true,
    "account_popup_enable": true,
    "account_popup_sign_up_info_page_content": "",
    "account_popup_show_subscription": true,
    "account_page_sing_up_page_content": "",
    "services_show_header_button": true,
    "services_popup_enable": true,
    "services_popup_page_content": "",
    "javascript_loader_jquery_first": false,
    "app_language": "none",
    "app_language_link_list": "",
    "button_border_radius": 0,
    "input_border_radius": 0,
    "promobox_image_border_radius": 0,
    "promobox_format_pjpg": true,
    "notification_cookies_enable": true,
    "notification_cookies_button_information_link": "",
    "notification_cookies_delay": 0,
    "notification_cookies_show_once": true,
    "notification_cookies_cookies_life": "1",
    "notification_products_enable": true,
    "notification_products_collection": "",
    "notification_products_range_min": 2,
    "notification_products_range_max": 20,
    "notification_products_delay": 8,
    "notification_products_interval_min": 10,
    "notification_products_interval_max": 18,
    "notification_products_time_life": 14,
    "layout_enable_preloader": false,
    "layout_preloader_image": "",
    "layout_preloader_image_size": 100,
    "layout_preloader_opacity": 0.8,
    "promobox_animation_duration": 0.5,
    "tooltips_enable": false,
    "tooltips_animation_type": "scale",
    "header_animation_sticky_opacity": 0.9,
    "header_tape_animation_duration": 0.3,
    "product_hover_animation_type": "fade",
    "buttons_animation_icon_enable": true,
    "dev_enable_custom_css": false,
    "dev_enable_custom_js": false,
    "dev_enable_content_for_header": true,
    "checkout_header_image": "",
    "checkout_logo_image": "",
    "checkout_logo_position": "left",
    "checkout_logo_size": "medium",
    "checkout_body_background_image": "",
    "checkout_body_background_color": "#fff",
    "checkout_input_background_color_mode": "white",
    "checkout_sidebar_background_image": "",
    "checkout_sidebar_background_color": "#fafafa",
    "checkout_heading_font": "-apple-system, BlinkMacSystemFont, 'Segoe UI', Roboto, Helvetica, Arial, sans-serif, 'Apple Color Emoji', 'Segoe UI Emoji', 'Segoe UI Symbol'",
    "checkout_body_font": "-apple-system, BlinkMacSystemFont, 'Segoe UI', Roboto, Helvetica, Arial, sans-serif, 'Apple Color Emoji', 'Segoe UI Emoji', 'Segoe UI Symbol'",
    "checkout_accent_color": "#197bbd",
    "checkout_button_color": "#197bbd",
    "checkout_error_color": "#e32c2b",
    "sections": {
      "header": {
        "type": "header",
        "blocks": {
          "1591392206623": {
            "type": "info_line",
            "settings": {
              "style": "1",
              "page_content": "include-header-info-line-3",
              "show_social_media": true,
              "show_facebook": true,
              "show_twitter": true,
              "show_instagram": true,
              "show_pinterest": true,
              "show_youtube": true,
              "show_behance": true,
              "show_skype": false
            }
          },
          "1592488703682": {
            "type": "megamenu",
            "settings": {
              "for_item": "Power Tools",
              "grid": 4,
              "second_level_column": false,
              "second_level_column_size": 20,
              "wrap": true,
              "wrapper_grid": 6,
              "column_left_type": "none",
              "column_left_size": 0,
              "column_right_type": "8\/12-4\/12",
              "column_right_size": 0,
              "enable_width_limit": false,
              "width_limit": 630
            }
          },
          "1592488819683": {
            "type": "megamenu_promobox",
            "settings": {
              "title": "",
              "url": "shopify:\/\/collections\/accessories",
              "image": "shopify:\/\/shop_images\/MEGAMENU.jpg",
              "image_size": 1450,
              "color_image_mask": "",
              "image_mask_opacity": 0.5,
              "text_line_1": "10% OFF ALL POWER TOOLS",
              "text_line_2": "Get up to 20% off",
              "text_line_3": "Text line #3",
              "style": "2",
              "button_1": "Button #1 text",
              "button_1_url": "",
              "color_button_type_1": "default",
              "button_2": "Button #2 text",
              "button_2_url": "",
              "color_button_type_2": "default",
              "list_1": "",
              "custom_html": "",
              "type": "type-2-3",
              "content_position": "center",
              "content_align": "center",
              "animation_to": "none",
              "animation_from": "none",
              "animation_opacity": "none",
              "customization_class": ""
            }
          },
          "1592488824899": {
            "type": "megamenu_brands",
            "settings": {
              "title": "",
              "url": "shopify:\/\/collections\/accessories",
              "size_of_images": "2",
              "image_1": "shopify:\/\/shop_images\/80X80_3761bf94-b00f-4eb2-b246-4df25966ed01.png",
              "image_size_1": 80,
              "url_1": "shopify:\/\/collections\/air-tools",
              "image_2": "shopify:\/\/shop_images\/80X80-1_73e04d55-4296-44e3-a202-9e5d623f076c.png",
              "image_size_2": 80,
              "url_2": "shopify:\/\/collections\/storage-essentials",
              "image_3": "shopify:\/\/shop_images\/80X80-2_1f6f39a8-8dd6-4b51-90de-e0ead26dedeb.png",
              "image_size_3": 80,
              "url_3": "shopify:\/\/collections\/hand-tools",
              "image_4": "shopify:\/\/shop_images\/80X80-3_058ef2e1-52d0-420e-a521-41286a960cae.png",
              "image_size_4": 80,
              "url_4": "shopify:\/\/collections\/measuring-toolsgarage",
              "image_5": "shopify:\/\/shop_images\/80X80-4_c22690f6-fccd-4db2-aa9a-786184f02e1a.png",
              "image_size_5": 80,
              "url_5": "shopify:\/\/collections\/power-tools",
              "image_6": "shopify:\/\/shop_images\/80X80-5_78f4a033-888c-4052-898a-141650e6d8e5.png",
              "image_size_6": 80,
              "url_6": "",
              "image_7": "",
              "image_size_7": 80,
              "url_7": "",
              "image_8": "",
              "image_size_8": 80,
              "url_8": "",
              "image_9": "",
              "image_size_9": 80,
              "url_9": "",
              "image_10": "",
              "image_size_10": 80,
              "url_10": ""
            }
          }
        },
        "block_order": [
          "1591392206623",
          "1592488703682",
          "1592488819683",
          "1592488824899"
        ],
        "settings": {
          "type": "1",
          "style": "3",
          "menu": "main-menu",
          "show_menu_arrows": true,
          "show_menu_hover_underline": false,
          "vertical_menu": "",
          "fixed_vertical_menu": false,
          "additional_line_info_page_content": "",
          "sticky": "desktop_and_mobile",
          "desktop_sticky_type": "slim"
        }
      },
      "footer": {
        "type": "footer",
        "blocks": {
          "1591391603258": {
            "type": "menu",
            "settings": {
              "title": "",
              "show_title_on_desktop": true,
              "menu": "shop",
              "size": 0,
              "rows_limit": 0
            }
          },
          "1591391605477": {
            "type": "menu",
            "settings": {
              "title": "",
              "show_title_on_desktop": true,
              "menu": "information",
              "size": 0,
              "rows_limit": 0
            }
          },
          "1591391607625": {
            "type": "menu",
            "settings": {
              "title": "",
              "show_title_on_desktop": true,
              "menu": "order",
              "size": 0,
              "rows_limit": 0
            }
          },
          "1591391630243": {
            "type": "subscription",
            "settings": {
              "title": "Newsletter subscription",
              "paragraph": "Sign up for Shella updates to receive information about new arrivals, future events and specials.",
              "placeholder": "Enter Your Email Address",
              "button_text": "SUBSCRIBE!"
            }
          },
          "1591391638453": {
            "type": "social_media",
            "settings": {
              "title": "Follow us",
              "show_facebook": true,
              "show_twitter": true,
              "show_instagram": true,
              "show_pinterest": true,
              "show_youtube": true,
              "show_behance": true,
              "show_skype": false
            }
          },
          "1591391646955": {
            "type": "copyright",
            "settings": {
              "page_content": ""
            }
          }
        },
        "block_order": [
          "1591391603258",
          "1591391605477",
          "1591391607625",
          "1591391630243",
          "1591391638453",
          "1591391646955"
        ],
        "settings": {
          "type": "2",
          "style": "2",
          "show_logo": true,
          "show_button_back_to_top": true,
          "enable_fixed": true
        }
      },
      "1591391150111": {
        "type": "home-builder",
        "blocks": {
          "1591391165517": {
            "type": "promobox",
            "settings": {
              "url": "",
              "image": "shopify:\/\/shop_images\/promobox-01.jpg",
              "image_size": 1450,
              "image_mobile": "",
              "image_mobile_size": 550,
              "image_position_x": 50,
              "color_image_mask": "",
              "image_mask_opacity": 0.5,
              "text_line_1": "Limited Time: Online Only!",
              "text_line_2": "UP TO <br>40% OFF",
              "text_line_3": "Select Tools and Accessories",
              "style": "5",
              "button_1": "SHOP NOW!",
              "button_1_url": "",
              "color_button_type_1": "invert",
              "button_2": "Button #2 text",
              "button_2_url": "",
              "color_button_type_2": "default",
              "list_1": "",
              "custom_html": "",
              "video_external_url": "",
              "video_mp4_url": "",
              "video_autoplay": true,
              "video_controls": false,
              "type": "type-1-background-2",
              "content_position": "center",
              "content_align": "center",
              "content_width": 100,
              "height": "auto",
              "min_height": 450,
              "size_of_column": "auto",
              "visible": "desktop_mobile",
              "parallax": "disable",
              "animation_to": "center",
              "animation_from": "none",
              "animation_opacity": "none",
              "animation_text": "none",
              "customization_class": "promobox--modification-2"
            }
          }
        },
        "block_order": [
          "1591391165517"
        ],
        "settings": {
          "title": "",
          "container": "fullwidth",
          "size_of_columns": "1",
          "margins_for_columns": "none",
          "align_of_columns": "top_center",
          "disable_column_paddings": false,
          "precedence": "",
          "customization_class": ""
        }
      },
      "1591391176840": {
        "type": "carousel-brands",
        "blocks": {
          "1591391196696": {
            "type": "brand",
            "settings": {
              "image": "shopify:\/\/shop_images\/Frame.png",
              "link": "#"
            }
          },
          "1591391199405": {
            "type": "brand",
            "settings": {
              "image": "shopify:\/\/shop_images\/Frame-1.png",
              "link": "#"
            }
          },
          "1591391200973": {
            "type": "brand",
            "settings": {
              "image": "shopify:\/\/shop_images\/Frame-2.png",
              "link": "#"
            }
          },
          "1591391202526": {
            "type": "brand",
            "settings": {
              "image": "shopify:\/\/shop_images\/Frame-3.png",
              "link": "#"
            }
          },
          "1591391203933": {
            "type": "brand",
            "settings": {
              "image": "shopify:\/\/shop_images\/Frame-4.png",
              "link": "#"
            }
          },
          "1591391205133": {
            "type": "brand",
            "settings": {
              "image": "shopify:\/\/shop_images\/Frame-5.png",
              "link": "#"
            }
          },
          "1591391206158": {
            "type": "brand",
            "settings": {
              "image": "shopify:\/\/shop_images\/Frame-2_a1467c2d-4a8d-477f-ac3b-621ffd325c22.png",
              "link": "#"
            }
          },
          "1591391207126": {
            "type": "brand",
            "settings": {
              "image": "shopify:\/\/shop_images\/Frame-3_e289888b-d4ca-4fd0-a7e8-26ef459e302a.png",
              "link": "#"
            }
          }
        },
        "block_order": [
          "1591391196696",
          "1591391199405",
          "1591391200973",
          "1591391202526",
          "1591391203933",
          "1591391205133",
          "1591391206158",
          "1591391207126"
        ],
        "settings": {
          "title": "Popular Brands",
          "layout": "slider",
          "size_of_columns": "6",
          "image_max_width": 0,
          "bordered_links": true,
          "border_radius": "",
          "autoplay": true,
          "speed": 5,
          "infinite": true,
          "arrows": true,
          "bullets": false
        }
      },
      "1591391232639": {
        "type": "home-builder",
        "blocks": {
          "1591391237160": {
            "type": "promobox",
            "settings": {
              "url": "shopify:\/\/collections\/power-tools",
              "image": "shopify:\/\/shop_images\/Rectangle.jpg",
              "image_size": 1450,
              "image_mobile": "",
              "image_mobile_size": 550,
              "image_position_x": 50,
              "color_image_mask": "",
              "image_mask_opacity": 0.5,
              "text_line_1": "POWER TOOLS",
              "text_line_2": "",
              "text_line_3": "Text line #3",
              "style": "2",
              "button_1": "",
              "button_1_url": "",
              "color_button_type_1": "default",
              "button_2": "Button #2 text",
              "button_2_url": "",
              "color_button_type_2": "default",
              "list_1": "",
              "custom_html": "",
              "video_external_url": "",
              "video_mp4_url": "",
              "video_autoplay": true,
              "video_controls": false,
              "type": "type-2-3",
              "content_position": "center",
              "content_align": "center",
              "content_width": 100,
              "height": "auto",
              "min_height": 0,
              "size_of_column": "auto",
              "visible": "desktop_mobile",
              "parallax": "disable",
              "animation_to": "none",
              "animation_from": "none",
              "animation_opacity": "hover",
              "animation_text": "none",
              "customization_class": "promobox--modification-1"
            }
          },
          "1591391239216": {
            "type": "promobox",
            "settings": {
              "url": "shopify:\/\/collections\/hand-tools",
              "image": "shopify:\/\/shop_images\/Rectangle-1.jpg",
              "image_size": 1450,
              "image_mobile": "",
              "image_mobile_size": 550,
              "image_position_x": 50,
              "color_image_mask": "",
              "image_mask_opacity": 0.5,
              "text_line_1": "HAND TOOLS",
              "text_line_2": "",
              "text_line_3": "Text line #3",
              "style": "2",
              "button_1": "",
              "button_1_url": "",
              "color_button_type_1": "default",
              "button_2": "Button #2 text",
              "button_2_url": "",
              "color_button_type_2": "default",
              "list_1": "",
              "custom_html": "",
              "video_external_url": "",
              "video_mp4_url": "",
              "video_autoplay": true,
              "video_controls": false,
              "type": "type-2-3",
              "content_position": "center",
              "content_align": "center",
              "content_width": 100,
              "height": "auto",
              "min_height": 0,
              "size_of_column": "auto",
              "visible": "desktop_mobile",
              "parallax": "disable",
              "animation_to": "none",
              "animation_from": "none",
              "animation_opacity": "hover",
              "animation_text": "none",
              "customization_class": "promobox--modification-1"
            }
          },
          "1591391241159": {
            "type": "promobox",
            "settings": {
              "url": "shopify:\/\/collections\/air-tools",
              "image": "shopify:\/\/shop_images\/Rectangle-2.jpg",
              "image_size": 1450,
              "image_mobile": "",
              "image_mobile_size": 550,
              "image_position_x": 50,
              "color_image_mask": "",
              "image_mask_opacity": 0.5,
              "text_line_1": "AIR TOOLS",
              "text_line_2": "",
              "text_line_3": "Text line #3",
              "style": "2",
              "button_1": "",
              "button_1_url": "",
              "color_button_type_1": "default",
              "button_2": "Button #2 text",
              "button_2_url": "",
              "color_button_type_2": "default",
              "list_1": "",
              "custom_html": "",
              "video_external_url": "",
              "video_mp4_url": "",
              "video_autoplay": true,
              "video_controls": false,
              "type": "type-2-3",
              "content_position": "center",
              "content_align": "center",
              "content_width": 100,
              "height": "auto",
              "min_height": 0,
              "size_of_column": "auto",
              "visible": "desktop_mobile",
              "parallax": "disable",
              "animation_to": "none",
              "animation_from": "none",
              "animation_opacity": "hover",
              "animation_text": "none",
              "customization_class": "promobox--modification-1"
            }
          },
          "1591391243775": {
            "type": "promobox",
            "settings": {
              "url": "shopify:\/\/collections\/tool-storage-work-benches",
              "image": "shopify:\/\/shop_images\/Rectangle-3.jpg",
              "image_size": 1450,
              "image_mobile": "",
              "image_mobile_size": 550,
              "image_position_x": 50,
              "color_image_mask": "",
              "image_mask_opacity": 0.5,
              "text_line_1": "TOOL STORAGE & WORK BENCHES",
              "text_line_2": "",
              "text_line_3": "Text line #3",
              "style": "2",
              "button_1": "",
              "button_1_url": "",
              "color_button_type_1": "default",
              "button_2": "Button #2 text",
              "button_2_url": "",
              "color_button_type_2": "default",
              "list_1": "",
              "custom_html": "",
              "video_external_url": "",
              "video_mp4_url": "",
              "video_autoplay": true,
              "video_controls": false,
              "type": "type-2-3",
              "content_position": "center",
              "content_align": "center",
              "content_width": 100,
              "height": "auto",
              "min_height": 0,
              "size_of_column": "auto",
              "visible": "desktop_mobile",
              "parallax": "disable",
              "animation_to": "none",
              "animation_from": "none",
              "animation_opacity": "hover",
              "animation_text": "none",
              "customization_class": "promobox--modification-1"
            }
          },
          "1591391245864": {
            "type": "promobox",
            "settings": {
              "url": "shopify:\/\/collections\/ladders-scaffolding",
              "image": "shopify:\/\/shop_images\/Rectangle-4.jpg",
              "image_size": 1450,
              "image_mobile": "",
              "image_mobile_size": 550,
              "image_position_x": 50,
              "color_image_mask": "",
              "image_mask_opacity": 0.5,
              "text_line_1": "LADDERS & SCAFFOLDING",
              "text_line_2": "",
              "text_line_3": "Text line #3",
              "style": "2",
              "button_1": "",
              "button_1_url": "",
              "color_button_type_1": "default",
              "button_2": "Button #2 text",
              "button_2_url": "",
              "color_button_type_2": "default",
              "list_1": "",
              "custom_html": "",
              "video_external_url": "",
              "video_mp4_url": "",
              "video_autoplay": true,
              "video_controls": false,
              "type": "type-2-3",
              "content_position": "center",
              "content_align": "center",
              "content_width": 100,
              "height": "auto",
              "min_height": 0,
              "size_of_column": "auto",
              "visible": "desktop_mobile",
              "parallax": "disable",
              "animation_to": "none",
              "animation_from": "none",
              "animation_opacity": "hover",
              "animation_text": "none",
              "customization_class": "promobox--modification-1"
            }
          },
          "1591391247984": {
            "type": "promobox",
            "settings": {
              "url": "shopify:\/\/collections\/accessories",
              "image": "shopify:\/\/shop_images\/Rectangle-5.jpg",
              "image_size": 1450,
              "image_mobile": "",
              "image_mobile_size": 550,
              "image_position_x": 50,
              "color_image_mask": "",
              "image_mask_opacity": 0.5,
              "text_line_1": "ACCESSORIES",
              "text_line_2": "",
              "text_line_3": "Text line #3",
              "style": "2",
              "button_1": "",
              "button_1_url": "",
              "color_button_type_1": "default",
              "button_2": "Button #2 text",
              "button_2_url": "",
              "color_button_type_2": "default",
              "list_1": "",
              "custom_html": "",
              "video_external_url": "",
              "video_mp4_url": "",
              "video_autoplay": true,
              "video_controls": false,
              "type": "type-2-3",
              "content_position": "center",
              "content_align": "center",
              "content_width": 100,
              "height": "auto",
              "min_height": 0,
              "size_of_column": "auto",
              "visible": "desktop_mobile",
              "parallax": "disable",
              "animation_to": "none",
              "animation_from": "none",
              "animation_opacity": "hover",
              "animation_text": "none",
              "customization_class": "promobox--modification-1"
            }
          },
          "1591391250034": {
            "type": "promobox",
            "settings": {
              "url": "shopify:\/\/collections\/measuring-toolsgarage",
              "image": "shopify:\/\/shop_images\/Rectangle-6.jpg",
              "image_size": 1450,
              "image_mobile": "",
              "image_mobile_size": 550,
              "image_position_x": 50,
              "color_image_mask": "",
              "image_mask_opacity": 0.5,
              "text_line_1": "MEASURING TOOLS",
              "text_line_2": "",
              "text_line_3": "Text line #3",
              "style": "2",
              "button_1": "",
              "button_1_url": "",
              "color_button_type_1": "default",
              "button_2": "Button #2 text",
              "button_2_url": "",
              "color_button_type_2": "default",
              "list_1": "",
              "custom_html": "",
              "video_external_url": "",
              "video_mp4_url": "",
              "video_autoplay": true,
              "video_controls": false,
              "type": "type-2-3",
              "content_position": "center",
              "content_align": "center",
              "content_width": 100,
              "height": "auto",
              "min_height": 0,
              "size_of_column": "auto",
              "visible": "desktop_mobile",
              "parallax": "disable",
              "animation_to": "none",
              "animation_from": "none",
              "animation_opacity": "hover",
              "animation_text": "none",
              "customization_class": "promobox--modification-1"
            }
          },
          "1591391253880": {
            "type": "promobox",
            "settings": {
              "url": "shopify:\/\/collections\/storage-essentials",
              "image": "shopify:\/\/shop_images\/Rectangle-7.jpg",
              "image_size": 1450,
              "image_mobile": "",
              "image_mobile_size": 550,
              "image_position_x": 50,
              "color_image_mask": "",
              "image_mask_opacity": 0.5,
              "text_line_1": "GARAGE STORAGE & ESSENTIALS",
              "text_line_2": "",
              "text_line_3": "Text line #3",
              "style": "2",
              "button_1": "",
              "button_1_url": "",
              "color_button_type_1": "default",
              "button_2": "Button #2 text",
              "button_2_url": "",
              "color_button_type_2": "default",
              "list_1": "",
              "custom_html": "",
              "video_external_url": "",
              "video_mp4_url": "",
              "video_autoplay": true,
              "video_controls": false,
              "type": "type-2-3",
              "content_position": "center",
              "content_align": "center",
              "content_width": 100,
              "height": "auto",
              "min_height": 0,
              "size_of_column": "auto",
              "visible": "desktop_mobile",
              "parallax": "disable",
              "animation_to": "none",
              "animation_from": "none",
              "animation_opacity": "hover",
              "animation_text": "none",
              "customization_class": "promobox--modification-1"
            }
          }
        },
        "block_order": [
          "1591391237160",
          "1591391239216",
          "1591391241159",
          "1591391243775",
          "1591391245864",
          "1591391247984",
          "1591391250034",
          "1591391253880"
        ],
        "settings": {
          "title": "<p>Popular Categories<\/p>",
          "container": "boxed",
          "size_of_columns": "4",
          "margins_for_columns": "preset_2",
          "align_of_columns": "top_center",
          "disable_column_paddings": false,
          "precedence": "",
          "customization_class": ""
        }
      },
      "1591391285545": {
        "type": "spacer",
        "settings": {
          "margin_top": 75,
          "margin_bottom": 55,
          "margin_top_mobile": 0,
          "margin_bottom_mobile": 0,
          "container": "boxed",
          "show_separator": true
        }
      },
      "1591391346576": {
        "type": "spacer",
        "settings": {
          "margin_top": 55,
          "margin_bottom": 0,
          "margin_top_mobile": 0,
          "margin_bottom_mobile": 0,
          "container": "boxed",
          "show_separator": false
        }
      },
      "1591391376388": {
        "type": "spacer",
        "settings": {
          "margin_top": 0,
          "margin_bottom": 60,
          "margin_top_mobile": 10,
          "margin_bottom_mobile": 0,
          "container": "boxed",
          "show_separator": true
        }
      },
      "1591391410989": {
        "type": "home-builder",
        "blocks": {
          "1591391424105": {
            "type": "promobox",
            "settings": {
              "url": "shopify:\/\/collections\/measuring-toolsgarage",
              "image": "shopify:\/\/shop_images\/02.jpg",
              "image_size": 1450,
              "image_mobile": "",
              "image_mobile_size": 550,
              "image_position_x": 50,
              "color_image_mask": "",
              "image_mask_opacity": 0.5,
              "text_line_1": "10% OFF Circular Saws",
              "text_line_2": "Limited Time: Online Only!",
              "text_line_3": "Text line #3",
              "style": "3",
              "button_1": "",
              "button_1_url": "",
              "color_button_type_1": "default",
              "button_2": "Button #2 text",
              "button_2_url": "",
              "color_button_type_2": "default",
              "list_1": "",
              "custom_html": "",
              "video_external_url": "",
              "video_mp4_url": "",
              "video_autoplay": true,
              "video_controls": false,
              "type": "type-2",
              "content_position": "center",
              "content_align": "center",
              "content_width": 100,
              "height": "auto",
              "min_height": 0,
              "size_of_column": "auto",
              "visible": "desktop_mobile",
              "parallax": "disable",
              "animation_to": "none",
              "animation_from": "none",
              "animation_opacity": "hover",
              "animation_text": "none",
              "customization_class": "font-700-text-1"
            }
          },
          "1591391427751": {
            "type": "promobox",
            "settings": {
              "url": "shopify:\/\/collections\/hand-tools",
              "image": "shopify:\/\/shop_images\/03.jpg",
              "image_size": 1450,
              "image_mobile": "",
              "image_mobile_size": 550,
              "image_position_x": 50,
              "color_image_mask": "",
              "image_mask_opacity": 0.5,
              "text_line_1": "40% OFF Oscillating <br>Tool Kits",
              "text_line_2": "Limited Time: Online Only!",
              "text_line_3": "Text line #3",
              "style": "3",
              "button_1": "",
              "button_1_url": "",
              "color_button_type_1": "default",
              "button_2": "Button #2 text",
              "button_2_url": "",
              "color_button_type_2": "default",
              "list_1": "",
              "custom_html": "",
              "video_external_url": "",
              "video_mp4_url": "",
              "video_autoplay": true,
              "video_controls": false,
              "type": "type-2",
              "content_position": "center",
              "content_align": "center",
              "content_width": 100,
              "height": "auto",
              "min_height": 0,
              "size_of_column": "auto",
              "visible": "desktop_mobile",
              "parallax": "disable",
              "animation_to": "none",
              "animation_from": "none",
              "animation_opacity": "hover",
              "animation_text": "none",
              "customization_class": "font-700-text-1"
            }
          },
          "1591391429972": {
            "type": "promobox",
            "settings": {
              "url": "shopify:\/\/collections\/storage-essentials",
              "image": "shopify:\/\/shop_images\/04.jpg",
              "image_size": 1450,
              "image_mobile": "",
              "image_mobile_size": 550,
              "image_position_x": 50,
              "color_image_mask": "",
              "image_mask_opacity": 0.5,
              "text_line_1": "20% OFF All Jigsaws",
              "text_line_2": "Limited Time: Online Only!",
              "text_line_3": "Text line #3",
              "style": "3",
              "button_1": "",
              "button_1_url": "",
              "color_button_type_1": "default",
              "button_2": "Button #2 text",
              "button_2_url": "",
              "color_button_type_2": "default",
              "list_1": "",
              "custom_html": "",
              "video_external_url": "",
              "video_mp4_url": "",
              "video_autoplay": true,
              "video_controls": false,
              "type": "type-2",
              "content_position": "center",
              "content_align": "center",
              "content_width": 100,
              "height": "auto",
              "min_height": 0,
              "size_of_column": "auto",
              "visible": "desktop_mobile",
              "parallax": "disable",
              "animation_to": "none",
              "animation_from": "none",
              "animation_opacity": "hover",
              "animation_text": "none",
              "customization_class": "font-700-text-1"
            }
          },
          "1591391432368": {
            "type": "promobox",
            "settings": {
              "url": "shopify:\/\/collections\/storage-essentials",
              "image": "shopify:\/\/shop_images\/05.jpg",
              "image_size": 1450,
              "image_mobile": "",
              "image_mobile_size": 550,
              "image_position_x": 50,
              "color_image_mask": "",
              "image_mask_opacity": 0.5,
              "text_line_1": "20% OFF Work Benches",
              "text_line_2": "Limited Time: Online Only!",
              "text_line_3": "Text line #3",
              "style": "3",
              "button_1": "",
              "button_1_url": "",
              "color_button_type_1": "default",
              "button_2": "Button #2 text",
              "button_2_url": "",
              "color_button_type_2": "default",
              "list_1": "",
              "custom_html": "",
              "video_external_url": "",
              "video_mp4_url": "",
              "video_autoplay": true,
              "video_controls": false,
              "type": "type-2",
              "content_position": "center",
              "content_align": "center",
              "content_width": 100,
              "height": "auto",
              "min_height": 0,
              "size_of_column": "auto",
              "visible": "desktop_mobile",
              "parallax": "disable",
              "animation_to": "none",
              "animation_from": "none",
              "animation_opacity": "hover",
              "animation_text": "none",
              "customization_class": "font-700-text-1"
            }
          },
          "1591391434331": {
            "type": "promobox",
            "settings": {
              "url": "shopify:\/\/collections\/air-tools",
              "image": "shopify:\/\/shop_images\/06.jpg",
              "image_size": 1450,
              "image_mobile": "",
              "image_mobile_size": 550,
              "image_position_x": 50,
              "color_image_mask": "",
              "image_mask_opacity": 0.5,
              "text_line_1": "5% OFF Cordless Drills",
              "text_line_2": "Limited Time: Online Only!",
              "text_line_3": "Text line #3",
              "style": "3",
              "button_1": "",
              "button_1_url": "",
              "color_button_type_1": "default",
              "button_2": "Button #2 text",
              "button_2_url": "",
              "color_button_type_2": "default",
              "list_1": "",
              "custom_html": "",
              "video_external_url": "",
              "video_mp4_url": "",
              "video_autoplay": true,
              "video_controls": false,
              "type": "type-2",
              "content_position": "center",
              "content_align": "center",
              "content_width": 100,
              "height": "auto",
              "min_height": 0,
              "size_of_column": "auto",
              "visible": "desktop_mobile",
              "parallax": "disable",
              "animation_to": "none",
              "animation_from": "none",
              "animation_opacity": "hover",
              "animation_text": "none",
              "customization_class": "font-700-text-1"
            }
          },
          "1591391436332": {
            "type": "promobox",
            "settings": {
              "url": "shopify:\/\/collections\/accessories",
              "image": "shopify:\/\/shop_images\/07.jpg",
              "image_size": 1450,
              "image_mobile": "",
              "image_mobile_size": 550,
              "image_position_x": 50,
              "color_image_mask": "",
              "image_mask_opacity": 0.5,
              "text_line_1": "40% OFF All Chainsaws",
              "text_line_2": "Limited Time: Online Only!",
              "text_line_3": "Text line #3",
              "style": "3",
              "button_1": "",
              "button_1_url": "",
              "color_button_type_1": "default",
              "button_2": "Button #2 text",
              "button_2_url": "",
              "color_button_type_2": "default",
              "list_1": "",
              "custom_html": "",
              "video_external_url": "",
              "video_mp4_url": "",
              "video_autoplay": true,
              "video_controls": false,
              "type": "type-2",
              "content_position": "center",
              "content_align": "center",
              "content_width": 100,
              "height": "auto",
              "min_height": 0,
              "size_of_column": "auto",
              "visible": "desktop_mobile",
              "parallax": "disable",
              "animation_to": "none",
              "animation_from": "none",
              "animation_opacity": "hover",
              "animation_text": "none",
              "customization_class": "font-700-text-1"
            }
          }
        },
        "block_order": [
          "1591391424105",
          "1591391427751",
          "1591391429972",
          "1591391432368",
          "1591391434331",
          "1591391436332"
        ],
        "settings": {
          "title": "",
          "container": "boxed",
          "size_of_columns": "3",
          "margins_for_columns": "preset_2",
          "align_of_columns": "top_center",
          "disable_column_paddings": false,
          "precedence": "",
          "customization_class": ""
        }
      },
      "1591391484210": {
        "type": "carousel-products",
        "blocks": {
          "1591391488794": {
            "type": "collection",
            "settings": {
              "title": "",
              "collection": "trending-now"
            }
          }
        },
        "block_order": [
          "1591391488794"
        ],
        "settings": {
          "show_title": true,
          "container": "boxed",
          "size_of_columns": "4",
          "max_count": 6,
          "autoplay": true,
          "speed": 5,
          "infinite": true,
          "arrows": true,
          "bullets": true
        }
      },
      "1591391519417": {
        "type": "spacer",
        "settings": {
          "margin_top": 0,
          "margin_bottom": 60,
          "margin_top_mobile": 10,
          "margin_bottom_mobile": 0,
          "container": "boxed",
          "show_separator": true
        }
      },
      "1591391555266": {
        "type": "spacer",
        "settings": {
          "margin_top": 60,
          "margin_bottom": 0,
          "margin_top_mobile": 0,
          "margin_bottom_mobile": 0,
          "container": "boxed",
          "show_separator": false
        }
      },
      "1591391564753": {
        "type": "information-line",
        "blocks": {
          "1591391564753-0": {
            "type": "content",
            "settings": {
              "icon": "theme-116",
              "title": "Free Shipping.",
              "paragraph": "All orders of $49 or more of eligible items across any product category qualify.",
              "url": ""
            }
          },
          "1591391564753-1": {
            "type": "content",
            "settings": {
              "icon": "theme-125",
              "title": "Payment Methods.",
              "paragraph": "Credit Card: Visa, MasterCard, Maestro, American Express.",
              "url": ""
            }
          },
          "1591391564753-2": {
            "type": "content",
            "settings": {
              "icon": "theme-009",
              "title": "Returns & Refunds.",
              "paragraph": "You can return any item purchased on Shella within 20 days of the delivery date.",
              "url": ""
            }
          }
        },
        "block_order": [
          "1591391564753-0",
          "1591391564753-1",
          "1591391564753-2"
        ],
        "settings": {
          "title": "",
          "style": "2"
        }
      },
      "product": {
        "type": "product",
        "settings": {
          "show_tabs": true,
          "show_tab_description": true,
          "show_tab_reviews": true
        }
      },
      "carousel-related-products": {
        "type": "carousel-related-products",
        "settings": {
          "type": "related",
          "title": "Related Products",
          "size_of_columns": "4",
          "max_count": 6,
          "autoplay": true,
          "speed": 5,
          "infinite": true,
          "arrows": true,
          "bullets": true
        }
      },
      "product-fixed-sizebar": {
        "type": "product-fixed-sizebar",
        "settings": {
        }
      },
      "collection-head": {
        "type": "collection-head",
        "settings": {
          "default_desktop_title": "title",
          "default_mobile_title": "title",
          "margins_for_columns": "none"
        }
      },
      "collection-sidebar": {
        "type": "collection-sidebar",
        "blocks": {
          "collection-sidebar-0": {
            "type": "current_filters",
            "settings": {
              "title": "CURRENT FILTERS",
              "default_state": "close",
              "show_border": true
            }
          },
          "collection-sidebar-1": {
            "type": "collections",
            "settings": {
              "title": "COLLECTION",
              "default_state": "open",
              "show_border": true,
              "menu": "",
              "collection_tags_select": "radio"
            }
          },
          "collection-sidebar-2": {
            "type": "filters",
            "settings": {
              "title": "FILTERS",
              "default_state": "open",
              "show_border": true,
              "type": "tags",
              "items": "",
              "show_all_from_collection": false,
              "direction": "columns",
              "max_column_size": 0,
              "columns": "2",
              "for_collections": ""
            }
          }
        },
        "block_order": [
          "collection-sidebar-0",
          "collection-sidebar-1",
          "collection-sidebar-2"
        ],
        "settings": {
          "hide_blocks_without_filters": false
        }
      },
      "collection-body": {
        "type": "collection-body",
        "settings": {
          "show_sort_by": true,
          "show_info": true,
          "show_view_length": true,
          "enable_view_length_6": true,
          "enable_view_length_12": true,
          "enable_view_length_18": true,
          "enable_view_length_24": true,
          "enable_view_length_48": false,
          "default_view_length": "12",
          "show_view_grid": true,
          "show_view_grid_1": true,
          "show_view_grid_2": true,
          "show_view_grid_3": true,
          "show_view_grid_4": true,
          "show_view_grid_list": true,
          "default_view_grid_xl": "4",
          "default_view_grid_lg": "4",
          "default_view_grid_md": "3",
          "default_view_grid_sm": "2",
          "default_view_grid_xs": "2",
          "enable_grid_tooltip": true
        }
      },
      "list-collections": {
        "type": "list-collections",
        "settings": {
          "size_of_columns": "3",
          "type": "list-collections-1",
          "masonry_enable": false,
          "height": "auto",
          "image_size": 900,
          "format_pjpg": true,
          "animation_to": "none",
          "animation_from": "none",
          "animation_opacity": "none"
        }
      }
    },
    "content_for_index": [
      "1591391150111",
      "1591391346576",
      "1591391176840",
      "1591391285545",
      "1591391232639",
      "1591391376388",
      "1591391410989",
      "1591391519417",
      "1591391484210",
      "1591391555266",
      "1591391564753"
    ]
  }
}