{"last_tab":"","custom-sidebars":["Shop Single Sidebar"],"google-api-key":"AIzaSyAZwt6bwYVLVPBweZwpblV1ZWvuWWDYT_w&language=en","social-icon-enable":"1","social-identities":{"redux_repeater_data":[{"title":""},{"title":""},{"title":""}],"title":["FaceBook","Twitter","Google+"],"network":["fa-facebook","fa-twitter","fa-google-plus"],"url":["#","#","#"]},"color-switcher":"","color-view":"","color-name":"","color":"","skin-sec-color":"","site-version":"modify","site-version-default":"v1","site-version-modify":"jewellery","site-layout":"wide","site-background-type":"","site-bar-bg":{"url":"","id":"","height":"","width":"","thumbnail":"","title":"","caption":"","alt":"","description":""},"site-bar-solid":"","site-bar-gradient":"","breadcrumb-enable":"on","header-jewellery-currency":"1","header-jewellery-link":"1","header-jewellery-cart":"1","header-jewellery-search":"1","header-jewellery-phone":"+(56) 123 456 546","header-jewellery-email":"Info@Jewellery.Com","opt-logo":{"url":"http:\/\/www.ckthemes.com\/flipmart\/jewelleries\/wp-content\/uploads\/sites\/19\/2018\/08\/j-logo.jpg","id":"4","height":"117","width":"249","thumbnail":"http:\/\/www.ckthemes.com\/flipmart\/jewelleries\/wp-content\/uploads\/sites\/19\/2018\/08\/j-logo-150x117.jpg","title":"j-logo","caption":"","alt":"","description":""},"favicon":{"url":"","id":"","height":"","width":"","thumbnail":"","title":"","caption":"","alt":"","description":""},"iphone_icon":{"url":"","id":"","height":"","width":"","thumbnail":"","title":"","caption":"","alt":"","description":""},"iphone_icon_retina":{"url":"","id":"","height":"","width":"","thumbnail":"","title":"","caption":"","alt":"","description":""},"ipad_icon":{"url":"","id":"","height":"","width":"","thumbnail":"","title":"","caption":"","alt":"","description":""},"ipad_icon_retina":{"url":"","id":"","height":"","width":"","thumbnail":"","title":"","caption":"","alt":"","description":""},"jewellery-newsletter":"1","jewellery-newsletter-content":"<h3>Subscribe Newsletter<\/h3>\r\nGet all latest news and offer by subcribing to our Newsletter","jewellery-footer-copyright":"Copyright \u00a9 2019, jewellery All Rights Reseved.","page-opt-enable-global":"0","page-opt-sidebar":"primary","page-opt-sidebar-position":"right","blog-enable-global":"1","blog-sidebar":"primary","blog-sidebar-position":"right","blog-single-enable-global":"1","blog-single-sidebar":"primary","blog-single-sidebar-position":"right","blog-archive-enable-global":"1","blog-archive-sidebar":"primary","blog-archive-sidebar-position":"right","blog-search-enable-global":"1","search-sidebar":"primary","search-sidebar-position":"right","shop-enable-global":"1","shop-sidebar":"woocommerce","shop-sidebar-position":"left","product-enable-global":"1","product-sidebar":"shop-single-sidebar","product-sidebar-position":"right","body_typography":{"font-family":"PT Sans","font-options":"","google":"1","font-weight":"400","font-style":"","subsets":"","font-size":"13px","line-height":"1.5","letter-spacing":"0","color":"#747474"},"h1_typography":{"font-family":"Antic Slab","font-options":"","google":"1","font-weight":"400","font-style":"","subsets":"","font-size":"34px","line-height":"1.4","letter-spacing":"0","color":"#333333"},"h2_typography":{"font-family":"Antic Slab","font-options":"","google":"1","font-weight":"400","font-style":"","subsets":"","font-size":"18px","line-height":"1.5","letter-spacing":"0","color":"#333333"},"h3_typography":{"font-family":"Antic Slab","font-options":"","google":"1","font-weight":"400","font-style":"","subsets":"","font-size":"16px","line-height":"1.5","letter-spacing":"0","color":"#333333"},"h4_typography":{"font-family":"Antic Slab","font-options":"","google":"1","font-weight":"400","font-style":"","subsets":"","font-size":"13px","line-height":"1.5","letter-spacing":"0","color":"#333333"},"h5_typography":{"font-family":"Antic Slab","font-options":"","google":"1","font-weight":"400","font-style":"","subsets":"","font-size":"12px","line-height":"1.5","letter-spacing":"0","color":"#333333"},"h6_typography":{"font-family":"Antic Slab","font-options":"","google":"1","font-weight":"400","font-style":"","subsets":"","font-size":"11px","line-height":"1.5","letter-spacing":"0","color":"#333333"},"adds_google_font":{"font-family":"","font-options":"","google":"1","subsets":""},"adds_google_font_2":{"font-family":"","font-options":"","google":"1","subsets":""},"adds_google_font_3":{"font-family":"","font-options":"","google":"1","subsets":""},"blog-animation":"","blog-delay":"","post-social-share":"1","blog-author-box":"1","blog-single-animation":"","blog-single-delay":"","excerpt-by":"words","excerpt-length":"30","excerpt-ellipsis":"\u2026","excerpt-before":"<p>","excerpt-after":"<\/p>","excerpt-readmore":"1","excerpt-readmore-txt":"Read More","shop-layout":"grid","shop-column":"3","shop-limit":"12","top-bar":"1","shop-filter":"1","shop-pagination":"1","shop-sale-banner":"1","shop-banner":{"url":"http:\/\/www.ckthemes.com\/flipmart\/jewelleries\/wp-content\/uploads\/sites\/19\/2018\/08\/j-banner.jpg","id":"9","height":"719","width":"1400","thumbnail":"http:\/\/www.ckthemes.com\/flipmart\/jewelleries\/wp-content\/uploads\/sites\/19\/2018\/08\/j-banner-150x150.jpg","title":"j-banner","caption":"","alt":"","description":""},"shop-banner-heading":"Big Sale","shop-banner-sub-heading":"Save up to 49% off","shop-banner-content":"Lorem ipsum dolor sit amet, consectetur adipiscing elit","shop-quick-view":"1","sale-tag":"1","sale-tag-text":"Sale","new-tag":"1","new-tag-text":"New","hot-tag":"1","hot-tag-text":"Hot","stock-tag":"1","stock-tag-text":"Out Of Stock","product-content-animation":"","product-content-delay":"","product-tab":"1","product-tab-animation":"","product-tab-delay":"","product-related":"1","product-rel-limit":"8","product-related-animation":"","product-related-delay":"","product-sell":"1","product-sell-limit":"8","product-sell-animation":"","product-sell-delay":"","product-cross":"1","product-cross-limit":"8","page-404-title":"404","page-404-subtitle":"Oops! the page you were looking for, couldn't be found.","page-404-body":"Try the search below to find matching pages:","error-404-enable-search":"on","error-404-search-title":"Search..","page-404-search-btn":"Go","page-404-back-btn":"Go To Homepage","enable-translation":"1","tr-blog-comment":"Comment","tr-blog-comments":"Comments","tr-blog-comment-off":"Comment Off","tr-blog-comment-reply":"Reply","tr-blog-search":"Search..","tr-blog-search-result":"Search Result of %s","search-result-limit":"12","google_analytics":"","space_head":"","space_body":"","clear-static-files":"0","dynamic_css":"0","dynamic_css_compiler":"1","dynamic_css_db_caching":"0","cache_server_ip":"","custom_css":"","product-qr-code":true,"redux-backup":"1"}