{
  "current": {
    "purchase_code": "loc011ew-skin-5555-8ef0-07ff10974adf",
    "layout_container": "fullwidth",
    "layout_show_breadcrumbs": true,
    "layout_pagination_type": "button_load_more",
    "layout_pagination_classic_centered": false,
    "layout_enable_rtl": false,
    "layout_images_lazyload": true,
    "layout_images_lazyload_effect": "fade-in",
    "favicon": "shopify:\/\/shop_images\/favicon_de2ad637-bccc-4911-b8dd-0e43eec34251.png",
    "layout_include_weglot_app": false,
    "layout_enable_presentation": true,
    "layout_enable_preloader": false,
    "layout_preloader_type": "1",
    "layout_preloader_image": "",
    "layout_preloader_image_size": 100,
    "layout_preloader_html": "",
    "layout_preloader_css": "",
    "layout_preloader_opacity": 0.8,
    "layout_preloader_cursor": "",
    "font_main": "futura_n4",
    "font_load_weight": true,
    "font_weight": "futura_n7",
    "font_load_weight2": false,
    "font_weight2": "basic_commercial_n4",
    "font_size_body": 13,
    "line_height_body": 17,
    "letter_spacing_body": 0,
    "font_weight_body": "normal",
    "font_size_body_lg": 15,
    "line_height_body_lg": 23,
    "letter_spacing_body_lg": 0,
    "font_enable_heading": false,
    "font_heading": "basic_commercial_n4",
    "font_size_h1": 44,
    "line_height_h1": 48,
    "letter_spacing_h1": 5,
    "font_weight_h1": "normal",
    "font_size_h2": 32,
    "line_height_h2": 35,
    "letter_spacing_h2": 5,
    "font_weight_h2": "normal",
    "font_size_h3": 24,
    "line_height_h3": 31,
    "letter_spacing_h3": 0,
    "font_weight_h3": "normal",
    "font_size_h4": 18,
    "line_height_h4": 24,
    "letter_spacing_h4": 0,
    "font_weight_h4": "normal",
    "font_size_h5": 15,
    "line_height_h5": 21,
    "letter_spacing_h5": 5,
    "font_weight_h5": "normal",
    "font_size_h6": 13,
    "line_height_h6": 17,
    "letter_spacing_h6": 5,
    "font_weight_h6": "normal",
    "font_size_list": 13,
    "line_height_list": 23,
    "letter_spacing_list": 0,
    "font_weight_list": "normal",
    "font_size_list_lg": 15,
    "line_height_list_lg": 21,
    "letter_spacing_list_lg": 0,
    "font_enable_button": false,
    "font_button": "basic_commercial_n4",
    "font_size_button": 13,
    "line_height_button": 14,
    "letter_spacing_button": 5,
    "font_weight_button": "normal",
    "uppercase_button": "uppercase",
    "font_enable_menu": false,
    "font_menu": "basic_commercial_n4",
    "font_size_menu": 13,
    "line_height_menu": 14,
    "letter_spacing_menu": 5,
    "font_weight_menu": "normal",
    "uppercase_menu": "uppercase",
    "font_size_menu_list": 13,
    "line_height_menu_list": 24,
    "letter_spacing_menu_list": 0,
    "font_weight_menu_list": "normal",
    "font_size_menu_title": 15,
    "line_height_menu_title": 21,
    "letter_spacing_menu_title": 5,
    "font_weight_menu_title": "normal",
    "uppercase_menu_title": "inherit",
    "font_size_menu_mobile": 15,
    "line_height_menu_mobile": 36,
    "letter_spacing_menu_mobile": 5,
    "font_weight_menu_mobile": "normal",
    "font_enable_alternative": true,
    "font_alternative": "abril_fatface_n4",
    "letter_spacing_alternative": 5,
    "font_weight_alternative": "normal",
    "font_weight_product_price": "inherit",
    "font_weight_product_page_title": "inherit",
    "font_alternative_product_page_title": false,
    "uppercase_product_page_reviews_caption": false,
    "uppercase_product_page_options_label": false,
    "uppercase_product_page_quantity_label": false,
    "font_alternative_subscription_popup_text_line_1": false,
    "font_alternative_subscription_popup_text_line_2": false,
    "font_alternative_subscription_popup_text_line_3": false,
    "font_alternative_subscription_popup_text_line_4": false,
    "collection_show_sidebar": "desktop_and_mobile",
    "collection_sidebar_position": "left",
    "collection_enable_sticky": true,
    "collection_only_available": false,
    "product_format_pjpg": true,
    "product_ajax_cart": true,
    "product_show_popup_add_to_cart": true,
    "product_stock_countdown_min": 10,
    "product_text_countdown_reset_time": 2,
    "product_text_countdown_delivery_time": 3,
    "product_text_countdown_delivery_format": "Day DD\/MM\/YYYY",
    "product_text_countdown_delivery_excludes": "Saturday, Sunday",
    "product_visitors_min": 10,
    "product_visitors_max": 25,
    "product_visitors_stroke": 4,
    "product_visitors_interval_min": 2,
    "product_visitors_interval_max": 6,
    "product_show_review_loading": false,
    "product_cursor": "",
    "product_show_custom_options": true,
    "product_options_type_circle_color": "Color",
    "product_options_type_circle_image": "",
    "product_options_type_square_color": "",
    "product_options_type_square_image": "",
    "product_options_type_select": "",
    "product_options_type_large_text": "",
    "product_options_listing_visibility": "all",
    "product_hide_options_without_availability": false,
    "product_replace_images_hover": true,
    "product_enable_tooltips": true,
    "product_enable_payment_tooltips": true,
    "product_enable_option_tooltips": true,
    "product_variant_change_on_hover": false,
    "product_ajax_preload_json": true,
    "product_collection_image_size": "contain",
    "product_collection_image_height_procent": 128,
    "product_collection_centered_info": false,
    "product_collection_show_collections": true,
    "product_collection_show_more_info": true,
    "product_collection_more_info_type": "type",
    "product_collection_show_title": true,
    "product_collection_show_price": true,
    "product_collection_show_sale_price_separator": true,
    "product_collection_show_label_in_stock": false,
    "product_collection_show_label_out_stock": false,
    "product_collection_show_label_sale": false,
    "product_collection_show_label_new": false,
    "product_collection_show_label_hot": false,
    "product_collection_show_button_quick_view": false,
    "product_collection_show_countdown": false,
    "product_collection_show_images_navigation": false,
    "product_collection_show_options": false,
    "product_collection_show_quantity": false,
    "product_collection_show_button_add_to_cart": false,
    "product_collection_show_button_add_to_wishlist": true,
    "product_collection_show_button_add_to_compare": false,
    "product_collection_show_reviews": false,
    "product_collection_hide_reviews_counter": true,
    "product_collection_hide_reviews_mobile_counter": true,
    "product_collection_hide_empty_reviews": true,
    "product_collection_show_sku": true,
    "product_collection_show_barcode": true,
    "product_collection_show_availability": true,
    "product_collection_show_type": true,
    "product_collection_show_vendor": true,
    "product_collection_show_description": true,
    "quick_view_layout": "1",
    "quick_view_show_arrows": true,
    "quick_view_show_btn_fullscreen": true,
    "quick_view_enable_zoom": true,
    "quick_view_show_label_in_stock": true,
    "quick_view_show_label_out_stock": true,
    "quick_view_show_label_sale": true,
    "quick_view_show_label_new": true,
    "quick_view_show_label_hot": true,
    "quick_view_show_collections": true,
    "quick_view_show_title": true,
    "quick_view_show_price": true,
    "quick_view_show_sale_price_separator": true,
    "quick_view_show_sale_details": true,
    "quick_view_show_sku": true,
    "quick_view_show_barcode": true,
    "quick_view_show_availability": true,
    "quick_view_show_type": true,
    "quick_view_show_vendor": true,
    "quick_view_show_reviews": true,
    "quick_view_hide_reviews_counter": false,
    "quick_view_hide_empty_reviews": true,
    "quick_view_show_countdown": true,
    "quick_view_show_stock_countdown": true,
    "quick_view_show_stock_countdown_range": true,
    "quick_view_show_text_countdown": true,
    "quick_view_show_visitors": true,
    "quick_view_show_options": true,
    "quick_view_show_quantity": true,
    "quick_view_show_size_guide": true,
    "quick_view_show_delivery_return": true,
    "quick_view_show_button_add_to_cart": true,
    "quick_view_show_button_add_to_wishlist": true,
    "quick_view_show_button_add_to_compare": true,
    "quick_view_show_free_shipping": true,
    "quick_view_show_payments": true,
    "quick_view_payments_type": "dark",
    "product_show_power_by_stripe": true,
    "product_power_by_stripe_url": "",
    "product_show_shopify_secure": true,
    "product_shopify_secure_url": "",
    "product_show_aes_256bit": true,
    "product_aes_256bit_url": "",
    "product_show_paypal": true,
    "product_paypal_url": "",
    "product_show_visa": true,
    "product_visa_url": "",
    "product_show_mastercard": true,
    "product_mastercard_url": "",
    "product_show_discover_network": true,
    "product_discover_network_url": "",
    "product_show_american_express": true,
    "product_american_express_url": "",
    "product_show_mcafee_secure": true,
    "product_mcafee_secure_url": "",
    "blog_show_sidebar": "desktop_and_mobile",
    "blog_sidebar_position": "right",
    "blog_enable_sticky": true,
    "article_show_sidebar": "hide",
    "article_sidebar_position": "right",
    "article_enable_sticky": true,
    "social_share_image": "",
    "social_share_facebook": true,
    "social_share_twitter": true,
    "social_share_pinterest": true,
    "social_facebook": "https:\/\/www.facebook.com\/",
    "social_twitter": "https:\/\/twitter.com\/",
    "social_google": "https:\/\/plus.google.com\/",
    "social_instagram": "https:\/\/www.instagram.com\/",
    "social_pinterest": "https:\/\/www.youtube.com\/",
    "social_youtube": "https:\/\/www.instagram.com\/",
    "social_behance": "https:\/\/www.behance.net\/",
    "social_skype": "https:\/\/www.skype.com\/",
    "subscription_method": "shopify",
    "subscription_mailchimp_form_action": "\/\/myshopify.us18.list-manage.com\/subscribe\/post?u=8a50b61e56896303a04d0243e&amp;id=3c3d06b907",
    "show_multiple_currencies": false,
    "currency_format": "money_with_currency_format",
    "price_show_sale_separator": false,
    "supported_currencies": "USD EUR GBP",
    "supported_currencies_short_names": "US($)|UE(€)|BP(£)",
    "supported_currencies_full_names": "USD - US Dollar|EUR - Euro|GBP - British Pound",
    "default_currency": "USD",
    "compare_show_description": true,
    "compare_show_collection": true,
    "compare_show_availability": true,
    "compare_show_product_type": true,
    "compare_show_vendor": true,
    "compare_show_sku": true,
    "compare_show_barcode": true,
    "compare_show_options": true,
    "compare_description_max_size": 100,
    "show_free_shipping": true,
    "cart_free_shipping_value": "90000",
    "cart_show_notes": true,
    "shipping_calculator": "Enabled",
    "shipping_calculator_default_country": "United States",
    "account_sing_up_content": "<div class=\"mb-35\">\n<p class=\"h6 mb-15\">Enjoy The Benefits Of Registering:<\/p>\n<ul class=\"mb-0\">\n<li>Order: view Order History, track and manage purchases and returns.<\/li>\n<li>Address Book and Card Wallet: safely store delivery and payment details for faster checkout<\/li>\n<li>Saved for later: wish list your preferred items and track their availability<\/li>\n<\/ul>\n<\/div>",
    "search_show_only_products": false,
    "other_button_border_radius": "",
    "other_input_border_radius": "",
    "other_button_padding_h_d": 25,
    "other_button_padding_h_m": 15,
    "color_theme": "#141414",
    "color_theme2": "#ffffff",
    "color_theme3": "#858585",
    "color_theme4": "#f2f2f2",
    "color_theme5": "#e5e5e5",
    "color_theme6": "#bdbdbd",
    "color_theme7": "#25a799",
    "color_theme8": "#f54337",
    "color_theme9": "#42a5f6",
    "color_theme10": "#ff7143",
    "color_theme11": "#f8dc68",
    "color_theme_transparent": "#fffffa",
    "color_theme_primary": "",
    "color_theme_body": "",
    "color_theme_c": "",
    "color_theme_paragraph_c": "",
    "color_theme_head_c": "",
    "color_theme_link_c": "",
    "color_theme_link_act_c": "",
    "color_theme_success": "",
    "color_theme_error": "",
    "color_input_bg": "",
    "color_input_bd": "",
    "color_input_c": "",
    "color_input_f_bg": "",
    "color_input_f_bd": "",
    "color_btn_bg": "#1e4978",
    "color_btn_bd": "#1e4978",
    "color_btn_c": "#ffffff",
    "color_btn_h_bg": "#ffffff",
    "color_btn_h_bd": "#1e4978",
    "color_btn_h_c": "#1e4978",
    "color_btn_act_bg": "",
    "color_btn_act_bd": "",
    "color_btn_act_c": "",
    "color_btn_text_c": "#1e4978",
    "color_btn2_bg": "#1e4978",
    "color_btn2_bd": "#1e4978",
    "color_btn2_c": "#ffffff",
    "color_btn2_h_bg": "#ffffff",
    "color_btn2_h_bd": "#1e4978",
    "color_btn2_h_c": "#1e4978",
    "color_btn2_act_bg": "",
    "color_btn2_act_bd": "",
    "color_btn2_act_c": "",
    "color_btn3_bg": "#ffffff",
    "color_btn3_bd": "#1e4978",
    "color_btn3_c": "#1e4978",
    "color_btn3_h_bg": "#ffffff",
    "color_btn3_h_bd": "#1e4978",
    "color_btn3_h_c": "#1e4978",
    "color_btn3_act_bg": "",
    "color_btn3_act_bd": "",
    "color_btn3_act_c": "",
    "color_btn4_bg": "",
    "color_btn4_bd": "",
    "color_btn4_c": "",
    "color_btn4_h_bg": "",
    "color_btn4_h_bd": "",
    "color_btn4_h_c": "",
    "color_btn4_act_bg": "",
    "color_btn4_act_bd": "",
    "color_btn4_act_c": "",
    "color_btn5_bg": "",
    "color_btn5_bd": "",
    "color_btn5_c": "",
    "color_btn5_h_bg": "",
    "color_btn5_h_bd": "",
    "color_btn5_h_c": "",
    "color_btn5_act_bg": "",
    "color_btn5_act_bd": "",
    "color_btn5_act_c": "",
    "color_header_tape_bg": "",
    "color_header_tape_c": "",
    "color_header_tape_btn_close_c": "",
    "color_header_info_line_bg": "",
    "color_header_info_line_c": "",
    "color_header_social_media_c": "",
    "color_header_social_media_h_c": "",
    "color_header_top_line_bg": "",
    "color_header_bottom_line_bg": "",
    "color_header_m_bg": "",
    "color_header_d_bd": "",
    "color_header_m_bd": "",
    "color_header_btns_d_c": "",
    "color_header_btns_d_h_c": "",
    "color_header_btns_sticky_c": "",
    "color_header_btns_sticky_h_c": "",
    "color_header_btns_m_c": "",
    "color_header_counter_c": "",
    "color_header_btn_search_d_c": "",
    "color_header_btn_search_d_h_c": "",
    "color_header_btn_cart_d_c": "#1e4978",
    "color_header_btn_cart_d_h_c": "",
    "color_header_menu_h_bg": "",
    "color_header_menu_d_c": "",
    "color_header_menu_h_c": "#1e4978",
    "color_header_menu_list_h_bg": "",
    "color_header_menu_list_c": "#1e4978",
    "color_header_menu_list_h_c": "",
    "color_label_c": "",
    "color_label_sale": "",
    "color_label_new": "",
    "color_label_hot": "",
    "color_label_out_stock": "",
    "color_label_in_stock": "",
    "color_product_collection_title_c": "",
    "color_product_collection_collections_c": "",
    "color_product_collection_button_cart_type": "1",
    "color_product_page_title_c": "",
    "color_product_page_collections_c": "",
    "color_product_page_details_buttons_c": "#1e4978",
    "color_product_page_button_cart_type": "1",
    "color_product_page_button_wishlist_type": "3",
    "color_product_page_button_compare_type": "3",
    "color_one_product_button_cart_type": "1",
    "color_footer_bg": "",
    "color_footer_bd": "",
    "color_footer_titles_c": "",
    "color_footer_text_c": "",
    "color_footer_links_c": "#1e4978",
    "color_footer_links_h_c": "#1e4978",
    "color_footer_icons_c": "#1e4978",
    "color_footer_input_bg": "",
    "color_footer_input_bd_disable": false,
    "color_footer_input_bd": "",
    "color_footer_input_c": "",
    "color_footer_input_f_bg": "",
    "color_footer_input_f_bd": "#1e4978",
    "color_footer_subscription_button_type": "1",
    "color_footer_back_to_top_d_c": "",
    "color_footer_back_to_top_m_bg": "",
    "color_footer_back_to_top_m_c": "",
    "color_subscription_bg": "",
    "color_subscription_icon_close_c": "",
    "color_subscription_line_01_c": "",
    "color_subscription_line_02_c": "#141414",
    "color_subscription_line_03_c": "",
    "color_subscription_line_04_c": "",
    "color_subscription_dont_show_again_c": "",
    "color_subscription_close_text_c": "#1e4978",
    "color_subscription_button_type": "1",
    "color_subscription_form_button_type": "1",
    "color_subscription_confirmation_bg": "",
    "color_subscription_confirmation_icon_close_c": "",
    "color_subscription_confirmation_success_bg": "",
    "color_subscription_confirmation_success_c": "",
    "color_subscription_confirmation_error_bg": "",
    "color_subscription_confirmation_error_c": "",
    "color_subscription_confirmation_button_type": "1",
    "color_notification_cookie_bg": "",
    "color_notification_cookie_button_info_c": "",
    "color_notification_cookie_button_info_h_c": "",
    "color_notification_cookie_button_close_c": "",
    "color_slider_bullets_bg": "",
    "color_slider_bullets_h_bg": "",
    "slider_bullets_h_opacity": 1,
    "color_slider_arrows_c": "",
    "color_slider_arrows_h_c": "",
    "slider_arrows_h_opacity": 1,
    "color_review_icons_c": "",
    "color_review_caption_c": "#1e4978",
    "color_price_c": "",
    "color_price_sale_1_c": "",
    "color_price_sale_2_c": "",
    "css_animation_duration": 0.3,
    "product_hover_animation_duration": 0.3,
    "product_hover_animation_type": "fade",
    "promobox_animation_duration": 0.5,
    "tooltips_enable": true,
    "tooltips_animation_type": "scale",
    "tooltips_animation_inertia": true,
    "tooltips_animation_show_duration": 0.2,
    "tooltips_animation_hide_duration": 0.1,
    "header_animation_sticky_fade_duration": 0.2,
    "header_animation_sticky_opacity": 0.9,
    "menu_desktop_animation_duration": 0.4,
    "menu_mobile_animation_duration": 0.4,
    "header_tape_animation_duration": 0.3,
    "dropdown_animation_duration": 0.3,
    "accordion_animation_duration": 0.4,
    "popup_animation_duration": 0.4,
    "notification_animation_duration": 0.4,
    "footbar_product_animation_duration": 0.4,
    "tabs_animation_duration": 0.4,
    "tabs_animation_scroll_duration": 0.4,
    "buttons_animation_icon_enable": true,
    "pagination_animation_scroll_duration": 1,
    "backtotop_animation_scroll_duration": 0.4,
    "javascript_loader_jquery_first": false,
    "dev_enable_content_for_header": true,
    "dev_enable_custom_css": false,
    "dev_enable_custom_js": false,
    "checkout_header_image": "",
    "checkout_logo_image": "",
    "checkout_logo_position": "left",
    "checkout_logo_size": "medium",
    "checkout_body_background_image": "",
    "checkout_body_background_color": "#fff",
    "checkout_input_background_color_mode": "white",
    "checkout_sidebar_background_image": "",
    "checkout_sidebar_background_color": "#fafafa",
    "checkout_heading_font": "-apple-system, BlinkMacSystemFont, 'Segoe UI', Roboto, Helvetica, Arial, sans-serif, 'Apple Color Emoji', 'Segoe UI Emoji', 'Segoe UI Symbol'",
    "checkout_body_font": "-apple-system, BlinkMacSystemFont, 'Segoe UI', Roboto, Helvetica, Arial, sans-serif, 'Apple Color Emoji', 'Segoe UI Emoji', 'Segoe UI Symbol'",
    "checkout_accent_color": "#197bbd",
    "checkout_button_color": "#197bbd",
    "checkout_error_color": "#e32c2b",
    "color_product_page_size_and_delivery_c": "#1e4978",
    "font_enable_main2": true,
    "font_main2": "futura_n7",
    "font_enable_main3": false,
    "font_main3": "basic_commercial_n4",
    "font_url": "https:\/\/fonts.googleapis.com\/css?family=Archivo",
    "font_name": "'Archivo', sans-serif",
    "color_header_show_tape_border": true,
    "color_header_show_top_line_border": true,
    "color_header_show_bottom_line_border": true,
    "color_header_show_mobile_border": true,
    "color_footer_subscribtion_button_type": "1",
    "javascript_enable": true,
    "sections": {
      "global-settings": {
        "type": "global-settings",
        "blocks": {
          "1553619677129": {
            "type": "product_option_setting",
            "settings": {
              "product": "",
              "property": "Color",
              "value": "Scottsdale Blue",
              "color": "#6e9ce3",
              "image": "",
              "assign_to": "all",
              "disable_default_color": false,
              "disable_default_image": false
            }
          },
          "1553620165457": {
            "type": "product_option_setting",
            "settings": {
              "product": "",
              "property": "Color",
              "value": "Neon Yellow",
              "color": "#f3f5b0",
              "image": "",
              "assign_to": "all",
              "disable_default_color": false,
              "disable_default_image": false
            }
          },
          "1553620357052": {
            "type": "product_option_setting",
            "settings": {
              "product": "",
              "property": "Color",
              "value": "Navy",
              "color": "#252638",
              "image": "",
              "assign_to": "all",
              "disable_default_color": false,
              "disable_default_image": false
            }
          },
          "1553620404968": {
            "type": "product_option_setting",
            "settings": {
              "product": "",
              "property": "Color",
              "value": "Red\/White",
              "color": "#f2838d",
              "image": "",
              "assign_to": "all",
              "disable_default_color": false,
              "disable_default_image": false
            }
          },
          "1553620512404": {
            "type": "product_option_setting",
            "settings": {
              "product": "",
              "property": "Color",
              "value": "Navy\/white",
              "color": "#464f78",
              "image": "",
              "assign_to": "all",
              "disable_default_color": false,
              "disable_default_image": false
            }
          },
          "1553620534180": {
            "type": "product_option_setting",
            "settings": {
              "product": "",
              "property": "Color",
              "value": "Grey\/cream Houndstooth",
              "color": "#b9b9b9",
              "image": "",
              "assign_to": "all",
              "disable_default_color": false,
              "disable_default_image": false
            }
          },
          "1553620608048": {
            "type": "product_option_setting",
            "settings": {
              "product": "",
              "property": "Color",
              "value": "Indigo",
              "color": "#527396",
              "image": "",
              "assign_to": "all",
              "disable_default_color": false,
              "disable_default_image": false
            }
          },
          "1553620698617": {
            "type": "product_option_setting",
            "settings": {
              "product": "",
              "property": "Color",
              "value": "Jade",
              "color": "#29d2dd",
              "image": "",
              "assign_to": "all",
              "disable_default_color": false,
              "disable_default_image": false
            }
          },
          "1553620772534": {
            "type": "product_option_setting",
            "settings": {
              "product": "",
              "property": "Color",
              "value": "Martin Red",
              "color": "#e00729",
              "image": "",
              "assign_to": "all",
              "disable_default_color": false,
              "disable_default_image": false
            }
          },
          "1553620825028": {
            "type": "product_option_setting",
            "settings": {
              "product": "",
              "property": "Color",
              "value": "Flag Sailboat Print",
              "color": "#b91f2a",
              "image": "",
              "assign_to": "all",
              "disable_default_color": false,
              "disable_default_image": false
            }
          },
          "1553620948351": {
            "type": "product_option_setting",
            "settings": {
              "product": "",
              "property": "Color",
              "value": "Rl Navy",
              "color": "#2e2b4c",
              "image": "",
              "assign_to": "all",
              "disable_default_color": false,
              "disable_default_image": false
            }
          },
          "1553620968615": {
            "type": "product_option_setting",
            "settings": {
              "product": "",
              "property": "Color",
              "value": "Midnight",
              "color": "#3e3753",
              "image": "",
              "assign_to": "all",
              "disable_default_color": false,
              "disable_default_image": false
            }
          },
          "1553621125595": {
            "type": "product_option_setting",
            "settings": {
              "product": "",
              "property": "Color",
              "value": "Portuguese Blue",
              "color": "#029bec",
              "image": "",
              "assign_to": "all",
              "disable_default_color": false,
              "disable_default_image": false
            }
          },
          "1553621491786": {
            "type": "product_option_setting",
            "settings": {
              "product": "",
              "property": "Color",
              "value": "Leslie Wash",
              "color": "#445c74",
              "image": "",
              "assign_to": "all",
              "disable_default_color": false,
              "disable_default_image": false
            }
          }
        },
        "block_order": [
          "1553619677129",
          "1553620165457",
          "1553620357052",
          "1553620404968",
          "1553620512404",
          "1553620534180",
          "1553620608048",
          "1553620698617",
          "1553620772534",
          "1553620825028",
          "1553620948351",
          "1553620968615",
          "1553621125595",
          "1553621491786"
        ],
        "settings": {
        }
      },
      "header": {
        "type": "header",
        "settings": {
          "type": "2",
          "logo": "",
          "logo_width": 200,
          "logo_max_width_mobile": 100,
          "logo_svg": true,
          "logo_svg_code": "<svg width=\"138\" height=\"22\" viewbox=\"0 0 138 22\" fill=\"none\" xmlns=\"http:\/\/www.w3.org\/2000\/svg\">\n<path d=\"M6.952 0.812C7.92267 0.812 8.69733 0.905333 9.276 1.092C9.85467 1.27867 10.4427 1.54933 11.04 1.904C11.2453 2.016 11.4227 2.10933 11.572 2.184C11.74 2.25867 11.88 2.296 11.992 2.296C12.16 2.296 12.2907 2.20267 12.384 2.016C12.4773 1.81067 12.552 1.49333 12.608 1.064H13.252C13.1587 2.31467 13.112 4.44267 13.112 7.448H12.468C12.3933 6.44 12.16 5.47867 11.768 4.564C11.3947 3.64933 10.8533 2.912 10.144 2.352C9.45333 1.77333 8.64133 1.484 7.708 1.484C6.79333 1.484 6.04667 1.74533 5.468 2.268C4.908 2.772 4.628 3.46267 4.628 4.34C4.628 4.99333 4.768 5.56267 5.048 6.048C5.328 6.53333 5.72 6.98133 6.224 7.392C6.728 7.784 7.50267 8.32533 8.548 9.016L9.444 9.632C10.5453 10.36 11.4133 10.9947 12.048 11.536C12.6827 12.0773 13.196 12.712 13.588 13.44C13.9987 14.1493 14.204 14.98 14.204 15.932C14.204 17.1267 13.896 18.1347 13.28 18.956C12.664 19.7587 11.824 20.3653 10.76 20.776C9.71467 21.1867 8.548 21.392 7.26 21.392C6.21467 21.392 5.34667 21.2987 4.656 21.112C3.96533 20.9253 3.33067 20.6733 2.752 20.356C2.34133 20.0947 2.024 19.964 1.8 19.964C1.632 19.964 1.50133 20.0667 1.408 20.272C1.31467 20.4587 1.24 20.7667 1.184 21.196H0.54C0.614667 20.02 0.652 17.5 0.652 13.636H1.296C1.42667 15.7267 1.89333 17.4253 2.696 18.732C3.49867 20.02 4.73067 20.664 6.392 20.664C7.4 20.664 8.23067 20.3933 8.884 19.852C9.53733 19.3107 9.864 18.536 9.864 17.528C9.864 16.4827 9.528 15.5867 8.856 14.84C8.184 14.0933 7.12 13.2533 5.664 12.32C4.544 11.592 3.648 10.9573 2.976 10.416C2.304 9.87467 1.75333 9.24 1.324 8.512C0.894667 7.76533 0.68 6.90667 0.68 5.936C0.68 4.816 0.96 3.87333 1.52 3.108C2.09867 2.324 2.864 1.74533 3.816 1.372C4.768 0.998666 5.81333 0.812 6.952 0.812ZM42.7076 1.736C42.0729 1.77333 41.6156 1.848 41.3356 1.96C41.0556 2.072 40.8596 2.28667 40.7476 2.604C40.6542 2.92133 40.6076 3.43467 40.6076 4.144V18.032C40.6076 18.7413 40.6542 19.2547 40.7476 19.572C40.8596 19.8893 41.0556 20.104 41.3356 20.216C41.6156 20.328 42.0729 20.4027 42.7076 20.44V21C41.7929 20.944 40.3742 20.916 38.4516 20.916C36.5662 20.916 35.1009 20.944 34.0556 21V20.44C34.6716 20.4027 35.1196 20.328 35.3996 20.216C35.6982 20.104 35.8942 19.8893 35.9876 19.572C36.0996 19.2547 36.1556 18.7413 36.1556 18.032V11.312H28.7356V18.032C28.7356 18.7413 28.7822 19.2547 28.8756 19.572C28.9876 19.8893 29.1836 20.104 29.4636 20.216C29.7436 20.328 30.2009 20.4027 30.8356 20.44V21C29.8276 20.944 28.4182 20.916 26.6076 20.916C24.6102 20.916 23.1356 20.944 22.1836 21V20.44C22.7996 20.4027 23.2476 20.328 23.5276 20.216C23.8262 20.104 24.0222 19.8893 24.1156 19.572C24.2276 19.2547 24.2836 18.7413 24.2836 18.032V4.144C24.2836 3.43467 24.2276 2.92133 24.1156 2.604C24.0222 2.28667 23.8262 2.072 23.5276 1.96C23.2476 1.848 22.7996 1.77333 22.1836 1.736V1.176C23.1356 1.232 24.6102 1.26 26.6076 1.26C28.4182 1.26 29.8276 1.232 30.8356 1.176V1.736C30.2009 1.77333 29.7436 1.848 29.4636 1.96C29.1836 2.072 28.9876 2.28667 28.8756 2.604C28.7822 2.92133 28.7356 3.43467 28.7356 4.144V10.752H36.1556V4.144C36.1556 3.43467 36.0996 2.92133 35.9876 2.604C35.8942 2.28667 35.6982 2.072 35.3996 1.96C35.1196 1.848 34.6716 1.77333 34.0556 1.736V1.176C35.1009 1.232 36.5662 1.26 38.4516 1.26C40.3742 1.26 41.7929 1.232 42.7076 1.176V1.736ZM65.8021 16.744C65.8021 18.4613 65.8674 19.88 65.9981 21C64.7288 20.944 62.5914 20.916 59.5861 20.916C55.5168 20.916 52.4741 20.944 50.4581 21V20.44C51.0741 20.4027 51.5221 20.328 51.8021 20.216C52.1008 20.104 52.2968 19.8893 52.3901 19.572C52.5021 19.2547 52.5581 18.7413 52.5581 18.032V4.144C52.5581 3.43467 52.5021 2.92133 52.3901 2.604C52.2968 2.28667 52.1008 2.072 51.8021 1.96C51.5221 1.848 51.0741 1.77333 50.4581 1.736V1.176C52.4741 1.232 55.5168 1.26 59.5861 1.26C62.3301 1.26 64.2808 1.232 65.4381 1.176C65.3074 2.72533 65.2421 4.10667 65.2421 5.32C65.2421 6.14133 65.2701 6.776 65.3261 7.224H64.6821C64.4021 5.22667 63.8981 3.82667 63.1701 3.024C62.4421 2.22133 61.4154 1.82 60.0901 1.82H58.9421C58.3634 1.82 57.9434 1.86667 57.6821 1.96C57.4208 2.05333 57.2434 2.24 57.1501 2.52C57.0568 2.78133 57.0101 3.21067 57.0101 3.808V10.752H57.9061C58.8954 10.752 59.6421 10.388 60.1461 9.66C60.6688 8.932 61.0328 8.064 61.2381 7.056H61.8821C61.8261 7.84 61.7981 8.71733 61.7981 9.688V11.032C61.7981 11.984 61.8541 13.3093 61.9661 15.008H61.3221C60.9301 12.544 59.7914 11.312 57.9061 11.312H57.0101V18.368C57.0101 18.9653 57.0568 19.404 57.1501 19.684C57.2434 19.9453 57.4208 20.1227 57.6821 20.216C57.9434 20.3093 58.3634 20.356 58.9421 20.356H60.3141C61.6394 20.356 62.7034 19.908 63.5061 19.012C64.3274 18.0973 64.9061 16.5573 65.2421 14.392H65.8861C65.8301 15.008 65.8021 15.792 65.8021 16.744ZM82.9042 1.736C82.2322 1.77333 81.7375 1.848 81.4202 1.96C81.1215 2.072 80.9162 2.28667 80.8042 2.604C80.6922 2.92133 80.6362 3.43467 80.6362 4.144V18.368C80.6362 18.9653 80.6829 19.404 80.7762 19.684C80.8695 19.9453 81.0282 20.1227 81.2522 20.216C81.4949 20.3093 81.8775 20.356 82.4002 20.356H83.7722C85.0415 20.356 86.1335 19.7867 87.0482 18.648C87.9815 17.5093 88.5882 15.9973 88.8682 14.112H89.5122C89.4562 14.7467 89.4282 15.568 89.4282 16.576C89.4282 18.368 89.4935 19.8427 89.6242 21C88.3549 20.944 86.2175 20.916 83.2122 20.916C79.1429 20.916 76.1002 20.944 74.0842 21V20.44C74.7002 20.4027 75.1482 20.328 75.4282 20.216C75.7269 20.104 75.9229 19.8893 76.0162 19.572C76.1282 19.2547 76.1842 18.7413 76.1842 18.032V4.144C76.1842 3.43467 76.1282 2.92133 76.0162 2.604C75.9229 2.28667 75.7269 2.072 75.4282 1.96C75.1482 1.848 74.7002 1.77333 74.0842 1.736V1.176C75.0362 1.232 76.5109 1.26 78.5082 1.26C80.4122 1.26 81.8775 1.232 82.9042 1.176V1.736ZM105.901 1.736C105.229 1.77333 104.735 1.848 104.417 1.96C104.119 2.072 103.913 2.28667 103.801 2.604C103.689 2.92133 103.633 3.43467 103.633 4.144V18.368C103.633 18.9653 103.68 19.404 103.773 19.684C103.867 19.9453 104.025 20.1227 104.249 20.216C104.492 20.3093 104.875 20.356 105.397 20.356H106.769C108.039 20.356 109.131 19.7867 110.045 18.648C110.979 17.5093 111.585 15.9973 111.865 14.112H112.509C112.453 14.7467 112.425 15.568 112.425 16.576C112.425 18.368 112.491 19.8427 112.621 21C111.352 20.944 109.215 20.916 106.209 20.916C102.14 20.916 99.0974 20.944 97.0814 21V20.44C97.6974 20.4027 98.1454 20.328 98.4254 20.216C98.724 20.104 98.92 19.8893 99.0134 19.572C99.1254 19.2547 99.1814 18.7413 99.1814 18.032V4.144C99.1814 3.43467 99.1254 2.92133 99.0134 2.604C98.92 2.28667 98.724 2.072 98.4254 1.96C98.1454 1.848 97.6974 1.77333 97.0814 1.736V1.176C98.0334 1.232 99.508 1.26 101.505 1.26C103.409 1.26 104.875 1.232 105.901 1.176V1.736ZM136.235 18.648C136.477 19.264 136.757 19.712 137.075 19.992C137.392 20.272 137.7 20.4213 137.999 20.44V21C136.879 20.944 135.46 20.916 133.743 20.916C131.839 20.916 130.42 20.944 129.487 21V20.44C130.196 20.4027 130.7 20.3187 130.999 20.188C131.297 20.0387 131.447 19.7867 131.447 19.432C131.447 19.096 131.335 18.648 131.111 18.088L129.431 13.496H123.327L122.599 15.428C122.076 16.772 121.815 17.808 121.815 18.536C121.815 19.2267 122.02 19.712 122.431 19.992C122.86 20.2533 123.485 20.4027 124.307 20.44V21C123.037 20.944 121.88 20.916 120.835 20.916C119.976 20.916 119.267 20.944 118.707 21V20.44C119.621 20.272 120.424 19.292 121.115 17.5L127.499 1.12C127.704 1.13867 128.031 1.148 128.479 1.148C128.927 1.148 129.244 1.13867 129.431 1.12L136.235 18.648ZM129.235 12.936L126.463 5.376L123.551 12.936H129.235Z\" fill=\"#141414\"><\/path>\n<\/svg>",
          "logo_adaptive": false,
          "logo_adaptive_max_width": 1650,
          "container": "inherit",
          "tape_min_height": 35,
          "info_line_min_height": 38,
          "top_line_min_height": 38,
          "bottom_line_min_height": 39,
          "bottom_tape_height": 70,
          "menu_paddings_horizontal": 7,
          "show_menu_arrows": false,
          "enable_transparent": false,
          "show_tape_border": true,
          "show_info_line_border": true,
          "show_top_line_border": true,
          "show_bottom_line_border": true,
          "show_mobile_border": true,
          "menu": "main-menu",
          "enable_tooltip": false,
          "show_button_search": true,
          "show_button_services": false,
          "show_button_account": true,
          "show_button_wishlist": true,
          "show_button_compare": false,
          "show_button_cart": true,
          "show_button_menu": true,
          "show_button_currency": false,
          "show_button_language": false,
          "icon_cart": "",
          "language_app": "none",
          "language_caption": "",
          "language_link_list": "",
          "show_sticky_logo": true,
          "sticky_logo": "",
          "sticky_logo_width": 64,
          "sticky": "desktop_and_mobile",
          "desktop_sticky_type": "slim"
        }
      },
      "footer": {
        "type": "footer",
        "blocks": {
          "1553708703239": {
            "type": "menu",
            "settings": {
              "show_title_on_desktop": true,
              "title": "",
              "menu": "shop"
            }
          },
          "1553708997150": {
            "type": "menu",
            "settings": {
              "show_title_on_desktop": true,
              "title": "",
              "menu": "information"
            }
          },
          "1553709008553": {
            "type": "menu",
            "settings": {
              "show_title_on_desktop": true,
              "title": "",
              "menu": "order"
            }
          },
          "1553709211108": {
            "type": "subscription",
            "settings": {
              "title": "Newsletter subscription",
              "paragraph": "Sign up for Shella updates to receive information about new arrivals, future events and specials.",
              "placeholder": "Enter Your Email Address",
              "button_text": "SUBSCRIBE!"
            }
          },
          "1559093998612": {
            "type": "social_media",
            "settings": {
              "title": "Follow us",
              "enable_tooltip": false,
              "show_facebook": true,
              "show_twitter": false,
              "show_google": false,
              "show_instagram": true,
              "show_pinterest": true,
              "show_youtube": false,
              "show_behance": false,
              "show_skype": false
            }
          },
          "1553787087418": {
            "type": "copyright",
            "settings": {
              "enable_custom": true,
              "page_content": "include-footer-copyright-2",
              "content": "[template:footer-copyright-2]"
            }
          }
        },
        "block_order": [
          "1553708703239",
          "1553708997150",
          "1553709008553",
          "1553709211108",
          "1559093998612",
          "1553787087418"
        ],
        "settings": {
          "type": "2",
          "container": "inherit",
          "margin_top": 0,
          "margin_top_responsive": "",
          "enable_fixed": true,
          "show_top_border": true,
          "show_bottom_border": true,
          "show_button_back_to_top": true,
          "button_back_to_top_limit": 600
        }
      },
      "popup": {
        "type": "popup",
        "settings": {
          "search_enable": true,
          "search_ajax": true,
          "cart_enable": true,
          "cart_show_free_shipping": true,
          "wishlist_enable": true,
          "compare_enable": true,
          "account_enable": true,
          "account_sign_up_info_page_content": "include-popup-account",
          "account_sign_up_info": "",
          "account_show_subscribe": true,
          "services_enable": true,
          "subscription_enable": true,
          "subscription_layout": "2",
          "subscription_text_line_01": "Subscribe and Enjoy",
          "subscription_text_line_02": "10% Discount",
          "subscription_text_line_03": "Get 10% off by signing up to our newsletter.",
          "subscription_text_line_04": "I don’t want to see this website.",
          "subscription_show_form": true,
          "subscription_text_input_placeholder": "Enter Please Your Email Address",
          "subscription_text_submit_button_text": "SUBSCRIBE!",
          "subscription_text_button": "",
          "subscription_text_dont_show_again": "",
          "subscription_text_close": "NO, THANK YOU",
          "subscription_image": "shopify:\/\/shop_images\/1_x2_73c0e275-0fc6-466e-b0fc-f0dbcd0008c1.png",
          "subscription_image_width": 600,
          "subscription_image_format_pjpg": true,
          "subscription_link": "shopify:\/\/collections\/clothing-dresses-jumpsuits",
          "subscription_show_once": "true",
          "subscription_delay": 8,
          "subscription_cookies_life": "1",
          "subscription_confirmation_enable": true,
          "subscription_confirmation_success_message": "Thanks for subscribing!",
          "subscription_confirmation_success_button": "Continue shopping",
          "size_guide_page_content": "include-popup-size-guide",
          "size_guide_content": "",
          "delivery_return_page_content": "include-popup-delivery-return",
          "delivery_return_content": ""
        }
      },
      "footbar": {
        "type": "footbar",
        "settings": {
          "notification_cookies_enable": false,
          "notification_cookies_text": "This is a standard cookie notice which you can easily adapt or disable as you like in the admin. We use cookies to ensure that we give you the best experience on our website.",
          "notification_cookies_button_information": "PRIVACY POLICY",
          "notification_cookies_button_close": "ACCEPT",
          "notification_cookies_delay": 0,
          "notification_cookies_show_once": true,
          "notification_cookies_cookies_life": "1",
          "notification_products_enable": false,
          "notification_products_collection": "acc-belts",
          "notification_products_text_line_01": "Someone purched a",
          "notification_products_text_line_02": "{time} ago from {place}",
          "notification_products_range_min": 2,
          "notification_products_range_max": 20,
          "notification_products_minutes": "minute|minutes",
          "notification_products_places": "New York, USA|Moscow, Russian|London, Great Britain|Amsterdam, Netherlands|Berlin, Germany|Rome, Italy|Madrid, Spain",
          "notification_products_delay": 8,
          "notification_products_interval_min": 5,
          "notification_products_interval_max": 15,
          "notification_products_time_life": 8,
          "product_footbar_enable": false,
          "show_title": true,
          "show_price": true,
          "show_sale_price_separator": false,
          "show_reviews": true,
          "hide_empty_reviews": true,
          "hide_reviews_counter": false,
          "show_options": true,
          "show_quantity": true,
          "show_button_add_to_cart": true
        }
      },
      "1552483536136": {
        "type": "home-builder",
        "blocks": {
          "1552483550593": {
            "type": "promobox",
            "settings": {
              "grid": 12,
              "grid_responsive": "",
              "responsive_height": "",
              "min_height": "550",
              "margin_top": 0,
              "margin_top_responsive": "",
              "margin_bottom": 0,
              "margin_bottom_responsive": "",
              "padding_top": 0,
              "padding_bottom": 0,
              "type": "1",
              "border_hover": false,
              "image": "shopify:\/\/shop_images\/slide.png",
              "url": "",
              "image_size": 900,
              "format_pjpg": true,
              "disable_lazyload": false,
              "text_line_1_display": true,
              "text_line_1": "FINAL<br>CLEARANCE",
              "text_line_2_display": true,
              "text_line_2": "Take 20% off ‘Sale Must-Haves'",
              "text_line_3_display": true,
              "text_line_3": "",
              "button_1_display": true,
              "button_1": "DISCOVER MORE",
              "button_2_display": true,
              "button_2": "Button text #2",
              "list_1_display": true,
              "list_1": "",
              "custom_html": "<div class=\"custom-build w-100 d-flex justify-content-center\">\n<div class=\"position-relative h-100 mx-auto py-10 px-10\">\n<div class=\"h-100 d-flex flex-column justify-content-center text-center\">\n<!-- Text #1 --><p class=\"custom-build__text-1 h1 link-unstyled w-100 align-self-center mt-0 mb-0 ff-alternative\"><!-- start:text-1 -->Text line<!-- end:text-1 --><\/p>\n<!-- END:Text #1 -->\n<!-- Text #2 --><p class=\"custom-build__text-2 h4 link-unstyled w-100 align-self-center mt-20 mb-0\"><!-- start:text-2 -->Text line<!-- end:text-2 --><\/p>\n<!-- END:Text #2 -->\n<!-- Button #1 --><div class=\"custom-build__btn-1 btn--default btn align-self-center mt-30 mb-0 justify-content-center\">\n<!-- start:btn-1 -->BUTTON TEXT<!-- end:btn-1 -->\n<\/div>\n<!-- END:Button #1 -->\n<\/div>\n<\/div>\n<\/div>",
              "text_line_1_url": "",
              "text_line_2_url": "",
              "text_line_3_url": "",
              "button_1_url": "",
              "button_2_url": "",
              "video_mp4_url": "",
              "video_external_url": "",
              "video_autoplay": false,
              "video_controls": false,
              "enable_curtain": false,
              "curtain_custom_html": "",
              "color_image_mask": "",
              "image_mask_opacity": 0.5,
              "color_text_line_1": "",
              "color_text_line_1_hover": "",
              "color_text_line_2": "",
              "color_text_line_2_hover": "",
              "color_text_line_3": "",
              "color_button_type_1": "inherit",
              "color_button_transparent_1": false,
              "color_button_type_2": "inherit",
              "color_button_transparent_2": false,
              "color_text_bg": "",
              "color_bg": "",
              "color_curtain_text_line_1": "",
              "color_curtain_text_line_2": "",
              "color_curtain_text_line_3": "",
              "color_curtain_button_type_1": "inherit",
              "color_curtain_button_transparent_1": false,
              "color_curtain_button_type_2": "inherit",
              "color_curtain_button_transparent_2": false,
              "color_curtain_bg": "",
              "curtain_opacity": 0.5,
              "parallax": 0,
              "animation_from": "default",
              "animation_to": "default",
              "animation_from_opacity": false,
              "animation_to_opacity": false,
              "animation_text": "translate-top"
            }
          }
        },
        "block_order": [
          "1552483550593"
        ],
        "settings": {
          "title": "",
          "container": "boxed",
          "margin_top": 0,
          "margin_top_responsive": "",
          "margin_bottom": 55,
          "margin_bottom_responsive": "",
          "padding_top": 0,
          "padding_bottom": 0,
          "disable_paddings": false,
          "horizontal_align": "left",
          "vertical_align": "top",
          "overflow_hidden": true,
          "color_bg": ""
        }
      },
      "collection-sidebar": {
        "type": "collection-sidebar",
        "blocks": {
          "1553604485413": {
            "type": "current_filters",
            "settings": {
              "title": "CURRENT FILTERS",
              "default_state": "open",
              "show_border": true
            }
          },
          "1553606398735": {
            "type": "filters",
            "settings": {
              "title": "SHOP BY TYPE",
              "default_state": "open",
              "show_border": true,
              "type": "types",
              "items": "Dress | Jumpsuits & Rompers",
              "show_all_from_collection": false,
              "direction": "columns",
              "max_column_size": 0,
              "columns": "1"
            }
          },
          "1553606833217": {
            "type": "filters",
            "settings": {
              "title": "SHOP BY STYLE",
              "default_state": "open",
              "show_border": true,
              "type": "tags",
              "items": "Sheath & Slim | Fit & Flare | Maxi | Shift | Shirtdress | Wrap | Midi | Sweater",
              "show_all_from_collection": false,
              "direction": "columns",
              "max_column_size": 0,
              "columns": "1"
            }
          },
          "1553606904380": {
            "type": "filters",
            "settings": {
              "title": "SIZE",
              "default_state": "open",
              "show_border": true,
              "type": "tags",
              "items": "XS | S | M | L | XL | 0 | 1 | 2 | 3 | 4 | 6 | 8 | 10 | 12 | 14 | 16 | 18 |",
              "show_all_from_collection": false,
              "direction": "columns",
              "max_column_size": 9,
              "columns": "2"
            }
          },
          "1553607099786": {
            "type": "filters",
            "settings": {
              "title": "COLOR",
              "default_state": "open",
              "show_border": true,
              "type": "colors",
              "items": "Neon Yellow | Scottsdale Blue | Flag Sailboat Print | Martin Red | Midnight | Powder Blue | Rl Navy | Navy | Grey\/cream Houndstooth | Jade | Portuguese Blue | Red\/White | Navy\/white | Indigo | Leslie Wash",
              "show_all_from_collection": false,
              "direction": "rows",
              "max_column_size": 7,
              "columns": "2"
            }
          },
          "1553607114785": {
            "type": "filters",
            "settings": {
              "title": "BRAND",
              "default_state": "open",
              "show_border": true,
              "type": "vendors",
              "items": "Polo Ralph Lauren | Pink Pony | Ralph Lauren Collection | Double RL | Lauren | Lauren Petite |",
              "show_all_from_collection": false,
              "direction": "columns",
              "max_column_size": 0,
              "columns": "1"
            }
          },
          "1553608472131": {
            "type": "filter_by_price",
            "settings": {
              "title": "PRICE",
              "default_state": "open",
              "show_border": true,
              "min_value": "0",
              "max_value": "3600",
              "step": "100"
            }
          }
        },
        "block_order": [
          "1553604485413",
          "1553606398735",
          "1553606833217",
          "1553606904380",
          "1553607099786",
          "1553607114785",
          "1553608472131"
        ],
        "settings": {
          "hide_empty_filter_section": false
        }
      },
      "collection-head": {
        "type": "collection-head",
        "settings": {
          "default_desktop_title": "disabled",
          "default_mobile_title": "disabled"
        }
      },
      "collection-body": {
        "type": "collection-body",
        "settings": {
          "show_sort_by": true,
          "show_info": true,
          "show_view_length": true,
          "default_view_length": "12",
          "show_view_grid": true,
          "default_view_grid_xl": "3",
          "default_view_grid_lg": "3",
          "default_view_grid_md": "3",
          "default_view_grid_sm": "2",
          "default_view_grid_xs": "2",
          "enable_grid_tooltip": true
        }
      },
      "carousel-products": {
        "type": "carousel-products",
        "settings": {
          "enable": true,
          "show_title": true,
          "show_top_separator": true,
          "container": "boxed",
          "margin_top": 0,
          "margin_top_responsive": "",
          "margin_bottom": 60,
          "margin_bottom_responsive": "",
          "products_pre_row": 4,
          "max_count": 6,
          "autoplay": true,
          "speed": 5,
          "infinite": true,
          "arrows": true,
          "bullets": true,
          "disable_lazyload": false,
          "async_ajax_loading": true
        }
      },
      "1553622452391": {
        "type": "home-builder",
        "blocks": {
          "1553622521779": {
            "type": "promobox",
            "settings": {
              "grid": 3,
              "grid_responsive": "",
              "responsive_height": "",
              "min_height": "",
              "margin_top": 0,
              "margin_top_responsive": "",
              "margin_bottom": 15,
              "margin_bottom_responsive": "",
              "padding_top": 0,
              "padding_bottom": 0,
              "type": "2",
              "border_hover": false,
              "image": "shopify:\/\/shop_images\/02.png",
              "url": "\/collections\/new",
              "image_size": 900,
              "format_pjpg": true,
              "disable_lazyload": false,
              "text_line_1_display": true,
              "text_line_1": "NEW",
              "text_line_2_display": true,
              "text_line_2": "25 Products",
              "text_line_3_display": true,
              "text_line_3": "Text line 3",
              "button_1_display": true,
              "button_1": "Button text",
              "button_2_display": true,
              "button_2": "Button text #2",
              "list_1_display": true,
              "list_1": "",
              "custom_html": "<div class=\"custom-build w-100 d-flex justify-content-center\">\n<div class=\"position-relative h-100 mx-auto mt-15\">\n<div class=\"h-100 d-flex flex-column justify-content-center text-center\">\n<!-- Text #1 --><p class=\"custom-build__text-1 h4 link-unstyled w-100 align-self-center mt-0 mb-0 text-underline-hover ff-alternative\"><!-- start:text-1 -->Text line<!-- end:text-1 --><\/p>\n<!-- END:Text #1 -->\n<!-- Text #2 --><p class=\"custom-build__text-2 paragraph fs link-unstyled w-100 align-self-center mt-5 mb-0\"><!-- start:text-2 -->Text line<!-- end:text-2 --><\/p>\n<!-- END:Text #2 -->\n<\/div>\n<\/div>\n<\/div>",
              "text_line_1_url": "",
              "text_line_2_url": "",
              "text_line_3_url": "",
              "button_1_url": "",
              "button_2_url": "",
              "video_mp4_url": "",
              "video_external_url": "",
              "video_autoplay": true,
              "video_controls": false,
              "enable_curtain": false,
              "curtain_custom_html": "",
              "color_image_mask": "",
              "image_mask_opacity": 0.5,
              "color_text_line_1": "",
              "color_text_line_1_hover": "",
              "color_text_line_2": "",
              "color_text_line_2_hover": "",
              "color_text_line_3": "",
              "color_button_type_1": "inherit",
              "color_button_transparent_1": false,
              "color_button_type_2": "inherit",
              "color_button_transparent_2": false,
              "color_text_bg": "",
              "color_bg": "",
              "color_curtain_text_line_1": "",
              "color_curtain_text_line_2": "",
              "color_curtain_text_line_3": "",
              "color_curtain_button_type_1": "inherit",
              "color_curtain_button_transparent_1": false,
              "color_curtain_button_type_2": "inherit",
              "color_curtain_button_transparent_2": false,
              "color_curtain_bg": "",
              "curtain_opacity": 0.5,
              "parallax": 0,
              "animation_from": "default",
              "animation_to": "default",
              "animation_from_opacity": false,
              "animation_to_opacity": true,
              "animation_text": "none"
            }
          },
          "1553622644166": {
            "type": "promobox",
            "settings": {
              "grid": 3,
              "grid_responsive": "",
              "responsive_height": "",
              "min_height": "",
              "margin_top": 0,
              "margin_top_responsive": "",
              "margin_bottom": 15,
              "margin_bottom_responsive": "",
              "padding_top": 0,
              "padding_bottom": 0,
              "type": "2",
              "border_hover": false,
              "image": "shopify:\/\/shop_images\/03.png",
              "url": "\/collections\/clothing",
              "image_size": 900,
              "format_pjpg": true,
              "disable_lazyload": false,
              "text_line_1_display": true,
              "text_line_1": "CLOTHING",
              "text_line_2_display": true,
              "text_line_2": "20 Products",
              "text_line_3_display": true,
              "text_line_3": "Text line 3",
              "button_1_display": true,
              "button_1": "Button text",
              "button_2_display": true,
              "button_2": "Button text #2",
              "list_1_display": true,
              "list_1": "",
              "custom_html": "<div class=\"custom-build w-100 d-flex justify-content-center\">\n<div class=\"position-relative h-100 mx-auto mt-15\">\n<div class=\"h-100 d-flex flex-column justify-content-center text-center\">\n<!-- Text #1 --><p class=\"custom-build__text-1 h4 link-unstyled w-100 align-self-center mt-0 mb-0 text-underline-hover ff-alternative\"><!-- start:text-1 -->Text line<!-- end:text-1 --><\/p>\n<!-- END:Text #1 -->\n<!-- Text #2 --><p class=\"custom-build__text-2 paragraph fs link-unstyled w-100 align-self-center mt-5 mb-0\"><!-- start:text-2 -->Text line<!-- end:text-2 --><\/p>\n<!-- END:Text #2 -->\n<\/div>\n<\/div>\n<\/div>",
              "text_line_1_url": "",
              "text_line_2_url": "",
              "text_line_3_url": "",
              "button_1_url": "",
              "button_2_url": "",
              "video_mp4_url": "",
              "video_external_url": "",
              "video_autoplay": true,
              "video_controls": false,
              "enable_curtain": false,
              "curtain_custom_html": "",
              "color_image_mask": "",
              "image_mask_opacity": 0.5,
              "color_text_line_1": "",
              "color_text_line_1_hover": "",
              "color_text_line_2": "",
              "color_text_line_2_hover": "",
              "color_text_line_3": "",
              "color_button_type_1": "inherit",
              "color_button_transparent_1": false,
              "color_button_type_2": "inherit",
              "color_button_transparent_2": false,
              "color_text_bg": "",
              "color_bg": "",
              "color_curtain_text_line_1": "",
              "color_curtain_text_line_2": "",
              "color_curtain_text_line_3": "",
              "color_curtain_button_type_1": "inherit",
              "color_curtain_button_transparent_1": false,
              "color_curtain_button_type_2": "inherit",
              "color_curtain_button_transparent_2": false,
              "color_curtain_bg": "",
              "curtain_opacity": 0.5,
              "parallax": 0,
              "animation_from": "default",
              "animation_to": "default",
              "animation_from_opacity": false,
              "animation_to_opacity": true,
              "animation_text": "none"
            }
          },
          "1553622723061": {
            "type": "promobox",
            "settings": {
              "grid": 3,
              "grid_responsive": "",
              "responsive_height": "",
              "min_height": "",
              "margin_top": 0,
              "margin_top_responsive": "",
              "margin_bottom": 15,
              "margin_bottom_responsive": "",
              "padding_top": 0,
              "padding_bottom": 0,
              "type": "2",
              "border_hover": false,
              "image": "shopify:\/\/shop_images\/04.png",
              "url": "shopify:\/\/collections\/shoes-1",
              "image_size": 900,
              "format_pjpg": true,
              "disable_lazyload": false,
              "text_line_1_display": true,
              "text_line_1": "SHOES",
              "text_line_2_display": true,
              "text_line_2": "32 Products",
              "text_line_3_display": true,
              "text_line_3": "Text line 3",
              "button_1_display": true,
              "button_1": "Button text",
              "button_2_display": true,
              "button_2": "Button text #2",
              "list_1_display": true,
              "list_1": "",
              "custom_html": "<div class=\"custom-build w-100 d-flex justify-content-center\">\n<div class=\"position-relative h-100 mx-auto mt-15\">\n<div class=\"h-100 d-flex flex-column justify-content-center text-center\">\n<!-- Text #1 --><p class=\"custom-build__text-1 h4 link-unstyled w-100 align-self-center mt-0 mb-0 text-underline-hover ff-alternative\"><!-- start:text-1 -->Text line<!-- end:text-1 --><\/p>\n<!-- END:Text #1 -->\n<!-- Text #2 --><p class=\"custom-build__text-2 paragraph fs link-unstyled w-100 align-self-center mt-5 mb-0\"><!-- start:text-2 -->Text line<!-- end:text-2 --><\/p>\n<!-- END:Text #2 -->\n<\/div>\n<\/div>\n<\/div>",
              "text_line_1_url": "",
              "text_line_2_url": "",
              "text_line_3_url": "",
              "button_1_url": "",
              "button_2_url": "",
              "video_mp4_url": "",
              "video_external_url": "",
              "video_autoplay": true,
              "video_controls": false,
              "enable_curtain": false,
              "curtain_custom_html": "",
              "color_image_mask": "",
              "image_mask_opacity": 0.5,
              "color_text_line_1": "",
              "color_text_line_1_hover": "",
              "color_text_line_2": "",
              "color_text_line_2_hover": "",
              "color_text_line_3": "",
              "color_button_type_1": "inherit",
              "color_button_transparent_1": false,
              "color_button_type_2": "inherit",
              "color_button_transparent_2": false,
              "color_text_bg": "",
              "color_bg": "",
              "color_curtain_text_line_1": "",
              "color_curtain_text_line_2": "",
              "color_curtain_text_line_3": "",
              "color_curtain_button_type_1": "inherit",
              "color_curtain_button_transparent_1": false,
              "color_curtain_button_type_2": "inherit",
              "color_curtain_button_transparent_2": false,
              "color_curtain_bg": "",
              "curtain_opacity": 0.5,
              "parallax": 0,
              "animation_from": "default",
              "animation_to": "default",
              "animation_from_opacity": false,
              "animation_to_opacity": true,
              "animation_text": "none"
            }
          },
          "1553622773084": {
            "type": "promobox",
            "settings": {
              "grid": 3,
              "grid_responsive": "",
              "responsive_height": "",
              "min_height": "",
              "margin_top": 0,
              "margin_top_responsive": "",
              "margin_bottom": 15,
              "margin_bottom_responsive": "",
              "padding_top": 0,
              "padding_bottom": 0,
              "type": "2",
              "border_hover": false,
              "image": "shopify:\/\/shop_images\/05.png",
              "url": "\/collections\/accessories",
              "image_size": 900,
              "format_pjpg": true,
              "disable_lazyload": false,
              "text_line_1_display": true,
              "text_line_1": "ACCESSORIES",
              "text_line_2_display": true,
              "text_line_2": "15 Products",
              "text_line_3_display": true,
              "text_line_3": "Text line 3",
              "button_1_display": true,
              "button_1": "Button text",
              "button_2_display": true,
              "button_2": "Button text #2",
              "list_1_display": true,
              "list_1": "",
              "custom_html": "<div class=\"custom-build w-100 d-flex justify-content-center\">\n<div class=\"position-relative h-100 mx-auto mt-15\">\n<div class=\"h-100 d-flex flex-column justify-content-center text-center\">\n<!-- Text #1 --><p class=\"custom-build__text-1 h4 link-unstyled w-100 align-self-center mt-0 mb-0 text-underline-hover ff-alternative\"><!-- start:text-1 -->Text line<!-- end:text-1 --><\/p>\n<!-- END:Text #1 -->\n<!-- Text #2 --><p class=\"custom-build__text-2 paragraph fs link-unstyled w-100 align-self-center mt-5 mb-0\"><!-- start:text-2 -->Text line<!-- end:text-2 --><\/p>\n<!-- END:Text #2 -->\n<\/div>\n<\/div>\n<\/div>",
              "text_line_1_url": "",
              "text_line_2_url": "",
              "text_line_3_url": "",
              "button_1_url": "",
              "button_2_url": "",
              "video_mp4_url": "",
              "video_external_url": "",
              "video_autoplay": true,
              "video_controls": false,
              "enable_curtain": false,
              "curtain_custom_html": "",
              "color_image_mask": "",
              "image_mask_opacity": 0.5,
              "color_text_line_1": "",
              "color_text_line_1_hover": "",
              "color_text_line_2": "",
              "color_text_line_2_hover": "",
              "color_text_line_3": "",
              "color_button_type_1": "inherit",
              "color_button_transparent_1": false,
              "color_button_type_2": "inherit",
              "color_button_transparent_2": false,
              "color_text_bg": "",
              "color_bg": "",
              "color_curtain_text_line_1": "",
              "color_curtain_text_line_2": "",
              "color_curtain_text_line_3": "",
              "color_curtain_button_type_1": "inherit",
              "color_curtain_button_transparent_1": false,
              "color_curtain_button_type_2": "inherit",
              "color_curtain_button_transparent_2": false,
              "color_curtain_bg": "",
              "curtain_opacity": 0.5,
              "parallax": 0,
              "animation_from": "default",
              "animation_to": "default",
              "animation_from_opacity": false,
              "animation_to_opacity": true,
              "animation_text": "none"
            }
          }
        },
        "block_order": [
          "1553622521779",
          "1553622644166",
          "1553622723061",
          "1553622773084"
        ],
        "settings": {
          "title": "<p>Shop by Category<\/p>",
          "container": "boxed",
          "margin_top": 0,
          "margin_top_responsive": "",
          "margin_bottom": 45,
          "margin_bottom_responsive": "",
          "padding_top": 0,
          "padding_bottom": 0,
          "disable_paddings": false,
          "horizontal_align": "left",
          "vertical_align": "top",
          "overflow_hidden": true,
          "color_bg": ""
        }
      },
      "1553625880594": {
        "type": "home-builder",
        "blocks": {
          "1553625923541": {
            "type": "slider",
            "settings": {
              "name": "Slider #1",
              "grid": 12,
              "grid_responsive": "",
              "margin_top": 0,
              "margin_top_responsive": "",
              "margin_bottom": 0,
              "margin_bottom_responsive": "",
              "grid_width": "1440,1025,778,541",
              "grid_height": "550,700,650,600",
              "min_height": "550",
              "image_height": "550",
              "preload_spacer": false,
              "arrows": false,
              "bullets": true,
              "delay": 3
            }
          },
          "1553625931491": {
            "type": "slide",
            "settings": {
              "for_slider": "Slider #1",
              "type": "clean",
              "image": "shopify:\/\/shop_images\/06.png",
              "url": "",
              "text_line_1_display": true,
              "text_line_1": "THE NAVY BLAZER",
              "text_line_2_display": true,
              "text_line_2": "Spring Layers to Wear Now",
              "text_line_3_display": true,
              "text_line_3": "Text line #3",
              "button_1_display": true,
              "button_1": "DISCOVER MORE",
              "button_2_display": true,
              "button_2": "Button text #2",
              "list_1_display": true,
              "list_1": "",
              "custom_html": "<div class=\"custom-build w-100 d-flex justify-content-center\">\n<div class=\"position-relative h-100 w-100 mx-auto py-10 px-10\" style=\"max-width: 75%;\">\n<div class=\"h-100 d-flex flex-column justify-content-center text-left\">\n<!-- Text #1 --><p class=\"custom-build__text-1 h1 link-unstyled w-100 align-self-center mt-0 mb-0 ff-alternative\"><!-- start:text-1 -->Text line<!-- end:text-1 --><\/p>\n<!-- END:Text #1 -->\n<!-- Text #2 --><p class=\"custom-build__text-2 h4 link-unstyled w-100 align-self-center mt-20 mb-0\"><!-- start:text-2 -->Text line<!-- end:text-2 --><\/p>\n<!-- END:Text #2 -->\n<!-- Button #1 --><div class=\"custom-build__btn-1 btn--default btn align-self-start mt-30 mb-0 justify-content-center\">\n<!-- start:btn-1 -->BUTTON TEXT<!-- end:btn-1 -->\n<\/div>\n<!-- END:Button #1 -->\n<\/div>\n<\/div>\n<\/div>",
              "text_line_1_url": "",
              "text_line_2_url": "",
              "text_line_3_url": "",
              "button_1_url": "",
              "button_2_url": "",
              "video_mp4_url": "",
              "video_external_url": "",
              "video_autoplay": true,
              "video_controls": false,
              "color_text_line_1": "",
              "color_text_line_1_hover": "",
              "color_text_line_2": "",
              "color_text_line_2_hover": "",
              "color_text_line_3": "",
              "color_button_type_1": "inherit",
              "color_button_transparent_1": false,
              "color_button_type_2": "inherit",
              "color_button_transparent_2": false,
              "color_bg": "",
              "delay": 0,
              "slide_animation": "<li data-transition=\"random-premium\">",
              "html_animation": "data-frames='[{\"delay\":0,\"speed\":1500,\"frame\":\"0\",\"from\":\"opacity:0;\",\"to\":\"o:1;\",\"ease\":\"Power3.easeInOut\"},{\"delay\":\"wait\",\"speed\":800,\"frame\":\"999\",\"to\":\"auto:auto;\",\"ease\":\"Power3.easeInOut\"}]'",
              "image_parallax": 10,
              "content_parallax": 2
            }
          },
          "1553626189202": {
            "type": "slide",
            "settings": {
              "for_slider": "Slider #1",
              "type": "clean",
              "image": "shopify:\/\/shop_images\/07.png",
              "url": "",
              "text_line_1_display": true,
              "text_line_1": "THE PANT",
              "text_line_2_display": true,
              "text_line_2": "Spring Layers to Wear Now",
              "text_line_3_display": true,
              "text_line_3": "Text line #3",
              "button_1_display": true,
              "button_1": "DISCOVER MORE",
              "button_2_display": true,
              "button_2": "Button text #2",
              "list_1_display": true,
              "list_1": "",
              "custom_html": "<div class=\"custom-build w-100 d-flex justify-content-center\">\n<div class=\"position-relative h-100 w-100 mx-auto py-10 px-10\" style=\"max-width: 75%;\">\n<div class=\"h-100 d-flex flex-column justify-content-center text-left\">\n<!-- Text #1 --><p class=\"custom-build__text-1 h1 link-unstyled w-100 align-self-center mt-0 mb-0 ff-alternative\"><!-- start:text-1 -->Text line<!-- end:text-1 --><\/p>\n<!-- END:Text #1 -->\n<!-- Text #2 --><p class=\"custom-build__text-2 h4 link-unstyled w-100 align-self-center mt-20 mb-0\"><!-- start:text-2 -->Text line<!-- end:text-2 --><\/p>\n<!-- END:Text #2 -->\n<!-- Button #1 --><div class=\"custom-build__btn-1 btn--default btn align-self-start mt-30 mb-0 justify-content-center\">\n<!-- start:btn-1 -->BUTTON TEXT<!-- end:btn-1 -->\n<\/div>\n<!-- END:Button #1 -->\n<\/div>\n<\/div>\n<\/div>",
              "text_line_1_url": "",
              "text_line_2_url": "",
              "text_line_3_url": "",
              "button_1_url": "",
              "button_2_url": "",
              "video_mp4_url": "",
              "video_external_url": "",
              "video_autoplay": true,
              "video_controls": false,
              "color_text_line_1": "",
              "color_text_line_1_hover": "",
              "color_text_line_2": "",
              "color_text_line_2_hover": "",
              "color_text_line_3": "",
              "color_button_type_1": "inherit",
              "color_button_transparent_1": false,
              "color_button_type_2": "inherit",
              "color_button_transparent_2": false,
              "color_bg": "",
              "delay": 0,
              "slide_animation": "<li data-transition=\"random-premium\">",
              "html_animation": "data-frames='[{\"delay\":0,\"speed\":1500,\"frame\":\"0\",\"from\":\"y:[-100%];z:0;rX:0deg;rY:0;rZ:0;sX:1;sY:1;skX:0;skY:0;\",\"mask\":\"x:0px;y:0px;s:inherit;e:inherit;\",\"to\":\"o:1;\",\"ease\":\"Power3.easeInOut\"},{\"delay\":\"wait\",\"speed\":800,\"frame\":\"999\",\"to\":\"auto:auto;\",\"ease\":\"Power3.easeInOut\"}]'",
              "image_parallax": 10,
              "content_parallax": 2
            }
          },
          "1553626209026": {
            "type": "slide",
            "settings": {
              "for_slider": "Slider #1",
              "type": "clean",
              "image": "shopify:\/\/shop_images\/08.png",
              "url": "",
              "text_line_1_display": true,
              "text_line_1": "THE TRENCH COAT",
              "text_line_2_display": true,
              "text_line_2": "Spring Layers to Wear Now",
              "text_line_3_display": true,
              "text_line_3": "Text line #3",
              "button_1_display": true,
              "button_1": "DISCOVER MORE",
              "button_2_display": true,
              "button_2": "Button text #2",
              "list_1_display": true,
              "list_1": "",
              "custom_html": "<div class=\"custom-build w-100 d-flex justify-content-center\">\n<div class=\"position-relative h-100 w-100 mx-auto py-10 px-10\" style=\"max-width: 75%;\">\n<div class=\"h-100 d-flex flex-column justify-content-center text-left\">\n<!-- Text #1 --><p class=\"custom-build__text-1 h1 link-unstyled w-100 align-self-center mt-0 mb-0 ff-alternative\"><!-- start:text-1 -->Text line<!-- end:text-1 --><\/p>\n<!-- END:Text #1 -->\n<!-- Text #2 --><p class=\"custom-build__text-2 h4 link-unstyled w-100 align-self-center mt-20 mb-0\"><!-- start:text-2 -->Text line<!-- end:text-2 --><\/p>\n<!-- END:Text #2 -->\n<!-- Button #1 --><div class=\"custom-build__btn-1 btn--default btn align-self-start mt-30 mb-0 justify-content-center\">\n<!-- start:btn-1 -->BUTTON TEXT<!-- end:btn-1 -->\n<\/div>\n<!-- END:Button #1 -->\n<\/div>\n<\/div>\n<\/div>",
              "text_line_1_url": "",
              "text_line_2_url": "",
              "text_line_3_url": "",
              "button_1_url": "",
              "button_2_url": "",
              "video_mp4_url": "",
              "video_external_url": "",
              "video_autoplay": true,
              "video_controls": false,
              "color_text_line_1": "#ffffff",
              "color_text_line_1_hover": "",
              "color_text_line_2": "",
              "color_text_line_2_hover": "",
              "color_text_line_3": "",
              "color_button_type_1": "inherit",
              "color_button_transparent_1": false,
              "color_button_type_2": "inherit",
              "color_button_transparent_2": false,
              "color_bg": "",
              "delay": 0,
              "slide_animation": "<li data-transition=\"random-premium\">",
              "html_animation": "data-frames='[{\"delay\":0,\"speed\":1500,\"frame\":\"0\",\"from\":\"x:[-175%];y:0px;z:0;rX:0;rY:0;rZ:0;sX:1;sY:1;skX:0;skY:0;opacity:1;\",\"mask\":\"x:[100%];y:0;s:inherit;e:inherit;\",\"to\":\"o:1;\",\"ease\":\"Power3.easeOut\"},{\"delay\":\"wait\",\"speed\":800,\"frame\":\"999\",\"to\":\"auto:auto;\",\"ease\":\"Power3.easeInOut\"}]'",
              "image_parallax": 10,
              "content_parallax": 2
            }
          }
        },
        "block_order": [
          "1553625923541",
          "1553625931491",
          "1553626189202",
          "1553626209026"
        ],
        "settings": {
          "title": "",
          "container": "boxed",
          "margin_top": 0,
          "margin_top_responsive": "",
          "margin_bottom": 60,
          "margin_bottom_responsive": "",
          "padding_top": 0,
          "padding_bottom": 0,
          "disable_paddings": false,
          "horizontal_align": "left",
          "vertical_align": "top",
          "overflow_hidden": true,
          "color_bg": ""
        }
      },
      "1553626267084": {
        "type": "home-builder",
        "blocks": {
          "1553626277387": {
            "type": "promobox",
            "settings": {
              "grid": 4,
              "grid_responsive": "",
              "responsive_height": "",
              "min_height": "",
              "margin_top": 0,
              "margin_top_responsive": "",
              "margin_bottom": 30,
              "margin_bottom_responsive": "",
              "padding_top": 0,
              "padding_bottom": 0,
              "type": "2",
              "border_hover": false,
              "image": "shopify:\/\/shop_images\/09.png",
              "url": "\/collections\/new",
              "image_size": 400,
              "format_pjpg": true,
              "disable_lazyload": false,
              "text_line_1_display": true,
              "text_line_1": "SPRING 2019",
              "text_line_2_display": true,
              "text_line_2": "DISCOVER MORE",
              "text_line_3_display": true,
              "text_line_3": "Text line 3",
              "button_1_display": true,
              "button_1": "Button text",
              "button_2_display": true,
              "button_2": "Button text #2",
              "list_1_display": true,
              "list_1": "",
              "custom_html": "<div class=\"custom-build w-100 d-flex justify-content-center\">\n<div class=\"position-relative h-100 mx-auto mt-25\">\n<div class=\"h-100 d-flex flex-column justify-content-center text-center\">\n<!-- Text #1 --><p class=\"custom-build__text-1 h3 link-unstyled w-100 align-self-center mt-0 mb-0 ff-alternative\"><!-- start:text-1 -->Text line<!-- end:text-1 --><\/p>\n<!-- END:Text #1 -->\n<!-- Text #2 --><p class=\"custom-build__text-2 h6 link-unstyled w-100 align-self-center mt-15 mb-0 text-underline-hover-disable\"><!-- start:text-2 -->Text line<!-- end:text-2 --><\/p>\n<!-- END:Text #2 -->\n<\/div>\n<\/div>\n<\/div>",
              "text_line_1_url": "",
              "text_line_2_url": "shopify:\/\/collections",
              "text_line_3_url": "",
              "button_1_url": "",
              "button_2_url": "",
              "video_mp4_url": "",
              "video_external_url": "",
              "video_autoplay": true,
              "video_controls": false,
              "enable_curtain": false,
              "curtain_custom_html": "",
              "color_image_mask": "",
              "image_mask_opacity": 0.5,
              "color_text_line_1": "",
              "color_text_line_1_hover": "",
              "color_text_line_2": "#1e4978",
              "color_text_line_2_hover": "",
              "color_text_line_3": "",
              "color_button_type_1": "inherit",
              "color_button_transparent_1": false,
              "color_button_type_2": "inherit",
              "color_button_transparent_2": false,
              "color_text_bg": "",
              "color_bg": "",
              "color_curtain_text_line_1": "",
              "color_curtain_text_line_2": "",
              "color_curtain_text_line_3": "",
              "color_curtain_button_type_1": "inherit",
              "color_curtain_button_transparent_1": false,
              "color_curtain_button_type_2": "inherit",
              "color_curtain_button_transparent_2": false,
              "color_curtain_bg": "",
              "curtain_opacity": 0.5,
              "parallax": 0,
              "animation_from": "default",
              "animation_to": "center",
              "animation_from_opacity": false,
              "animation_to_opacity": true,
              "animation_text": "none"
            }
          },
          "1553626362658": {
            "type": "promobox",
            "settings": {
              "grid": 4,
              "grid_responsive": "",
              "responsive_height": "",
              "min_height": "",
              "margin_top": 0,
              "margin_top_responsive": "",
              "margin_bottom": 30,
              "margin_bottom_responsive": "",
              "padding_top": 0,
              "padding_bottom": 0,
              "type": "2",
              "border_hover": false,
              "image": "shopify:\/\/shop_images\/10.png",
              "url": "\/collections\/shoes",
              "image_size": 400,
              "format_pjpg": true,
              "disable_lazyload": false,
              "text_line_1_display": true,
              "text_line_1": "DRESSES",
              "text_line_2_display": true,
              "text_line_2": "DISCOVER MORE",
              "text_line_3_display": true,
              "text_line_3": "Text line 3",
              "button_1_display": true,
              "button_1": "Button text",
              "button_2_display": true,
              "button_2": "Button text #2",
              "list_1_display": true,
              "list_1": "",
              "custom_html": "<div class=\"custom-build w-100 d-flex justify-content-center\">\n<div class=\"position-relative h-100 mx-auto mt-25\">\n<div class=\"h-100 d-flex flex-column justify-content-center text-center\">\n<!-- Text #1 --><p class=\"custom-build__text-1 h3 link-unstyled w-100 align-self-center mt-0 mb-0 ff-alternative\"><!-- start:text-1 -->Text line<!-- end:text-1 --><\/p>\n<!-- END:Text #1 -->\n<!-- Text #2 --><p class=\"custom-build__text-2 h6 link-unstyled w-100 align-self-center mt-15 mb-0 text-underline-hover-disable\"><!-- start:text-2 -->Text line<!-- end:text-2 --><\/p>\n<!-- END:Text #2 -->\n<\/div>\n<\/div>\n<\/div>",
              "text_line_1_url": "",
              "text_line_2_url": "shopify:\/\/collections\/clothing-dresses-jumpsuits",
              "text_line_3_url": "",
              "button_1_url": "",
              "button_2_url": "",
              "video_mp4_url": "",
              "video_external_url": "",
              "video_autoplay": true,
              "video_controls": false,
              "enable_curtain": false,
              "curtain_custom_html": "",
              "color_image_mask": "",
              "image_mask_opacity": 0.5,
              "color_text_line_1": "",
              "color_text_line_1_hover": "",
              "color_text_line_2": "#1e4978",
              "color_text_line_2_hover": "",
              "color_text_line_3": "",
              "color_button_type_1": "inherit",
              "color_button_transparent_1": false,
              "color_button_type_2": "inherit",
              "color_button_transparent_2": false,
              "color_text_bg": "",
              "color_bg": "",
              "color_curtain_text_line_1": "",
              "color_curtain_text_line_2": "",
              "color_curtain_text_line_3": "",
              "color_curtain_button_type_1": "inherit",
              "color_curtain_button_transparent_1": false,
              "color_curtain_button_type_2": "inherit",
              "color_curtain_button_transparent_2": false,
              "color_curtain_bg": "",
              "curtain_opacity": 0.5,
              "parallax": 0,
              "animation_from": "default",
              "animation_to": "center",
              "animation_from_opacity": false,
              "animation_to_opacity": true,
              "animation_text": "none"
            }
          },
          "1553626422861": {
            "type": "promobox",
            "settings": {
              "grid": 4,
              "grid_responsive": "",
              "responsive_height": "",
              "min_height": "",
              "margin_top": 0,
              "margin_top_responsive": "",
              "margin_bottom": 30,
              "margin_bottom_responsive": "",
              "padding_top": 0,
              "padding_bottom": 0,
              "type": "2",
              "border_hover": false,
              "image": "shopify:\/\/shop_images\/11.png",
              "url": "\/collections\/accessories",
              "image_size": 400,
              "format_pjpg": true,
              "disable_lazyload": false,
              "text_line_1_display": true,
              "text_line_1": "JACKETS",
              "text_line_2_display": true,
              "text_line_2": "DISCOVER MORE",
              "text_line_3_display": true,
              "text_line_3": "Text line 3",
              "button_1_display": true,
              "button_1": "Button text",
              "button_2_display": true,
              "button_2": "Button text #2",
              "list_1_display": true,
              "list_1": "",
              "custom_html": "<div class=\"custom-build w-100 d-flex justify-content-center\">\n<div class=\"position-relative h-100 mx-auto mt-25\">\n<div class=\"h-100 d-flex flex-column justify-content-center text-center\">\n<!-- Text #1 --><p class=\"custom-build__text-1 h3 link-unstyled w-100 align-self-center mt-0 mb-0 ff-alternative\"><!-- start:text-1 -->Text line<!-- end:text-1 --><\/p>\n<!-- END:Text #1 -->\n<!-- Text #2 --><p class=\"custom-build__text-2 h6 link-unstyled w-100 align-self-center mt-15 mb-0 text-underline-hover-disable\"><!-- start:text-2 -->Text line<!-- end:text-2 --><\/p>\n<!-- END:Text #2 -->\n<\/div>\n<\/div>\n<\/div>",
              "text_line_1_url": "",
              "text_line_2_url": "shopify:\/\/collections\/clothing-blazers",
              "text_line_3_url": "",
              "button_1_url": "",
              "button_2_url": "",
              "video_mp4_url": "",
              "video_external_url": "",
              "video_autoplay": true,
              "video_controls": false,
              "enable_curtain": false,
              "curtain_custom_html": "",
              "color_image_mask": "",
              "image_mask_opacity": 0.5,
              "color_text_line_1": "",
              "color_text_line_1_hover": "",
              "color_text_line_2": "#1e4978",
              "color_text_line_2_hover": "",
              "color_text_line_3": "",
              "color_button_type_1": "inherit",
              "color_button_transparent_1": false,
              "color_button_type_2": "inherit",
              "color_button_transparent_2": false,
              "color_text_bg": "",
              "color_bg": "",
              "color_curtain_text_line_1": "",
              "color_curtain_text_line_2": "",
              "color_curtain_text_line_3": "",
              "color_curtain_button_type_1": "inherit",
              "color_curtain_button_transparent_1": false,
              "color_curtain_button_type_2": "inherit",
              "color_curtain_button_transparent_2": false,
              "color_curtain_bg": "",
              "curtain_opacity": 0.5,
              "parallax": 0,
              "animation_from": "default",
              "animation_to": "center",
              "animation_from_opacity": false,
              "animation_to_opacity": true,
              "animation_text": "none"
            }
          }
        },
        "block_order": [
          "1553626277387",
          "1553626362658",
          "1553626422861"
        ],
        "settings": {
          "title": "<p>More to Explore<\/p>",
          "container": "boxed",
          "margin_top": 0,
          "margin_top_responsive": "",
          "margin_bottom": 25,
          "margin_bottom_responsive": "",
          "padding_top": 0,
          "padding_bottom": 0,
          "disable_paddings": false,
          "horizontal_align": "left",
          "vertical_align": "top",
          "overflow_hidden": true,
          "color_bg": ""
        }
      },
      "product": {
        "type": "product",
        "settings": {
          "layout": "4",
          "sidebar": "off",
          "enable_sticky_gallery": true,
          "enable_sticky_sidebar": true,
          "show_arrows": true,
          "show_btn_fullscreen": true,
          "enable_zoom": true,
          "show_label_in_stock": false,
          "show_label_out_stock": false,
          "show_label_sale": false,
          "show_label_new": false,
          "show_label_hot": false,
          "show_collections": false,
          "show_title": true,
          "show_price": true,
          "show_sale_price_separator": false,
          "show_sale_details": true,
          "show_sku": true,
          "show_barcode": false,
          "show_availability": false,
          "show_type": false,
          "show_vendor": true,
          "show_reviews": true,
          "hide_empty_reviews": true,
          "hide_reviews_counter": false,
          "show_countdown": true,
          "show_stock_countdown": true,
          "show_stock_countdown_range": true,
          "show_text_countdown": false,
          "show_visitors": false,
          "show_options": true,
          "show_quantity": true,
          "show_size_guide": true,
          "show_delivery_return": true,
          "show_button_add_to_cart": true,
          "show_button_add_to_wishlist": true,
          "show_button_add_to_compare": false,
          "show_button_dynamic_checkout": false,
          "show_dynamic_checkout_confirmation": false,
          "styled_dynamic_checkout": false,
          "show_free_shipping": false,
          "show_payments": false,
          "payments_type": "dark",
          "show_addthis": true,
          "show_tabs": true,
          "show_tab_description": true,
          "show_tab_reviews": true
        }
      },
      "carousel-related-products": {
        "type": "carousel-related-products",
        "settings": {
          "enable": false,
          "title": "Related Products",
          "products_pre_row": 4,
          "max_count": 6,
          "autoplay": true,
          "speed": 5,
          "infinite": true,
          "arrows": true,
          "bullets": true,
          "disable_lazyload": false,
          "async_ajax_loading": true
        }
      },
      "product-fixed-sizebar": {
        "type": "product-fixed-sizebar",
        "settings": {
          "show_product_usage_info": false
        }
      },
      "1559093101842": {
        "type": "home-builder",
        "blocks": {
          "1560971849393": {
            "type": "promobox",
            "settings": {
              "grid": 12,
              "grid_responsive": "",
              "responsive_height": "",
              "min_height": "35",
              "margin_top": 0,
              "margin_top_responsive": "",
              "margin_bottom": 0,
              "margin_bottom_responsive": "",
              "padding_top": 5,
              "padding_bottom": 5,
              "type": "text",
              "border_hover": false,
              "image": "",
              "url": "",
              "image_size": 900,
              "format_pjpg": true,
              "disable_lazyload": false,
              "text_line_1_display": true,
              "text_line_1": "FINAL CLEARANCE: Take 20% off ‘Sale Must-Haves'",
              "text_line_2_display": true,
              "text_line_2": "Text line #2",
              "text_line_3_display": true,
              "text_line_3": "Text line #3",
              "button_1_display": true,
              "button_1": "Button text",
              "button_2_display": true,
              "button_2": "Button text #2",
              "list_1_display": true,
              "list_1": "",
              "custom_html": "<div class=\"custom-build w-100 d-flex justify-content-center\">\n<div class=\"position-relative h-100 mx-auto px-15\">\n<div class=\"h-100 d-flex flex-column justify-content-center text-center\">\n<!-- Text #1 --><p class=\"custom-build__text-1 h4 link-unstyled w-100 align-self-center mt-0 mb-0 font-weight-bold\"><!-- start:text-1 -->Text line<!-- end:text-1 --><\/p>\n<!-- END:Text #1 -->\n<\/div>\n<\/div>\n<\/div>",
              "text_line_1_url": "",
              "text_line_2_url": "",
              "text_line_3_url": "",
              "button_1_url": "",
              "button_2_url": "",
              "video_mp4_url": "",
              "video_external_url": "",
              "video_autoplay": true,
              "video_controls": false,
              "enable_curtain": false,
              "curtain_custom_html": "",
              "color_image_mask": "",
              "image_mask_opacity": 0.5,
              "color_text_line_1": "#ffffff",
              "color_text_line_1_hover": "",
              "color_text_line_2": "",
              "color_text_line_2_hover": "",
              "color_text_line_3": "",
              "color_button_type_1": "inherit",
              "color_button_transparent_1": false,
              "color_button_type_2": "inherit",
              "color_button_transparent_2": false,
              "color_text_bg": "",
              "color_bg": "#8a2626",
              "color_curtain_text_line_1": "",
              "color_curtain_text_line_2": "",
              "color_curtain_text_line_3": "",
              "color_curtain_button_type_1": "inherit",
              "color_curtain_button_transparent_1": false,
              "color_curtain_button_type_2": "inherit",
              "color_curtain_button_transparent_2": false,
              "color_curtain_bg": "",
              "curtain_opacity": 0.5,
              "parallax": 0,
              "animation_from": "default",
              "animation_to": "default",
              "animation_from_opacity": false,
              "animation_to_opacity": false,
              "animation_text": "none"
            }
          }
        },
        "block_order": [
          "1560971849393"
        ],
        "settings": {
          "title": "",
          "container": "fullwidth",
          "margin_top": 0,
          "margin_top_responsive": "",
          "margin_bottom": 60,
          "margin_bottom_responsive": "",
          "padding_top": 0,
          "padding_bottom": 0,
          "disable_paddings": false,
          "horizontal_align": "left",
          "vertical_align": "top",
          "overflow_hidden": true,
          "color_bg": ""
        }
      },
      "list-collections": {
        "type": "list-collections",
        "settings": {
          "grid": "4",
          "grid_responsive": "",
          "masonry_enable": false,
          "type": "list_1",
          "image_size": 900,
          "format_pjpg": true,
          "disable_lazyload": false,
          "animation_from": "default",
          "animation_to": "center",
          "animation_from_opacity": false,
          "animation_to_opacity": true
        }
      },
      "blog-sidebar": {
        "type": "blog-sidebar",
        "settings": {
        }
      },
      "blog-body": {
        "type": "blog-body",
        "settings": {
          "show_title": false,
          "type": "1",
          "grid": "4",
          "masonry_enable": true,
          "max_posts": 12,
          "show_image": true,
          "show_information": true,
          "show_tags": true,
          "show_content": true,
          "show_button": true,
          "show_comments": true,
          "show_empty_comments": true,
          "max_post_content_length": 100
        }
      },
      "faqs": {
        "type": "faqs",
        "settings": {
        }
      },
      "contact-map": {
        "type": "contact-map",
        "settings": {
          "code": "<iframe width=\"600\" height=\"450\" frameborder=\"0\" style=\"border:0\" src=\"https:\/\/www.google.com\/maps\/embed\/v1\/place?key=AIzaSyBwY_0PWuwH_A5y4iwNAqpaUbUjRPySkFc%0A%20%20%20%20&q=7563%20St.%20Vicent%20Place,%20Glasgow\" allowfullscreen=\"\"><\/iframe>"
        }
      }
    },
    "content_for_index": [
      "1559093101842",
      "1552483536136",
      "1553622452391",
      "1553625880594",
      "1553626267084"
    ]
  }
}