{"pages":[{"id":41254518877,"title":"About Our Store","shop_id":25462997085,"handle":"about-our-store","body_html":"\u003cp\u003e\u003cimg src=\"\/\/cdn.shopify.com\/s\/files\/1\/0026\/2956\/6516\/files\/about-page_1024x1024.jpg?v=1534148466\" class=\"w-100\" alt=\"\"\u003e\u003c\/p\u003e\n\u003cdiv class=\"mt-40 text-center\"\u003e\n\u003cdiv class=\"container container--sm px-0\"\u003e\n\u003cp\u003eA great About Us page helps builds trust between you and your customers. The more content you provide about you and your business, the more confident people will be when purchasing from your store.\u003c\/p\u003e\n\u003cp class=\"mt-30\"\u003e\u003cimg src=\"\/\/cdn.shopify.com\/s\/files\/1\/0026\/2956\/6516\/files\/blogs-about_large.png?v=1533265367\" width=\"190\" style=\"max-width: 50%;\" alt=\"\"\u003e\u003c\/p\u003e\n\u003c\/div\u003e\n\u003c\/div\u003e","author":"Shopify API","created_at":"2019-07-01T09:11:24-04:00","updated_at":"2019-07-01T09:11:24-04:00","published_at":"2018-10-05T10:14:00-04:00","template_suffix":"","admin_graphql_api_id":"gid:\/\/shopify\/OnlineStorePage\/41254518877"},{"id":41254551645,"title":"Autumn\/Winter 2018","shop_id":25462997085,"handle":"autumn-winter-2018","body_html":"","author":"Shopify API","created_at":"2019-07-01T09:11:25-04:00","updated_at":"2019-07-01T09:11:25-04:00","published_at":"2018-11-16T11:47:00-05:00","template_suffix":"lookbook","admin_graphql_api_id":"gid:\/\/shopify\/OnlineStorePage\/41254551645"},{"id":41254584413,"title":"Compare","shop_id":25462997085,"handle":"compare","body_html":"","author":"Shopify API","created_at":"2019-07-01T09:11:26-04:00","updated_at":"2019-07-01T09:11:26-04:00","published_at":"2018-10-05T10:31:00-04:00","template_suffix":"compare","admin_graphql_api_id":"gid:\/\/shopify\/OnlineStorePage\/41254584413"},{"id":41100378205,"title":"Contact","shop_id":25462997085,"handle":"contact","body_html":"[template:page-contact]","author":null,"created_at":"2019-06-25T13:20:11-04:00","updated_at":"2019-06-25T13:20:11-04:00","published_at":"2019-06-25T13:20:11-04:00","template_suffix":"contact","admin_graphql_api_id":"gid:\/\/shopify\/OnlineStorePage\/41100378205"},{"id":41254617181,"title":"Contact","shop_id":25462997085,"handle":"contact-1","body_html":"\u003ch1 class=\"h3 mb-30\"\u003eHere to Help\u003c\/h1\u003e\n\u003cp\u003eHave a question? You may find an answer in our FAQs. But you can also contact us:\u003c\/p\u003e\n\u003ch5\u003eCall Us: 800-123-4567747 MADISON AVENUE, NEW YORK, NY 10065\u003c\/h5\u003e\n\u003cul class=\"list-unstyled\"\u003e\n    \u003cli\u003eOpening Hours:\u003c\/li\u003e\n    \u003cli\u003eMonday to Friday 9:00 am - 6:00 pm\u003c\/li\u003e\n    \u003cli\u003eSaturday 9:00 am - 4:00 pm\u003c\/li\u003e\n    \u003cli\u003eSunday: 9 pm - 2:00 pm\u003c\/li\u003e\n\u003c\/ul\u003e","author":"Shopify API","created_at":"2019-07-01T09:11:27-04:00","updated_at":"2019-07-01T09:11:27-04:00","published_at":"2018-10-05T10:31:00-04:00","template_suffix":"contact","admin_graphql_api_id":"gid:\/\/shopify\/OnlineStorePage\/41254617181"},{"id":41254649949,"title":"Cookie Policy","shop_id":25462997085,"handle":"cookie-policy","body_html":"\u003cdiv class=\"container container--sm px-0\"\u003e\n    \u003cp class=\"mb-50 text-center\"\u003eShould you require information or help, please contact us by \u003ca href=\"mailto:youraddress@gmail.com\" class=\"link-revert text-underline\"\u003eemail\u003c\/a\u003e or by phone and we will be happy to assist you.\u003c\/p\u003e\n    \u003cdiv class=\"d-flex align-items-center\"\u003e\n        \u003ch5 class=\"mt-5 mb-0\"\u003eWHAT ARE COOKIES, WEB BEACONS, AND SIMILAR TECHNOLOGIES?\u003c\/h5\u003e\n    \u003c\/div\u003e\n    \u003cul class=\"list-lg mt-15\"\u003e\n        \u003cli\u003eComplimentary ground shipping within 1 to 7 business days\u003c\/li\u003e\n        \u003cli\u003eIn-store collection available within 1 to 7 business days\u003c\/li\u003e\n        \u003cli\u003eNext-day and Express delivery options also available\u003c\/li\u003e\n        \u003cli\u003ePurchases are delivered in an orange box tied with a Bolduc ribbon, with the exception of certain items\u003c\/li\u003e\n        \u003cli\u003eSee the delivery FAQs for details on shipping methods, costs and delivery times\u003c\/li\u003e\n    \u003c\/ul\u003e\n    \u003cdiv class=\"d-flex align-items-center mt-35\"\u003e\n        \u003ch5 class=\"mt-5 mb-0\"\u003eWHAT DO WE DO WITH THESE TECHNOLOGIES?\u003c\/h5\u003e\n    \u003c\/div\u003e\n    \u003cp class=\"mt-15\"\u003eShella accepts the following payment methods:\u003c\/p\u003e\n    \u003cul class=\"list-lg mt-20\"\u003e\n        \u003cli\u003eCredit Card: Visa, MasterCard, Discover, American Express, JCB, Visa Electron. The total will be charged to your card when the order is shipped.\u003c\/li\u003e\n        \u003cli\u003eShella features a Fast Checkout option, allowing you to securely save your credit card details so that you don't have to re-enter them for future purchases.\u003c\/li\u003e\n        \u003cli\u003ePayPal: Shop easily online without having to enter your credit card details on the website.Your account will be charged once the order is completed. To register for a PayPal account, visit the website \u003ca href=\"https:\/\/paypal.com\" target=\"_blank\" class=\"link-revert text-underline\" rel=\"noopener noreferrer\"\u003epaypal.com.\u003c\/a\u003e\n\u003c\/li\u003e\n    \u003c\/ul\u003e\n    \u003cdiv class=\"d-flex align-items-center mt-35\"\u003e\n        \u003ch5 class=\"mt-5 mb-0\"\u003eYOUR OPTIONS WHEN IT COMES COOKIES, WEB BEACONS AND SIMILAR TECHNOLOGIES\u003c\/h5\u003e\n    \u003c\/div\u003e\n    \u003cp class=\"mt-15\"\u003eItems returned within 14 days of their original shipment date in same as new condition will be eligible for a full refund or store credit. Refunds will be charged back to the original form of payment used for purchase. Customer is responsible for shipping charges when making returns and shipping\/handling fees of original purchase is non-refundable.\u003c\/p\u003e\n\u003c\/div\u003e","author":"Shopify API","created_at":"2019-07-01T09:11:28-04:00","updated_at":"2019-07-01T09:11:28-04:00","published_at":"2018-11-09T13:42:00-05:00","template_suffix":"","admin_graphql_api_id":"gid:\/\/shopify\/OnlineStorePage\/41254649949"},{"id":41254682717,"title":"Customer Service","shop_id":25462997085,"handle":"customer-service","body_html":"\u003cdiv class=\"container container--sm px-0\"\u003e\n    \u003cp class=\"mb-50 text-center\"\u003eShould you require information or help, please contact us by \u003ca href=\"mailto:youraddress@gmail.com\" class=\"link-revert text-underline\"\u003eemail\u003c\/a\u003e or by phone and we will be happy to assist you.\u003c\/p\u003e\n    \u003cdiv class=\"d-flex align-items-center\"\u003e\n        \u003ci class=\"d-block mr-15\"\u003e[icon:theme-116]\u003c\/i\u003e\n        \u003ch5 class=\"mt-5 mb-0\"\u003eSHIPPING TIMES AND COSTS\u003c\/h5\u003e\n    \u003c\/div\u003e\n    \u003cul class=\"list-lg mt-15\"\u003e\n        \u003cli\u003eComplimentary ground shipping within 1 to 7 business days\u003c\/li\u003e\n        \u003cli\u003eIn-store collection available within 1 to 7 business days\u003c\/li\u003e\n        \u003cli\u003eNext-day and Express delivery options also available\u003c\/li\u003e\n        \u003cli\u003ePurchases are delivered in an orange box tied with a Bolduc ribbon, with the exception of certain items\u003c\/li\u003e\n        \u003cli\u003eSee the delivery FAQs for details on shipping methods, costs and delivery times\u003c\/li\u003e\n    \u003c\/ul\u003e\n    \u003cdiv class=\"d-flex align-items-center mt-35\"\u003e\n        \u003ci class=\"d-block mr-15\"\u003e[icon:theme-125]\u003c\/i\u003e\n        \u003ch5 class=\"mt-5 mb-0\"\u003ePAYMENT METHODS\u003c\/h5\u003e\n    \u003c\/div\u003e\n    \u003cp class=\"mt-15\"\u003eShella accepts the following payment methods:\u003c\/p\u003e\n    \u003cul class=\"list-lg mt-20\"\u003e\n        \u003cli\u003eCredit Card: Visa, MasterCard, Discover, American Express, JCB, Visa Electron. The total will be charged to your card when the order is shipped.\u003c\/li\u003e\n        \u003cli\u003eShella features a Fast Checkout option, allowing you to securely save your credit card details so that you don't have to re-enter them for future purchases.\u003c\/li\u003e\n        \u003cli\u003ePayPal: Shop easily online without having to enter your credit card details on the website.Your account will be charged once the order is completed. To register for a PayPal account, visit the website \u003ca href=\"https:\/\/paypal.com\" target=\"_blank\" class=\"link-revert text-underline\"\u003epaypal.com.\u003c\/a\u003e\n\u003c\/li\u003e\n    \u003c\/ul\u003e\n    \u003cdiv class=\"d-flex align-items-center mt-35\"\u003e\n        \u003ci class=\"d-block mr-15\"\u003e[icon:theme-009]\u003c\/i\u003e\n        \u003ch5 class=\"mt-5 mb-0\"\u003eEXCHANGES, RETURNS AND REFUNDS\u003c\/h5\u003e\n    \u003c\/div\u003e\n    \u003cp class=\"mt-15\"\u003eItems returned within 14 days of their original shipment date in same as new condition will be\n        eligible for a full refund or store credit. Refunds will be charged back to the original form of payment used\n        for purchase. Customer is responsible for shipping charges when making returns and shipping\/handling fees of\n        original purchase is non-refundable.\u003c\/p\u003e\n\u003c\/div\u003e","author":"Shopify API","created_at":"2019-07-01T09:11:28-04:00","updated_at":"2019-07-01T09:11:28-04:00","published_at":"2018-10-05T10:32:00-04:00","template_suffix":"","admin_graphql_api_id":"gid:\/\/shopify\/OnlineStorePage\/41254682717"},{"id":41254715485,"title":"FAQs","shop_id":25462997085,"handle":"faqs","body_html":"\u003cdiv class=\"container container--sm px-0\"\u003e\n    \u003cp class=\"mb-50 text-center\"\u003eThis is an approximate conversion table to help you find your size. If you have already purchased an item by our brand, we recommend you select the same size as indicated on its label.\u003c\/p\u003e\n\u003c\/div\u003e","author":"Shopify API","created_at":"2019-07-01T09:11:29-04:00","updated_at":"2019-07-01T09:11:29-04:00","published_at":"2018-10-05T10:33:00-04:00","template_suffix":"faqs","admin_graphql_api_id":"gid:\/\/shopify\/OnlineStorePage\/41254715485"},{"id":41100345437,"title":"Gallery","shop_id":25462997085,"handle":"gallery","body_html":"","author":null,"created_at":"2019-06-25T13:19:24-04:00","updated_at":"2019-06-25T13:19:24-04:00","published_at":"2019-06-25T13:19:24-04:00","template_suffix":"gallery","admin_graphql_api_id":"gid:\/\/shopify\/OnlineStorePage\/41100345437"},{"id":41254748253,"title":"Gallery","shop_id":25462997085,"handle":"gallery-1","body_html":"","author":"Shopify API","created_at":"2019-07-01T09:11:30-04:00","updated_at":"2019-07-01T09:11:30-04:00","published_at":"2018-10-05T10:33:00-04:00","template_suffix":"gallery","admin_graphql_api_id":"gid:\/\/shopify\/OnlineStorePage\/41254748253"},{"id":41254781021,"title":"Gallery 2","shop_id":25462997085,"handle":"gallery-2","body_html":"","author":"Shopify API","created_at":"2019-07-01T09:11:31-04:00","updated_at":"2019-07-01T09:11:31-04:00","published_at":"2018-10-05T10:34:00-04:00","template_suffix":"gallery","admin_graphql_api_id":"gid:\/\/shopify\/OnlineStorePage\/41254781021"},{"id":41254813789,"title":"Icons","shop_id":25462997085,"handle":"icons","body_html":"","author":"Shopify API","created_at":"2019-07-01T09:11:32-04:00","updated_at":"2019-07-01T09:11:32-04:00","published_at":"2019-03-13T14:12:00-04:00","template_suffix":"icons","admin_graphql_api_id":"gid:\/\/shopify\/OnlineStorePage\/41254813789"},{"id":41254846557,"title":"Include Blog Sidebar","shop_id":25462997085,"handle":"include-blog-sidebar","body_html":"\u003cdiv class=\"d-flex flex-column align-items-center text-center\"\u003e\n    \u003cdiv class=\"row no-gutters justify-content-center\"\u003e\n        \u003cdiv class=\"col-6\"\u003e\n            \u003cdiv class=\"rounded-circle overflow-hidden\"\u003e\n                \u003cimg src=\"https:\/\/cdn.shopify.com\/s\/files\/1\/0026\/2956\/6516\/files\/11_4a15381b-ed2a-4afb-b547-c3d1badf18c3.png?12775322482103733020\" alt=\"About\"\u003e\n            \u003c\/div\u003e\n        \u003c\/div\u003e\n    \u003c\/div\u003e\n    \u003ch4 class=\"mt-20 mb-0\"\u003eAnnie Greenberg\u003c\/h4\u003e\n    \u003cp class=\"mt-15 mb-0\"\u003eLorem ipsum dolor sit amet conse ctetur adipisicing elit, sed do eiusmod tempor incididunt ut labore et dolore magna aliqua. Ut enim ad minim veniam, quis nostrud exercitation. Lorem ipsum dolor sit amet conse ctetur adipisicing eli.\u003c\/p\u003e\n    \u003cdiv class=\"row no-gutters justify-content-center mt-20\"\u003e\n        \u003cdiv class=\"col-6\"\u003e\n            \u003cdiv class=\"rounded-circle overflow-hidden\"\u003e\n                \u003cimg src=\"https:\/\/cdn.shopify.com\/s\/files\/1\/0026\/2956\/6516\/files\/blogs-about.png?9425565926943578041\" alt=\"About\"\u003e\n            \u003c\/div\u003e\n        \u003c\/div\u003e\n    \u003c\/div\u003e\n\u003c\/div\u003e","author":"Shopify API","created_at":"2019-07-01T09:11:33-04:00","updated_at":"2019-07-01T09:11:33-04:00","published_at":"2019-06-27T19:55:46-04:00","template_suffix":"","admin_graphql_api_id":"gid:\/\/shopify\/OnlineStorePage\/41254846557"},{"id":41254879325,"title":"Include Collections Sidebar","shop_id":25462997085,"handle":"include-collections-sidebar","body_html":"\u003cdiv class=\"fs\"\u003e\n    \u003cdiv class=\"d-flex align-items-start mb-15\"\u003e\n        \u003ci class=\"mr-10 colorize-theme-primary-f-ins\"\u003e[icon:theme-116]\u003c\/i\u003e\n        \u003cp class=\"mb-0\"\u003eFree shipping all orders of $49 or more of eligible items across any product category qualify.\u003c\/p\u003e\n    \u003c\/div\u003e\n    \u003cdiv class=\"d-flex align-items-start mb-15\"\u003e\n        \u003ci class=\"mr-10 colorize-theme-primary-f-ins\"\u003e[icon:theme-125]\u003c\/i\u003e\n        \u003cp class=\"mb-0\"\u003eCredit Card: Visa, MasterCard, Maestro, American Express. The total will be charged to your card when the order is shipped.\u003c\/p\u003e\n    \u003c\/div\u003e\n    \u003cdiv class=\"d-flex align-items-start mb-15\"\u003e\n        \u003ci class=\"mr-10 colorize-theme-primary-f-ins\"\u003e[icon:theme-009]\u003c\/i\u003e\n        \u003cp class=\"mb-0\"\u003eReturns and Refunds: You can return any item purchased on Shella within 20 days of the delivery date.\u003c\/p\u003e\n    \u003c\/div\u003e\n\u003c\/div\u003e","author":"Shopify API","created_at":"2019-07-01T09:11:33-04:00","updated_at":"2019-07-01T09:11:33-04:00","published_at":"2019-06-27T19:56:59-04:00","template_suffix":"","admin_graphql_api_id":"gid:\/\/shopify\/OnlineStorePage\/41254879325"},{"id":41254912093,"title":"Include Contact Form","shop_id":25462997085,"handle":"include-contact-form","body_html":"\u003ch3 class=\"mb-30\"\u003eHere to Help\u003c\/h3\u003e\n\u003cp\u003eHave a question? You may find an answer in our FAQs. But you can also contact us:\u003c\/p\u003e\n\u003ch5 class=\"font-weight-bold colorize-theme-primary-c\"\u003eCall Us: 800-123-4567Madison Avenue, New York, Ny 10065\u003c\/h5\u003e\n\u003cul class=\"list-unstyled\"\u003e\n    \u003cli\u003eOpening Hours:\u003c\/li\u003e\n    \u003cli\u003eMonday to Friday 9:00 am - 6:00 pm\u003c\/li\u003e\n    \u003cli\u003eSaturday 9:00 am - 4:00 pm\u003c\/li\u003e\n    \u003cli\u003eSunday: 9 pm - 2:00 pm\u003c\/li\u003e\n\u003c\/ul\u003e","author":"Shopify API","created_at":"2019-07-01T09:11:34-04:00","updated_at":"2019-07-01T09:11:34-04:00","published_at":"2019-06-27T19:57:44-04:00","template_suffix":"","admin_graphql_api_id":"gid:\/\/shopify\/OnlineStorePage\/41254912093"},{"id":41254944861,"title":"Include FAQs Answer","shop_id":25462997085,"handle":"include-faqs-answer","body_html":"\u003cul class=\"list-lg mb-0\"\u003e\n\u003cli\u003eComplimentary ground shipping within 1 to 7 business days\u003c\/li\u003e\n\u003cli\u003eIn-store collection available within 1 to 7 business days\u003c\/li\u003e\n\u003cli\u003eNext-day and Express delivery options also available\u003c\/li\u003e\n\u003cli\u003ePurchases are delivered in an orange box tied with a Bolduc ribbon, with the exception of certain items\u003c\/li\u003e\n\u003cli\u003eSee the delivery FAQs for details on shipping methods, costs and delivery times\u003c\/li\u003e\n\u003c\/ul\u003e","author":"Shopify API","created_at":"2019-07-01T09:11:35-04:00","updated_at":"2019-07-01T09:11:35-04:00","published_at":"2019-06-27T19:58:39-04:00","template_suffix":"","admin_graphql_api_id":"gid:\/\/shopify\/OnlineStorePage\/41254944861"},{"id":41254977629,"title":"Include FAQs Answer #2","shop_id":25462997085,"handle":"include-faqs-answer-2","body_html":"\u003cp\u003eShella accepts the following payment methods:\u003c\/p\u003e\n\u003cul class=\"list-lg mt-20 mb-0\"\u003e\n    \u003cli\u003eCredit Card: Visa, MasterCard, Discover, American Express, JCB, Visa Electron. The total will be charged to your card when the order is shipped.\u003c\/li\u003e\n    \u003cli\u003eShella features a Fast Checkout option, allowing you to securely save your credit card details so that you don't have to re-enter them for future purchases.\u003c\/li\u003e\n    \u003cli\u003ePayPal: Shop easily online without having to enter your credit card details on the website.Your account will be charged once the order is completed. To register for a PayPal account, visit the website \u003ca href=\"https:\/\/paypal.com\" target=\"_blank\" class=\"link-revert text-underline\"\u003epaypal.com.\u003c\/a\u003e\n\u003c\/li\u003e\n\u003c\/ul\u003e","author":"Shopify API","created_at":"2019-07-01T09:11:36-04:00","updated_at":"2019-07-01T09:11:36-04:00","published_at":"2019-06-27T19:59:09-04:00","template_suffix":"","admin_graphql_api_id":"gid:\/\/shopify\/OnlineStorePage\/41254977629"},{"id":41255010397,"title":"Include FAQs Answer #3","shop_id":25462997085,"handle":"include-faqs-answer-3","body_html":"\u003cp class=\"mb-0\"\u003eItems returned within 14 days of their original shipment date in same as new condition will be\n    eligible for a full refund or store credit. Refunds will be charged back to the original form of payment used\n    for purchase. Customer is responsible for shipping charges when making returns and shipping\/handling fees of\n    original purchase is non-refundable.\u003c\/p\u003e","author":"Shopify API","created_at":"2019-07-01T09:11:37-04:00","updated_at":"2019-07-01T09:11:37-04:00","published_at":"2019-06-27T19:59:33-04:00","template_suffix":"","admin_graphql_api_id":"gid:\/\/shopify\/OnlineStorePage\/41255010397"},{"id":41255043165,"title":"Include Footer Copyright","shop_id":25462997085,"handle":"include-footer-copyright","body_html":"© 2019 Shella Fashion Store Shopify. All Rights Reserved. Ecommerce Software by Shopify. \u003cbr class=\"d-none d-lg-block\"\u003e Shopify Theme by \u003ca href=\"https:\/\/mpthemes.net\/\" class=\"btn-link\"\u003eMPIthemes\u003c\/a\u003e.","author":"Shopify API","created_at":"2019-07-01T09:11:38-04:00","updated_at":"2019-07-01T09:11:38-04:00","published_at":"2019-06-27T20:00:06-04:00","template_suffix":"","admin_graphql_api_id":"gid:\/\/shopify\/OnlineStorePage\/41255043165"},{"id":41255075933,"title":"Include Footer Copyright #2","shop_id":25462997085,"handle":"include-footer-copyright-2","body_html":"© 2019 Shella Fashion Store Shopify. All Rights Reserved. Ecommerce Software by Shopify. Shopify Theme by \u003ca href=\"https:\/\/mpthemes.net\/\" class=\"btn-link\"\u003eMPIthemes\u003c\/a\u003e.","author":"Shopify API","created_at":"2019-07-01T09:11:39-04:00","updated_at":"2019-07-01T09:11:39-04:00","published_at":"2019-06-27T20:00:34-04:00","template_suffix":"","admin_graphql_api_id":"gid:\/\/shopify\/OnlineStorePage\/41255075933"},{"id":41255108701,"title":"Include Footer Copyright #3","shop_id":25462997085,"handle":"include-footer-copyright-3","body_html":"© 2019 Shella Fashion Store Shopify. All Rights Reserved. Ecommerce Software by Shopify.","author":"Shopify API","created_at":"2019-07-01T09:11:39-04:00","updated_at":"2019-07-01T09:11:39-04:00","published_at":"2019-06-27T20:01:02-04:00","template_suffix":"","admin_graphql_api_id":"gid:\/\/shopify\/OnlineStorePage\/41255108701"},{"id":41255141469,"title":"Include Footer Custom HTML","shop_id":25462997085,"handle":"include-footer-custom-html","body_html":"\u003cdiv class=\"d-flex d-lg-block flex-column align-items-center pt-10 pt-lg-0 pb-15 pb-lg-0\"\u003e\n    \u003cp class=\"mb-15\"\u003eHave a question? You may find an answer in our \u003ca href=\"\/pages\/answers-to-your-questions\" class=\"btn-link\"\u003eFAQs\u003c\/a\u003e.\u003cbr\u003eBut you can also contact us:\u003c\/p\u003e\n    \u003ch6 class=\"mb-15\"\u003eCustomer Services\u003c\/h6\u003e\n    \u003cp class=\"d-flex justify-content-center justify-content-lg-start mb-15\"\u003e\u003ci class=\"mr-10\"\u003e[icon:theme-197]\u003c\/i\u003eCall Us: 800-123-4567\u003c\/p\u003e\n    \u003cp class=\"d-flex justify-content-center justify-content-lg-start mb-15\"\u003e\u003ci class=\"mr-10\"\u003e[icon:theme-234]\u003c\/i\u003e\u003cspan class=\"text-left\"\u003eMon-Fri: 9:00 am - 6:00 pm\u003cbr\u003eSat: 9:00 am - 4:00 pm\u003cbr\u003eSun: 9:00 am - 2:00 pm\u003c\/span\u003e\u003c\/p\u003e\n    \u003cp class=\"d-flex justify-content-center justify-content-lg-start mb-15\"\u003e\u003ci class=\"mr-10\"\u003e[icon:theme-153]\u003c\/i\u003e\u003ca href=\"mailto:shellashopify2018@gmail.com\" class=\"btn-link\"\u003eSend us an email\u003c\/a\u003e\u003c\/p\u003e\n\u003c\/div\u003e","author":"Shopify API","created_at":"2019-07-01T09:11:40-04:00","updated_at":"2019-07-01T09:11:40-04:00","published_at":"2019-06-27T20:01:56-04:00","template_suffix":"","admin_graphql_api_id":"gid:\/\/shopify\/OnlineStorePage\/41255141469"},{"id":41255174237,"title":"Include Footer Custom HTML #2","shop_id":25462997085,"handle":"include-footer-custom-html-2","body_html":"\u003cdiv class=\"d-flex flex-column align-items-center pt-10 pt-lg-0 pb-15 pb-lg-0\"\u003e\n    \u003cp class=\"mb-15\"\u003eHave a question? You may find an answer in our \u003ca href=\"\/pages\/answers-to-your-questions\" class=\"btn-link\"\u003eFAQs\u003c\/a\u003e.\u003cbr\u003eBut you can also contact us:\u003c\/p\u003e\n    \u003ch6 class=\"mb-15\"\u003eCustomer Services\u003c\/h6\u003e\n    \u003cdiv class=\"d-flex flex-column\"\u003e\n        \u003cp class=\"d-flex justify-content-center justify-content-lg-start mb-10\"\u003e\u003ci class=\"mr-7\"\u003e[icon:theme-197]\u003c\/i\u003eCall Us: 800-123-4567\u003c\/p\u003e\n        \u003cp class=\"d-flex justify-content-center justify-content-lg-start mb-10\"\u003e\u003ci class=\"mr-7\"\u003e[icon:theme-234]\u003c\/i\u003e\u003cspan class=\"text-left\"\u003eMon-Fri: 9:00 am - 6:00 pm\u003cbr\u003eSat: 9:00 am - 4:00 pm\u003cbr\u003eSun: 9:00 am - 2:00 pm\u003c\/span\u003e\u003c\/p\u003e\n        \u003cp class=\"d-flex justify-content-center justify-content-lg-start mb-10\"\u003e\u003ci class=\"mr-7\"\u003e[icon:theme-153]\u003c\/i\u003e\u003ca href=\"mailto:mpthemes@gmail.com\" class=\"btn-link\"\u003eSend us an email\u003c\/a\u003e\u003c\/p\u003e\n    \u003c\/div\u003e\n\u003c\/div\u003e","author":"Shopify API","created_at":"2019-07-01T09:11:41-04:00","updated_at":"2019-07-01T09:11:41-04:00","published_at":"2019-06-27T20:02:50-04:00","template_suffix":"","admin_graphql_api_id":"gid:\/\/shopify\/OnlineStorePage\/41255174237"},{"id":41255207005,"title":"Include Header Info Line","shop_id":25462997085,"handle":"include-header-info-line","body_html":"\u003cul class=\"list-unstyled d-flex\"\u003e\n    \u003cli\u003eCall Us: 800-123-4567 747\u003c\/li\u003e\n    \u003cli\u003e|\u003c\/li\u003e\n    \u003cli\u003eMadison Avenue, New York, Ny 10065\u003c\/li\u003e\n\u003c\/ul\u003e","author":"Shopify API","created_at":"2019-07-01T09:11:42-04:00","updated_at":"2019-07-01T09:11:42-04:00","published_at":"2019-06-27T20:03:37-04:00","template_suffix":"","admin_graphql_api_id":"gid:\/\/shopify\/OnlineStorePage\/41255207005"},{"id":41255239773,"title":"Include Header Info Line #2","shop_id":25462997085,"handle":"include-header-info-line-2","body_html":"\u003cul class=\"list-unstyled d-flex\"\u003e\n    \u003cli class=\"d-flex align-items-center\"\u003e\n\u003ci class=\"mr-5\"\u003e[icon:theme-197]\u003c\/i\u003e Call Us: 800-123-4567 747\u003c\/li\u003e\n    \u003cli class=\"d-flex align-items-center\"\u003e\n\u003ci class=\"mr-5\"\u003e[icon:theme-153]\u003c\/i\u003e Madison Avenue, New York, Ny 10065\u003c\/li\u003e\n\u003c\/ul\u003e","author":"Shopify API","created_at":"2019-07-01T09:11:43-04:00","updated_at":"2019-07-01T09:11:43-04:00","published_at":"2019-06-27T20:03:52-04:00","template_suffix":"","admin_graphql_api_id":"gid:\/\/shopify\/OnlineStorePage\/41255239773"},{"id":41255272541,"title":"Include Header Info Line #3","shop_id":25462997085,"handle":"include-header-info-line-3","body_html":"\u003cul class=\"list-unstyled d-flex\"\u003e\n    \u003cli class=\"d-flex align-items-center\"\u003e\n\u003ci class=\"mr-5\"\u003e[icon:theme-197]\u003c\/i\u003e Call Us: 800-123-4567 747\u003c\/li\u003e\n    \u003cli class=\"d-flex align-items-center\"\u003e\n\u003ci class=\"mr-5\"\u003e[icon:theme-153]\u003c\/i\u003e \u003ca href=\"mailto:https:\/\/mpthemes.net\/\" class=\"text-underline\"\u003eSend us an email\u003c\/a\u003e\n\u003c\/li\u003e\n\u003c\/ul\u003e","author":"Shopify API","created_at":"2019-07-01T09:11:44-04:00","updated_at":"2019-07-01T09:11:44-04:00","published_at":"2019-06-27T20:04:14-04:00","template_suffix":"","admin_graphql_api_id":"gid:\/\/shopify\/OnlineStorePage\/41255272541"},{"id":41255305309,"title":"Include Instagram Demo Block","shop_id":25462997085,"handle":"include-instagram-demo-block","body_html":"\u003cdiv class=\"d-flex position-relative align-items-center mr-15\"\u003e\n    \u003ci class=\"mr-5\"\u003e[icon:theme-180]\u003c\/i\u003e\u003cspan class=\"mt-2\"\u003e21\u003c\/span\u003e\n\u003c\/div\u003e\n\u003cdiv class=\"d-flex position-relative align-items-center\"\u003e\n    \u003ci class=\"mr-5\"\u003e[icon:theme-176]\u003c\/i\u003e\u003cspan class=\"mt-2\"\u003e12\u003c\/span\u003e\n\u003c\/div\u003e","author":"Shopify API","created_at":"2019-07-01T09:11:45-04:00","updated_at":"2019-07-01T09:11:45-04:00","published_at":"2019-06-27T20:05:26-04:00","template_suffix":"","admin_graphql_api_id":"gid:\/\/shopify\/OnlineStorePage\/41255305309"},{"id":41255338077,"title":"Include Popup Account","shop_id":25462997085,"handle":"include-popup-account","body_html":"\u003cp class=\"h6 mb-15\"\u003eEnjoy the benefits of registering:\u003c\/p\u003e\u003cul class=\"mb-20\"\u003e\n    \u003cli class=\"mb-15\"\u003eOrder: view Order History, track and manage purchases and returns\u003c\/li\u003e\n    \u003cli class=\"mb-15\"\u003eAddress Book and Card Wallet: safely store delivery and payment details for faster checkout\u003c\/li\u003e\n    \u003cli class=\"mb-15\"\u003eSaved for later: wish list your preferred items and track their availability\u003c\/li\u003e\n\u003c\/ul\u003e","author":"Shopify API","created_at":"2019-07-01T09:11:46-04:00","updated_at":"2019-07-01T09:11:46-04:00","published_at":"2019-06-27T20:06:12-04:00","template_suffix":"","admin_graphql_api_id":"gid:\/\/shopify\/OnlineStorePage\/41255338077"},{"id":41255370845,"title":"Include Popup Delivery Return","shop_id":25462997085,"handle":"include-popup-delivery-return","body_html":"\u003ch4 class=\"mb-10\"\u003eShipping\u003c\/h4\u003e\n\u003cul class=\"list-sm mb-30\"\u003e\n    \u003cli\u003eComplimentary ground shipping within 1 to 7 business days\u003c\/li\u003e\n    \u003cli\u003eIn-store collection available within 1 to 7 business days\u003c\/li\u003e\n    \u003cli\u003eNext-day and Express delivery options also available\u003c\/li\u003e\n    \u003cli\u003ePurchases are delivered in an orange box tied with a Bolduc ribbon, with the exception of certain items\u003c\/li\u003e\n    \u003cli\u003eSee the delivery FAQs for details on shipping methods, costs and delivery times\u003c\/li\u003e\n\u003c\/ul\u003e\n\u003ch4 class=\"mb-10\"\u003eReturns And Exchanges\u003c\/h4\u003e\n\u003cul class=\"list-sm\"\u003e\n    \u003cli\u003eEasy and complimentary, within 14 days\u003c\/li\u003e\n    \u003cli\u003eSee conditions and procedure in our return FAQs\u003c\/li\u003e\n\u003c\/ul\u003e","author":"Shopify API","created_at":"2019-07-01T09:11:47-04:00","updated_at":"2019-07-01T09:11:47-04:00","published_at":"2019-06-27T20:06:39-04:00","template_suffix":"","admin_graphql_api_id":"gid:\/\/shopify\/OnlineStorePage\/41255370845"},{"id":41255403613,"title":"Include Popup Services","shop_id":25462997085,"handle":"include-popup-services","body_html":"\u003cdiv class=\"popup-services__content\"\u003e\n    \u003cp\u003eHave a question? You may find an answer in our \u003ca href=\"\/pages\/answers-to-your-questions\" class=\"btn-link\"\u003eFAQs\u003c\/a\u003e.\u003cbr\u003eBut you can also contact us:\u003c\/p\u003e\n    \u003ch6 class=\"mb-20\"\u003eCustomer Services\u003c\/h6\u003e\n    \u003cp class=\"d-flex align-items-start\"\u003e\u003ci class=\"mr-10 colorize-theme-primary-f-ins\"\u003e[icon:theme-197]\u003c\/i\u003eCall Us: 800-123-4567\u003c\/p\u003e\n    \u003cp class=\"d-flex align-items-start\"\u003e\u003ci class=\"mr-10 colorize-theme-primary-f-ins\"\u003e[icon:theme-234]\u003c\/i\u003eMon-Fri: 9:00 am - 6:00 pm\u003cbr\u003eSat: 9:00 am - 4:00 pm\u003cbr\u003eSun: 9:00 am - 2:00 pm\u003c\/p\u003e\n    \u003cp class=\"d-flex align-items-start\"\u003e\u003ci class=\"mr-10 colorize-theme-primary-f-ins\"\u003e[icon:theme-153]\u003c\/i\u003e\u003ca href=\"mailto:shellashopify2018@gmail.com\" class=\"btn-link\"\u003eSend us an email\u003c\/a\u003e\u003c\/p\u003e\n\u003c\/div\u003e\n\u003chr\u003e\n\u003cdiv class=\"popup-services__head d-flex align-items-center mb-15\"\u003e\n    \u003ch5 class=\"m-0\"\u003eSHIPPING\u003c\/h5\u003e\n\u003c\/div\u003e\n\u003cdiv class=\"popup-services__content\"\u003e\n    \u003cp class=\"d-flex align-items-start\"\u003e\u003ci class=\"mr-10 colorize-theme-primary-f-ins\"\u003e[icon:theme-116]\u003c\/i\u003eFree shippingdelivery all orders of $49 or more of eligible items across any product category qualify.\u003c\/p\u003e\n\u003c\/div\u003e\n\u003chr\u003e\n\u003cdiv class=\"popup-services__head d-flex align-items-center mb-15\"\u003e\n    \u003ch5 class=\"m-0\"\u003ePAYMENTS\u003c\/h5\u003e\n\u003c\/div\u003e\n\u003cdiv class=\"popup-services__content\"\u003e\n    \u003ch6 class=\"mb-20\"\u003eAccepts the following payment methods:\u003c\/h6\u003e\n    \u003cp class=\"d-flex align-items-start\"\u003e\u003ci class=\"mr-10 colorize-theme-primary-f-ins\"\u003e[icon:theme-125]\u003c\/i\u003eCredit Card: Visa, MasterCard, Maestro, American Express. The total will be charged to your card when the order is shipped.\u003c\/p\u003e\n    \u003cp class=\"d-flex align-items-start\"\u003e\u003ci class=\"mr-10 colorize-theme-primary-f-ins\"\u003e[icon:theme-157]\u003c\/i\u003ePayPal: Shop easily online without having to enter your credit card details on the website. \u003c\/p\u003e\n\u003c\/div\u003e\n\u003chr\u003e\n\u003cdiv class=\"popup-services__head d-flex align-items-center mb-15\"\u003e\n    \u003ch5 class=\"m-0\"\u003eRETURN POLICY\u003c\/h5\u003e\n\u003c\/div\u003e\n\u003cdiv class=\"popup-services__content\"\u003e\n    \u003cp class=\"d-flex align-items-start\"\u003e\u003ci class=\"mr-10 colorize-theme-primary-f-ins\"\u003e[icon:theme-009]\u003c\/i\u003eYou can return any item purchased on Shella within 20 days of the delivery date.\u003c\/p\u003e\n\u003c\/div\u003e","author":"Shopify API","created_at":"2019-07-01T09:11:48-04:00","updated_at":"2019-07-01T09:11:48-04:00","published_at":"2019-06-27T20:07:37-04:00","template_suffix":"","admin_graphql_api_id":"gid:\/\/shopify\/OnlineStorePage\/41255403613"},{"id":41255436381,"title":"Include Popup Size Guide","shop_id":25462997085,"handle":"include-popup-size-guide","body_html":"\u003ch4 class=\"mb-15 text-center\"\u003eSize Guide\u003c\/h4\u003e\n\u003cp class=\"mb-20 text-center\"\u003eThis is an approximate conversion table to help you find your size. If you have already purchased an item by our brand, we recommend you select the same size as indicated on its label.\u003c\/p\u003e\n\u003ch4 class=\"mb-15 text-center\"\u003eWOMEN'S APPAREL SIZING\u003c\/h4\u003e\n\u003cdiv class=\"table-wrap mb-10\"\u003e\n    \u003ctable class=\"table-size-guide responsive-table table-center\"\u003e\n        \u003ctbody\u003e\n        \u003ctr\u003e\n            \u003cth\u003eINTERNATIONAL\u003c\/th\u003e\n            \u003cth\u003eXS\u003c\/th\u003e\n            \u003cth\u003eS\u003c\/th\u003e\n            \u003cth\u003eM\u003c\/th\u003e\n            \u003cth\u003eL\u003c\/th\u003e\n            \u003cth\u003eXL\u003c\/th\u003e\n            \u003cth\u003eXXL\u003c\/th\u003e\n            \u003cth\u003eXXXL\u003c\/th\u003e\n        \u003c\/tr\u003e\n        \u003ctr\u003e\n            \u003ctd\u003eEUROPE\u003c\/td\u003e\n            \u003ctd\u003e32\u003c\/td\u003e\n            \u003ctd\u003e34\u003c\/td\u003e\n            \u003ctd\u003e36\u003c\/td\u003e\n            \u003ctd\u003e38\u003c\/td\u003e\n            \u003ctd\u003e40\u003c\/td\u003e\n            \u003ctd\u003e42\u003c\/td\u003e\n            \u003ctd\u003e44\u003c\/td\u003e\n        \u003c\/tr\u003e\n        \u003ctr\u003e\n            \u003ctd\u003eUS\u003c\/td\u003e\n            \u003ctd\u003e0\u003c\/td\u003e\n            \u003ctd\u003e2\u003c\/td\u003e\n            \u003ctd\u003e4\u003c\/td\u003e\n            \u003ctd\u003e6\u003c\/td\u003e\n            \u003ctd\u003e8\u003c\/td\u003e\n            \u003ctd\u003e10\u003c\/td\u003e\n            \u003ctd\u003e12\u003c\/td\u003e\n        \u003c\/tr\u003e\n        \u003ctr\u003e\n            \u003ctd\u003eCHEST FIT (INCHES)\u003c\/td\u003e\n            \u003ctd\u003e28\"\u003c\/td\u003e\n            \u003ctd\u003e30\"\u003c\/td\u003e\n            \u003ctd\u003e32\"\u003c\/td\u003e\n            \u003ctd\u003e34\"\u003c\/td\u003e\n            \u003ctd\u003e36\"\u003c\/td\u003e\n            \u003ctd\u003e38\"\u003c\/td\u003e\n            \u003ctd\u003e40\"\u003c\/td\u003e\n        \u003c\/tr\u003e\n        \u003ctr\u003e\n            \u003ctd\u003eCHEST FIT (CM)\u003c\/td\u003e\n            \u003ctd\u003e716\u003c\/td\u003e\n            \u003ctd\u003e76\u003c\/td\u003e\n            \u003ctd\u003e81\u003c\/td\u003e\n            \u003ctd\u003e86\u003c\/td\u003e\n            \u003ctd\u003e91.5\u003c\/td\u003e\n            \u003ctd\u003e96.5\u003c\/td\u003e\n            \u003ctd\u003e101.1\u003c\/td\u003e\n        \u003c\/tr\u003e\n        \u003ctr\u003e\n            \u003ctd\u003eWAIST FIR (INCHES)\u003c\/td\u003e\n            \u003ctd\u003e21\"\u003c\/td\u003e\n            \u003ctd\u003e23\"\u003c\/td\u003e\n            \u003ctd\u003e25\"\u003c\/td\u003e\n            \u003ctd\u003e27\"\u003c\/td\u003e\n            \u003ctd\u003e29\"\u003c\/td\u003e\n            \u003ctd\u003e31\"\u003c\/td\u003e\n            \u003ctd\u003e33\"\u003c\/td\u003e\n        \u003c\/tr\u003e\n        \u003ctr\u003e\n            \u003ctd\u003eWAIST FIR (CM)\u003c\/td\u003e\n            \u003ctd\u003e53.5\u003c\/td\u003e\n            \u003ctd\u003e58.5\u003c\/td\u003e\n            \u003ctd\u003e63.5\u003c\/td\u003e\n            \u003ctd\u003e68.5\u003c\/td\u003e\n            \u003ctd\u003e74\u003c\/td\u003e\n            \u003ctd\u003e79\u003c\/td\u003e\n            \u003ctd\u003e84\u003c\/td\u003e\n        \u003c\/tr\u003e\n        \u003ctr\u003e\n            \u003ctd\u003eHIPS FIR (INCHES)\u003c\/td\u003e\n            \u003ctd\u003e33\"\u003c\/td\u003e\n            \u003ctd\u003e34\"\u003c\/td\u003e\n            \u003ctd\u003e36\"\u003c\/td\u003e\n            \u003ctd\u003e38\"\u003c\/td\u003e\n            \u003ctd\u003e40\"\u003c\/td\u003e\n            \u003ctd\u003e42\"\u003c\/td\u003e\n            \u003ctd\u003e44\"\u003c\/td\u003e\n        \u003c\/tr\u003e\n        \u003ctr\u003e\n            \u003ctd\u003eHIPS FIR (CM)\u003c\/td\u003e\n            \u003ctd\u003e81.5\u003c\/td\u003e\n            \u003ctd\u003e86.5\u003c\/td\u003e\n            \u003ctd\u003e91.5\u003c\/td\u003e\n            \u003ctd\u003e96.5\u003c\/td\u003e\n            \u003ctd\u003e101\u003c\/td\u003e\n            \u003ctd\u003e106.5\u003c\/td\u003e\n            \u003ctd\u003e111.5\u003c\/td\u003e\n        \u003c\/tr\u003e\n        \u003ctr\u003e\n            \u003ctd\u003eSKORT LENGTHS (SM)\u003c\/td\u003e\n            \u003ctd\u003e36.5\u003c\/td\u003e\n            \u003ctd\u003e38\u003c\/td\u003e\n            \u003ctd\u003e39.5\u003c\/td\u003e\n            \u003ctd\u003e41\u003c\/td\u003e\n            \u003ctd\u003e42.5\u003c\/td\u003e\n            \u003ctd\u003e44\u003c\/td\u003e\n            \u003ctd\u003e45.5\u003c\/td\u003e\n        \u003c\/tr\u003e\n        \u003c\/tbody\u003e\n    \u003c\/table\u003e\n\u003c\/div\u003e\n\u003ch4 class=\"mb-15 text-center\"\u003eMEN'S APPAREL SIZING\u003c\/h4\u003e\n\u003cdiv class=\"table-wrap\"\u003e\n    \u003ctable class=\"table-size-guide responsive-table table-center\"\u003e\n        \u003ctbody\u003e\n        \u003ctr\u003e\n            \u003cth\u003eINTERNATIONAL\u003c\/th\u003e\n            \u003cth\u003eXS\u003c\/th\u003e\n            \u003cth\u003eS\u003c\/th\u003e\n            \u003cth\u003eM\u003c\/th\u003e\n            \u003cth\u003eL\u003c\/th\u003e\n            \u003cth\u003eXL\u003c\/th\u003e\n            \u003cth\u003eXXL\u003c\/th\u003e\n            \u003cth\u003eXXXL\u003c\/th\u003e\n        \u003c\/tr\u003e\n        \u003ctr\u003e\n            \u003ctd\u003eEUROPE\u003c\/td\u003e\n            \u003ctd\u003e32\u003c\/td\u003e\n            \u003ctd\u003e34\u003c\/td\u003e\n            \u003ctd\u003e36\u003c\/td\u003e\n            \u003ctd\u003e38\u003c\/td\u003e\n            \u003ctd\u003e40\u003c\/td\u003e\n            \u003ctd\u003e42\u003c\/td\u003e\n            \u003ctd\u003e44\u003c\/td\u003e\n        \u003c\/tr\u003e\n        \u003ctr\u003e\n            \u003ctd\u003eUS\u003c\/td\u003e\n            \u003ctd\u003e0\u003c\/td\u003e\n            \u003ctd\u003e2\u003c\/td\u003e\n            \u003ctd\u003e4\u003c\/td\u003e\n            \u003ctd\u003e6\u003c\/td\u003e\n            \u003ctd\u003e8\u003c\/td\u003e\n            \u003ctd\u003e10\u003c\/td\u003e\n            \u003ctd\u003e12\u003c\/td\u003e\n        \u003c\/tr\u003e\n        \u003ctr\u003e\n            \u003ctd\u003eCHEST FIT (INCHES)\u003c\/td\u003e\n            \u003ctd\u003e33-35\"\u003c\/td\u003e\n            \u003ctd\u003e36-38\"\u003c\/td\u003e\n            \u003ctd\u003e39-41\"\u003c\/td\u003e\n            \u003ctd\u003e42-44\"\u003c\/td\u003e\n            \u003ctd\u003e45-47\"\u003c\/td\u003e\n            \u003ctd\u003e48-50\"\u003c\/td\u003e\n            \u003ctd\u003e51-53\"\u003c\/td\u003e\n        \u003c\/tr\u003e\n        \u003ctr\u003e\n            \u003ctd\u003eCHEST FIT (CM)\u003c\/td\u003e\n            \u003ctd\u003e84-89\u003c\/td\u003e\n            \u003ctd\u003e91-97\u003c\/td\u003e\n            \u003ctd\u003e88-104\u003c\/td\u003e\n            \u003ctd\u003e107-112\u003c\/td\u003e\n            \u003ctd\u003e114-119\u003c\/td\u003e\n            \u003ctd\u003e122-127\u003c\/td\u003e\n            \u003ctd\u003e129-134\u003c\/td\u003e\n        \u003c\/tr\u003e\n        \u003ctr\u003e\n            \u003ctd\u003eWAIST FIR (INCHES)\u003c\/td\u003e\n            \u003ctd\u003e28\"\u003c\/td\u003e\n            \u003ctd\u003e30\"\u003c\/td\u003e\n            \u003ctd\u003e32\"\u003c\/td\u003e\n            \u003ctd\u003e34\"\u003c\/td\u003e\n            \u003ctd\u003e36\"\u003c\/td\u003e\n            \u003ctd\u003e38\"\u003c\/td\u003e\n            \u003ctd\u003e40\"\u003c\/td\u003e\n        \u003c\/tr\u003e\n        \u003ctr\u003e\n            \u003ctd\u003eWAIST FIR (CM)\u003c\/td\u003e\n            \u003ctd\u003e71\u003c\/td\u003e\n            \u003ctd\u003e76\u003c\/td\u003e\n            \u003ctd\u003e81\u003c\/td\u003e\n            \u003ctd\u003e86\u003c\/td\u003e\n            \u003ctd\u003e91.5\u003c\/td\u003e\n            \u003ctd\u003e96.5\u003c\/td\u003e\n            \u003ctd\u003e101.5\u003c\/td\u003e\n        \u003c\/tr\u003e\n        \u003ctr\u003e\n            \u003ctd\u003eSKORT LENGTHS (SM)\u003c\/td\u003e\n            \u003ctd\u003e76\u003c\/td\u003e\n            \u003ctd\u003e77.5\u003c\/td\u003e\n            \u003ctd\u003e79\u003c\/td\u003e\n            \u003ctd\u003e81\u003c\/td\u003e\n            \u003ctd\u003e82.5\u003c\/td\u003e\n            \u003ctd\u003e84\u003c\/td\u003e\n            \u003ctd\u003e85.5\u003c\/td\u003e\n        \u003c\/tr\u003e\n        \u003c\/tbody\u003e\n    \u003c\/table\u003e\n\u003c\/div\u003e","author":"Shopify API","created_at":"2019-07-01T09:11:49-04:00","updated_at":"2019-07-01T09:11:49-04:00","published_at":"2019-06-27T20:08:08-04:00","template_suffix":"","admin_graphql_api_id":"gid:\/\/shopify\/OnlineStorePage\/41255436381"},{"id":41255469149,"title":"Include Product Fixed Sidebar Info","shop_id":25462997085,"handle":"include-product-fixed-sidebar-info","body_html":"\u003ci\u003e[icon:theme-154]\u003c\/i\u003e\n\u003cp class=\"mb-0\"\u003e\u003cspan\u003e{value}\u003c\/span\u003e people are viewing this item\u003c\/p\u003e","author":"Shopify API","created_at":"2019-07-01T09:11:51-04:00","updated_at":"2019-07-01T09:11:51-04:00","published_at":"2019-06-27T20:12:14-04:00","template_suffix":"","admin_graphql_api_id":"gid:\/\/shopify\/OnlineStorePage\/41255469149"},{"id":41255501917,"title":"Include Product Fixed Sidebar Info #2","shop_id":25462997085,"handle":"include-product-fixed-sidebar-info-2","body_html":"\u003ci\u003e[icon:theme-109]\u003c\/i\u003e\u003cp class=\"mb-0\"\u003e\u003cspan\u003e{value}\u003c\/span\u003e people added this item to cart\u003c\/p\u003e","author":"Shopify API","created_at":"2019-07-01T09:11:52-04:00","updated_at":"2019-07-01T09:11:52-04:00","published_at":"2019-06-27T20:12:31-04:00","template_suffix":"","admin_graphql_api_id":"gid:\/\/shopify\/OnlineStorePage\/41255501917"},{"id":41255534685,"title":"Include Product Fixed Sidebar Info #3","shop_id":25462997085,"handle":"include-product-fixed-sidebar-info-3","body_html":"\u003ci\u003e[icon:theme-148]\u003c\/i\u003e\u003cp class=\"mb-0\"\u003e\u003cspan\u003e{value}\u003c\/span\u003e people have bought this item\u003c\/p\u003e","author":"Shopify API","created_at":"2019-07-01T09:11:53-04:00","updated_at":"2019-07-01T09:11:53-04:00","published_at":"2019-06-27T20:12:44-04:00","template_suffix":"","admin_graphql_api_id":"gid:\/\/shopify\/OnlineStorePage\/41255534685"},{"id":41255567453,"title":"Include Product Sidebar Custom HTML","shop_id":25462997085,"handle":"include-product-sidebar-custom-html","body_html":"\u003cdiv class=\"popup-services__head d-flex align-items-center mb-10\"\u003e\n    \u003ch5 class=\"m-0\"\u003eSHIPPING\u003c\/h5\u003e\n\u003c\/div\u003e\n\u003cdiv class=\"popup-services__content\"\u003e\n    \u003cp class=\"d-flex align-items-start mb-10\"\u003e\u003ci class=\"mt-2 mr-5\"\u003e[icon:theme-116]\u003c\/i\u003eFree shippingdelivery all orders of $49 or more of eligible items across any product category qualify.\u003c\/p\u003e\n\u003c\/div\u003e\n\u003chr class=\"my-15\"\u003e\n\u003cdiv class=\"popup-services__head d-flex align-items-center mb-10\"\u003e\n    \u003ch5 class=\"m-0\"\u003ePAYMENTS\u003c\/h5\u003e\n\u003c\/div\u003e\n\u003cdiv class=\"popup-services__content\"\u003e\n    \u003ch6 class=\"mb-10\"\u003eAccepts the following payment methods:\u003c\/h6\u003e\n    \u003cp class=\"d-flex align-items-start mb-15\"\u003e\u003ci class=\"mr-5\"\u003e[icon:theme-125]\u003c\/i\u003eCredit Card: Visa, MasterCard, Maestro, American Express. The total will be charged to your card when the order is shipped.\u003c\/p\u003e\n    \u003cp class=\"d-flex align-items-start mb-10\"\u003e\u003ci class=\"mr-5\"\u003e[icon:theme-157]\u003c\/i\u003ePayPal: Shop easily online without having to enter your credit card details on the website. \u003c\/p\u003e\n\u003c\/div\u003e\n\u003chr class=\"my-15\"\u003e\n\u003cdiv class=\"popup-services__head d-flex align-items-center mb-10\"\u003e\n    \u003ch5 class=\"m-0\"\u003eRETURN POLICY\u003c\/h5\u003e\n\u003c\/div\u003e\n\u003cdiv class=\"popup-services__content\"\u003e\n    \u003cp class=\"d-flex align-items-start mb-10\"\u003e\u003ci class=\"mr-5\"\u003e[icon:theme-009]\u003c\/i\u003eYou can return any item purchased on Shella within 20 days of the delivery date.\u003c\/p\u003e\n\u003c\/div\u003e","author":"Shopify API","created_at":"2019-07-01T09:11:54-04:00","updated_at":"2019-07-01T09:11:54-04:00","published_at":"2019-06-27T20:13:18-04:00","template_suffix":"","admin_graphql_api_id":"gid:\/\/shopify\/OnlineStorePage\/41255567453"},{"id":41255600221,"title":"Include Product Tab Custom HTML","shop_id":25462997085,"handle":"include-product-tab-custom-html","body_html":"\u003ctable class=\"table-product-sizes responsive-table\"\u003e\n\u003ctbody\u003e\n    \u003ctr\u003e\n        \u003ctd\u003eHEIGHT:\u003c\/td\u003e\n        \u003ctd\u003e180 cm - 5' 11”\u003c\/td\u003e\n    \u003c\/tr\u003e\n    \u003ctr\u003e\n        \u003ctd\u003eBUST:\u003c\/td\u003e\n        \u003ctd\u003e83 cm - 32”\u003c\/td\u003e\n    \u003c\/tr\u003e\n    \u003ctr\u003e\n        \u003ctd\u003eWAIST:\u003c\/td\u003e\n        \u003ctd\u003e57 cm - 22”\u003c\/td\u003e\n    \u003c\/tr\u003e\n    \u003ctr\u003e\n        \u003ctd\u003eHIPS:\u003c\/td\u003e\n        \u003ctd\u003e88 cm - 35\u003c\/td\u003e\n    \u003c\/tr\u003e\n    \u003ctr\u003e\n        \u003ctd\u003eSHOE SIZE:\u003c\/td\u003e\n        \u003ctd\u003e39 - 6\u003c\/td\u003e\n    \u003c\/tr\u003e\n    \u003c\/tbody\u003e\n\u003c\/table\u003e\n\u003cdiv class=\"mt-30 mt-lg-55\"\u003e\n    \u003cp\u003eNote: you can configure unique tab per product\u003c\/p\u003e\n\u003c\/div\u003e","author":"Shopify API","created_at":"2019-07-01T09:11:55-04:00","updated_at":"2019-07-01T09:11:55-04:00","published_at":"2019-06-27T20:13:59-04:00","template_suffix":"","admin_graphql_api_id":"gid:\/\/shopify\/OnlineStorePage\/41255600221"},{"id":41255632989,"title":"Include Product Tab Custom HTML #2","shop_id":25462997085,"handle":"include-product-tab-custom-html-2","body_html":"\u003cdiv class=\"material-info\"\u003e\n\u003cdiv class=\"mb-30 mb-lg-55\"\u003e\n\u003cdiv class=\"material-info__head-icons d-flex justify-content-between align-items-center mx-auto mb-15\"\u003e\n\u003ci class=\"icon-Dry-06\"\u003e\u003c\/i\u003e\u003ci class=\"icon-Dry-37\"\u003e\u003c\/i\u003e\u003ci class=\"icon-Dry-24\"\u003e\u003c\/i\u003e\u003ci class=\"icon-Dry-20\"\u003e\u003c\/i\u003e\n\u003c\/div\u003e\n\u003cp class=\"text-center\"\u003eLT01: 70% wool, 15% polyester, 10% polyamide, 5% acrylic 900 Grms\/mt\u003c\/p\u003e\n\u003c\/div\u003e\n\u003cdiv class=\"material-info__list row\"\u003e\n\u003cdiv class=\"col-12 col-sm-6 col-lg-3\"\u003e\n\u003cul class=\"list-unstyled list-unstyled--lg\"\u003e\n\u003cli\u003e\n\u003ci\u003e \u003csvg aria-hidden=\"true\" focusable=\"false\" role=\"presentation\" class=\"icon icon-dry-01\" viewbox=\"0 0 50 50\"\u003e\u003cpath d=\"M38.6 12.5c-.6 0-1 .4-1 1v4.6c-.7.3-1.5.4-2.4.4-1.8 0-3.5-.7-4.6-1.8l-.7-.8-.7.8c-1 1.1-2.7 1.8-4.6 1.8-1.8 0-3.5-.7-4.6-1.8l-.7-.8-.7.8c-1 1.1-2.7 1.8-4.6 1.8-.8 0-1.6-.2-2.4-.4v-4.6c0-.6-.4-1-1-1s-1 .4-1 1v24c0 .6.4 1 1 1h28c.6 0 1-.4 1-1v-24c0-.6-.5-1-1-1zm-24.7 8c2 0 3.9-.6 5.3-1.8 1.4 1.1 3.3 1.8 5.3 1.8s3.9-.6 5.3-1.8c1.4 1.1 3.3 1.8 5.3 1.8.8 0 1.6-.1 2.4-.3v16.3h-26V20.2c.8.2 1.6.3 2.4.3z\"\u003e\u003c\/path\u003e\u003c\/svg\u003e \u003c\/i\u003eMachine wash\u003c\/li\u003e\n\u003cli\u003e\n\u003ci\u003e \u003csvg aria-hidden=\"true\" focusable=\"false\" role=\"presentation\" class=\"icon icon-dry-02\" viewbox=\"0 0 50 50\"\u003e\u003cpath d=\"M38.5 38h-28c-.6 0-1 .4-1 1s.4 1 1 1h28c.6 0 1-.4 1-1s-.5-1-1-1zM38.6 10c-.6 0-1 .4-1 1v4.6c-.8.2-1.6.4-2.4.4-1.8 0-3.5-.7-4.6-1.8l-.7-.8-.7.8c-1 1.1-2.7 1.8-4.6 1.8-1.8 0-3.5-.7-4.6-1.8l-.7-.8-.7.8c-1 1.1-2.7 1.8-4.6 1.8-.8 0-1.6-.2-2.4-.4V11c0-.6-.4-1-1-1s-1 .4-1 1v24c0 .6.4 1 1 1h28c.6 0 1-.4 1-1V11c0-.6-.5-1-1-1zm-1 24h-26V17.7c.7.2 1.5.3 2.4.3 2 0 3.9-.6 5.3-1.8 1.4 1.1 3.3 1.8 5.3 1.8s3.9-.6 5.3-1.8c1.4 1.1 3.3 1.8 5.3 1.8.8 0 1.6-.1 2.4-.3V34z\"\u003e\u003c\/path\u003e\u003c\/svg\u003e \u003c\/i\u003eMashine wash, permanent press\u003c\/li\u003e\n\u003cli\u003e\n\u003ci\u003e \u003csvg aria-hidden=\"true\" focusable=\"false\" role=\"presentation\" class=\"icon icon-dry-03\" viewbox=\"0 0 50 50\"\u003e\u003cpath d=\"M39 38.5H11c-.6 0-1-.4-1-1s.4-1 1-1h28c.6 0 1 .4 1 1s-.5 1-1 1zM39 42.5H11c-.6 0-1-.4-1-1s.4-1 1-1h28c.6 0 1 .4 1 1s-.5 1-1 1zM39 8.5c-.6 0-1 .4-1 1v4.6c-.7.3-1.5.4-2.4.4-1.8 0-3.5-.7-4.6-1.8l-.7-.8-.7.8c-1 1.1-2.7 1.8-4.6 1.8-1.8 0-3.5-.7-4.6-1.8l-.7-.8-.7.8c-1 1.1-2.7 1.8-4.6 1.8-.8 0-1.6-.2-2.4-.4V9.5c0-.6-.4-1-1-1s-1 .4-1 1v24c0 .6.4 1 1 1h28c.6 0 1-.4 1-1v-24c0-.6-.4-1-1-1zm-24.6 8c2 0 3.9-.6 5.3-1.8 1.4 1.1 3.3 1.8 5.3 1.8s3.9-.6 5.3-1.8c1.4 1.1 3.3 1.8 5.3 1.8.8 0 1.6-.1 2.4-.3v16.3H12V16.2c.8.2 1.6.3 2.4.3z\"\u003e\u003c\/path\u003e\u003c\/svg\u003e \u003c\/i\u003eMachine wash, gentle or delicate\u003c\/li\u003e\n\u003cli\u003e\n\u003ci\u003e \u003csvg aria-hidden=\"true\" focusable=\"false\" role=\"presentation\" class=\"icon icon-dry-04\" viewbox=\"0 0 50 50\"\u003e\u003cpath d=\"M39 14.3c-.6 0-1 .4-1 1v4.6c-.7.3-1.5.4-2.4.4-1.2 0-2.3-.3-3.2-.8v-6.7c0-1.7-1.3-3-3-3h-8c-1.7 0-3 1.3-3 3V17l-3.2 3.2c-.3 0-.6.1-.9.1-.8 0-1.6-.2-2.4-.4v-4.6c0-.6-.4-1-1-1s-1 .4-1 1v24c0 .6.4 1 1 1h28c.6 0 1-.4 1-1v-24c.1-.6-.3-1-.9-1zM16.2 22h.2v-.2l4-4v-5.1c0-.6.4-1 1-1h8c.6 0 1 .4 1 1v20c0 .6-.4 1-1 1s-1-.4-1-1v-7c0-.6-.4-1-1-1s-1 .4-1 1v7c0 .6-.4 1-1 1s-1-.4-1-1v-7c0-.6-.4-1-1-1s-1 .4-1 1v7c0 .6-.4 1-1 1s-1-.4-1-1v-12l-2.8 2.8c-.2.2-.5.3-.7.3s-.5-.1-.7-.3c-.3-.5-.3-1.1 0-1.5zM38 38.3H12V21.9c.6.2 1.3.3 2 .3-.2.9.1 1.9.8 2.6.6.6 1.3.9 2.1.9.5 0 1-.1 1.5-.4v7.4c0 1.7 1.3 3 3 3 .8 0 1.5-.3 2-.8.5.5 1.2.8 2 .8s1.5-.3 2-.8c.5.5 1.2.8 2 .8 1.7 0 3-1.3 3-3v-11c1 .4 2.1.6 3.2.6.8 0 1.6-.1 2.4-.3v16.3z\"\u003e\u003c\/path\u003e\u003c\/svg\u003e \u003c\/i\u003eHand wash\u003c\/li\u003e\n\u003cli\u003e\n\u003ci\u003e \u003csvg aria-hidden=\"true\" focusable=\"false\" role=\"presentation\" class=\"icon icon-dry-05\" viewbox=\"0 0 50 50\"\u003e\u003cpath d=\"M47 33.6l-7-3.1V19.4l7-3.1c.5-.3.6-.9.4-1.4-.3-.5-.9-.6-1.4-.4l-6 2.6V13c0-.6-.4-1-1-1s-1 .4-1 1v4.6c-.7.3-1.5.4-2.4.4-1.8 0-3.5-.7-4.6-1.8l-.7-.8-.7.8c-1 1.1-2.7 1.8-4.6 1.8-1.8 0-3.5-.7-4.6-1.8l-.7-.8-.7.8c-1 1.1-2.7 1.8-4.6 1.8-.8 0-1.6-.2-2.4-.4V13c0-.6-.4-1-1-1s-1 .4-1 1v4.3l-6-2.6c-.4-.3-1-.2-1.3.3-.3.5-.1 1.1.4 1.4l7 3.1v11.1l-7 3.1c-.5.3-.6.9-.4 1.4.3.4.9.5 1.3.3l6-2.6V37c0 .6.4 1 1 1h28c.6 0 1-.4 1-1v-4.3l6 2.6c.5.3 1.1.1 1.4-.4.2-.4 0-1-.4-1.3zm-9-3.9L27.5 25 38 20.3v9.4zM19.7 18.2C21.1 19.4 23 20 25 20s3.9-.6 5.3-1.8c1 .8 2.4 1.4 3.8 1.6l-9.1 4-9.1-4c1.4-.2 2.7-.7 3.8-1.6zM12 20.3L22.5 25 12 29.7v-9.4zM38 36H12v-4.2L25 26l13 5.8V36z\"\u003e\u003c\/path\u003e\u003c\/svg\u003e \u003c\/i\u003eDo not wash\u003c\/li\u003e\n\u003cli\u003e\n\u003ci\u003e \u003csvg aria-hidden=\"true\" focusable=\"false\" role=\"presentation\" class=\"icon icon-dry-06\" viewbox=\"0 0 50 50\"\u003e\u003cpath d=\"M39 12c-.6 0-1 .4-1 1v4.6c-.7.3-1.5.4-2.4.4-1.8 0-3.5-.7-4.6-1.8l-.7-.8-.7.8c-1 1.1-2.7 1.8-4.6 1.8-1.8 0-3.5-.7-4.6-1.8l-.7-.8-.7.8c-1 1.1-2.7 1.8-4.6 1.8-.8 0-1.6-.2-2.4-.4V13c0-.6-.4-1-1-1s-1 .4-1 1v24c0 .6.4 1 1 1h28c.6 0 1-.4 1-1V13c0-.6-.4-1-1-1zm-1 24H12V19.7c.7.2 1.5.3 2.4.3 2 0 3.9-.6 5.3-1.8C21.1 19.4 23 20 25 20s3.9-.6 5.3-1.8c1.4 1.1 3.3 1.8 5.3 1.8.8 0 1.6-.1 2.4-.3V36z\"\u003e\u003c\/path\u003e\u003cpath d=\"M19.3 28.4c1-.4 1.5-1.1 1.5-2 0-1.2-1-2.1-2.8-2.1-1.1 0-2.1.3-2.6.6l.4 1.4c.4-.2 1.1-.5 1.8-.5.8 0 1.2.4 1.2.9 0 .7-.8 1-1.5 1h-.8v1.4h.8c.9 0 1.7.4 1.7 1.2 0 .6-.5 1.1-1.5 1.1-.8 0-1.6-.3-2-.5l-.4 1.5c.5.3 1.4.6 2.5.6 2.1 0 3.5-1.1 3.5-2.6 0-1.1-.8-1.8-1.8-2zM25.5 24.3c-2.2 0-3.2 1.9-3.2 4.4 0 2.4 1 4.4 3.2 4.4s3.2-1.8 3.2-4.4c-.1-2.4-.9-4.4-3.2-4.4zm0 7.2c-.8 0-1.2-.9-1.2-2.9s.5-2.9 1.2-2.9c.8 0 1.2 1 1.2 2.9 0 2-.4 2.9-1.2 2.9zM32 22.3c-1.7 0-2.5 1.4-2.5 3.2 0 1.9.9 3.2 2.5 3.2 1.8 0 2.6-1.4 2.6-3.2-.1-1.9-.9-3.2-2.6-3.2zm0 5.3c-.6 0-1-.7-1-2.2 0-1.4.4-2.1 1-2.1.7 0 1 .7 1 2.1 0 1.5-.4 2.2-1 2.2z\"\u003e\u003c\/path\u003e\u003c\/svg\u003e \u003c\/i\u003e30°C or 80°F\u003c\/li\u003e\n\u003cli\u003e\n\u003ci\u003e \u003csvg aria-hidden=\"true\" focusable=\"false\" role=\"presentation\" class=\"icon icon-dry-07\" viewbox=\"0 0 50 50\"\u003e\u003cpath d=\"M39 12c-.6 0-1 .4-1 1v4.6c-.7.3-1.5.4-2.4.4-1.8 0-3.5-.7-4.6-1.8l-.7-.8-.7.8c-1 1.1-2.7 1.8-4.6 1.8-1.8 0-3.5-.7-4.6-1.8l-.7-.8-.7.8c-1 1.1-2.7 1.8-4.6 1.8-.8 0-1.6-.2-2.4-.4V13c0-.6-.4-1-1-1s-1 .4-1 1v24c0 .6.4 1 1 1h28c.6 0 1-.4 1-1V13c0-.6-.4-1-1-1zm-1 24H12V19.7c.7.2 1.5.3 2.4.3 2 0 3.9-.6 5.3-1.8C21.1 19.4 23 20 25 20s3.9-.6 5.3-1.8c1.4 1.1 3.3 1.8 5.3 1.8.8 0 1.6-.1 2.4-.3V36z\"\u003e\u003c\/path\u003e\u003cpath d=\"M20.6 24.5h-2.4L15 29.6v1.3h3.7v2h1.9v-2h1v-1.5h-1v-4.9zm-1.9 3v1.9h-1.9l1.1-1.8c.3-.5.5-1 .8-1.6h.1c-.1.5-.1 1-.1 1.5zM25.5 24.3c-2.2 0-3.2 1.9-3.2 4.4 0 2.4 1 4.4 3.2 4.4s3.2-1.8 3.2-4.4c-.1-2.4-.9-4.4-3.2-4.4zm0 7.2c-.8 0-1.2-.9-1.2-2.9s.5-2.9 1.2-2.9c.8 0 1.2 1 1.2 2.9 0 2-.4 2.9-1.2 2.9zM32 22.3c-1.7 0-2.5 1.4-2.5 3.2 0 1.9.9 3.2 2.5 3.2 1.8 0 2.6-1.4 2.6-3.2-.1-1.9-.9-3.2-2.6-3.2zm0 5.3c-.6 0-1-.7-1-2.2 0-1.4.4-2.1 1-2.1.7 0 1 .7 1 2.1 0 1.5-.4 2.2-1 2.2z\"\u003e\u003c\/path\u003e\u003c\/svg\u003e \u003c\/i\u003e40°C or 105°\u003c\/li\u003e\n\u003cli\u003e\n\u003ci\u003e \u003csvg aria-hidden=\"true\" focusable=\"false\" role=\"presentation\" class=\"icon icon-dry-08\" viewbox=\"0 0 50 50\"\u003e\u003cpath d=\"M39 12c-.6 0-1 .4-1 1v4.6c-.7.3-1.5.4-2.4.4-1.8 0-3.5-.7-4.6-1.8l-.7-.8-.7.8c-1 1.1-2.7 1.8-4.6 1.8-1.8 0-3.5-.7-4.6-1.8l-.7-.8-.7.8c-1 1.1-2.7 1.8-4.6 1.8-.8 0-1.6-.2-2.4-.4V13c0-.6-.4-1-1-1s-1 .4-1 1v24c0 .6.4 1 1 1h28c.6 0 1-.4 1-1V13c0-.6-.4-1-1-1zm-1 24H12V19.7c.7.2 1.5.3 2.4.3 2 0 3.9-.6 5.3-1.8C21.1 19.4 23 20 25 20s3.9-.6 5.3-1.8c1.4 1.1 3.3 1.8 5.3 1.8.8 0 1.6-.1 2.4-.3V36z\"\u003e\u003c\/path\u003e\u003cpath d=\"M20.1 28c-.6-.4-1.4-.6-2.2-.6h-.5l.2-1.3h3.3v-1.6h-4.6l-.6 4.4c.4-.1.7-.1 1.1-.1 1.7 0 2.4.5 2.4 1.4 0 .9-.9 1.3-1.7 1.3-.8 0-1.5-.2-1.9-.4l-.4 1.5c.5.2 1.3.5 2.4.5 2.3 0 3.6-1.4 3.6-3 0-1-.4-1.7-1.1-2.1zM25.5 24.3c-2.2 0-3.2 1.9-3.2 4.4 0 2.4 1 4.4 3.2 4.4s3.2-1.8 3.2-4.4c-.1-2.4-.9-4.4-3.2-4.4zm0 7.2c-.8 0-1.2-.9-1.2-2.9s.5-2.9 1.2-2.9c.8 0 1.2 1 1.2 2.9 0 2-.4 2.9-1.2 2.9zM32 22.3c-1.7 0-2.5 1.4-2.5 3.2 0 1.9.9 3.2 2.5 3.2 1.8 0 2.6-1.4 2.6-3.2-.1-1.9-.9-3.2-2.6-3.2zm0 5.3c-.6 0-1-.7-1-2.2 0-1.4.4-2.1 1-2.1.7 0 1 .7 1 2.1 0 1.5-.4 2.2-1 2.2z\"\u003e\u003c\/path\u003e\u003c\/svg\u003e \u003c\/i\u003e50°C or 120°F\u003c\/li\u003e\n\u003cli\u003e\n\u003ci\u003e \u003csvg aria-hidden=\"true\" focusable=\"false\" role=\"presentation\" class=\"icon icon-dry-09\" viewbox=\"0 0 50 50\"\u003e\u003cpath d=\"M39 12c-.6 0-1 .4-1 1v4.6c-.7.3-1.5.4-2.4.4-1.8 0-3.5-.7-4.6-1.8l-.7-.8-.7.8c-1 1.1-2.7 1.8-4.6 1.8-1.8 0-3.5-.7-4.6-1.8l-.7-.8-.7.8c-1 1.1-2.7 1.8-4.6 1.8-.8 0-1.6-.2-2.4-.4V13c0-.6-.4-1-1-1s-1 .4-1 1v24c0 .6.4 1 1 1h28c.6 0 1-.4 1-1V13c0-.6-.4-1-1-1zm-1 24H12V19.7c.7.2 1.5.3 2.4.3 2 0 3.9-.6 5.3-1.8C21.1 19.4 23 20 25 20s3.9-.6 5.3-1.8c1.4 1.1 3.3 1.8 5.3 1.8.8 0 1.6-.1 2.4-.3V36z\"\u003e\u003c\/path\u003e\u003cpath d=\"M18.9 27.2c-.8 0-1.4.2-1.8.7.2-1 1-1.9 2.8-2h.8v-1.5h-.8c-1.3.1-2.4.5-3.3 1.2-.9.8-1.5 2.2-1.5 3.8 0 2 1.1 3.7 3.4 3.7 1.8 0 3.1-1.4 3.1-3.1-.1-1.8-1.3-2.8-2.7-2.8zm-.5 4.4c-.9 0-1.3-.8-1.4-1.7 0-.2 0-.4.1-.5.2-.4.6-.8 1.2-.8.8 0 1.3.7 1.3 1.5-.1.8-.5 1.5-1.2 1.5zM25.5 24.3c-2.2 0-3.2 1.9-3.2 4.4 0 2.4 1 4.4 3.2 4.4s3.2-1.8 3.2-4.4c-.1-2.4-.9-4.4-3.2-4.4zm0 7.2c-.8 0-1.2-.9-1.2-2.9s.5-2.9 1.2-2.9c.8 0 1.2 1 1.2 2.9 0 2-.4 2.9-1.2 2.9zM32 22.3c-1.7 0-2.5 1.4-2.5 3.2 0 1.9.9 3.2 2.5 3.2 1.8 0 2.6-1.4 2.6-3.2-.1-1.9-.9-3.2-2.6-3.2zm0 5.3c-.6 0-1-.7-1-2.2 0-1.4.4-2.1 1-2.1.7 0 1 .7 1 2.1 0 1.5-.4 2.2-1 2.2z\"\u003e\u003c\/path\u003e\u003c\/svg\u003e \u003c\/i\u003e60°C or 140°F\u003c\/li\u003e\n\u003cli\u003e\n\u003ci\u003e \u003csvg aria-hidden=\"true\" focusable=\"false\" role=\"presentation\" class=\"icon icon-dry-10\" viewbox=\"0 0 50 50\"\u003e\u003cpath d=\"M39 12c-.6 0-1 .4-1 1v4.6c-.7.3-1.5.4-2.4.4-1.8 0-3.5-.7-4.6-1.8l-.7-.8-.7.8c-1 1.1-2.7 1.8-4.6 1.8-1.8 0-3.5-.7-4.6-1.8l-.7-.8-.7.8c-1 1.1-2.7 1.8-4.6 1.8-.8 0-1.6-.2-2.4-.4V13c0-.6-.4-1-1-1s-1 .4-1 1v24c0 .6.4 1 1 1h28c.6 0 1-.4 1-1V13c0-.6-.4-1-1-1zm-1 24H12V19.7c.7.2 1.5.3 2.4.3 2 0 3.9-.6 5.3-1.8C21.1 19.4 23 20 25 20s3.9-.6 5.3-1.8c1.4 1.1 3.3 1.8 5.3 1.8.8 0 1.6-.1 2.4-.3V36z\"\u003e\u003c\/path\u003e\u003cpath d=\"M15.3 26.1h3.9l-3.5 6.8h2.1l3.4-7.2v-1.2h-5.9zM25.5 24.3c-2.2 0-3.2 1.9-3.2 4.4 0 2.4 1 4.4 3.2 4.4s3.2-1.8 3.2-4.4c-.1-2.4-.9-4.4-3.2-4.4zm0 7.2c-.8 0-1.2-.9-1.2-2.9s.5-2.9 1.2-2.9c.8 0 1.2 1 1.2 2.9 0 2-.4 2.9-1.2 2.9zM32 22.3c-1.7 0-2.5 1.4-2.5 3.2 0 1.9.9 3.2 2.5 3.2 1.8 0 2.6-1.4 2.6-3.2-.1-1.9-.9-3.2-2.6-3.2zm0 5.3c-.6 0-1-.7-1-2.2 0-1.4.4-2.1 1-2.1.7 0 1 .7 1 2.1 0 1.5-.4 2.2-1 2.2z\"\u003e\u003c\/path\u003e\u003c\/svg\u003e \u003c\/i\u003e70°C or 160°F\u003c\/li\u003e\n\u003cli\u003e\n\u003ci\u003e \u003csvg aria-hidden=\"true\" focusable=\"false\" role=\"presentation\" class=\"icon icon-dry-11\" viewbox=\"0 0 50 50\"\u003e\u003cpath d=\"M39 12c-.6 0-1 .4-1 1v4.6c-.7.3-1.5.4-2.4.4-1.8 0-3.5-.7-4.6-1.8l-.7-.8-.7.8c-1 1.1-2.7 1.8-4.6 1.8-1.8 0-3.5-.7-4.6-1.8l-.7-.8-.7.8c-1 1.1-2.7 1.8-4.6 1.8-.8 0-1.6-.2-2.4-.4V13c0-.6-.4-1-1-1s-1 .4-1 1v24c0 .6.4 1 1 1h28c.6 0 1-.4 1-1V13c0-.6-.4-1-1-1zm-1 24H12V19.7c.7.2 1.5.3 2.4.3 2 0 3.9-.6 5.3-1.8C21.1 19.4 23 20 25 20s3.9-.6 5.3-1.8c1.4 1.1 3.3 1.8 5.3 1.8.8 0 1.6-.1 2.4-.3V36z\"\u003e\u003c\/path\u003e\u003cpath d=\"M18.2 24.3c-1.9 0-3.2 1.4-3.2 3s1.2 2.6 2.6 2.6c.8 0 1.3-.2 1.7-.6-.2.6-.5 1.2-1.1 1.6-.5.3-1.1.5-1.7.5h-.9V33h.9c1.3-.1 2.4-.5 3.2-1.2.9-.8 1.5-2.1 1.5-3.9.2-1.9-.8-3.6-3-3.6zm1.1 3.7c-.2.3-.6.6-1.1.6-.8 0-1.2-.6-1.2-1.4 0-.9.5-1.5 1.2-1.5.9 0 1.2.9 1.2 1.8 0 .3 0 .4-.1.5zM27.4 28c-.6-.4-1.4-.6-2.2-.6h-.5l.2-1.3H28v-1.6h-4.6l-.6 4.4c.4-.1.7-.1 1.1-.1 1.7 0 2.4.5 2.4 1.4 0 .9-.9 1.3-1.7 1.3-.8 0-1.5-.2-1.9-.4l-.4 1.5c.5.2 1.3.5 2.4.5 2.3 0 3.6-1.4 3.6-3 .1-1-.3-1.7-.9-2.1zM32 22.3c-1.7 0-2.5 1.4-2.5 3.2 0 1.9.9 3.2 2.5 3.2 1.8 0 2.6-1.4 2.6-3.2-.1-1.9-.9-3.2-2.6-3.2zm0 5.3c-.6 0-1-.7-1-2.2 0-1.4.4-2.1 1-2.1.7 0 1 .7 1 2.1 0 1.5-.4 2.2-1 2.2z\"\u003e\u003c\/path\u003e\u003c\/svg\u003e \u003c\/i\u003e95°C or 200°F\u003c\/li\u003e\n\u003cli\u003e\n\u003ci\u003e \u003csvg aria-hidden=\"true\" focusable=\"false\" role=\"presentation\" class=\"icon icon-dry-12\" viewbox=\"0 0 50 50\"\u003e\u003cpath d=\"M39 12c-.6 0-1 .4-1 1v4.6c-.7.3-1.5.4-2.4.4-1.8 0-3.5-.7-4.6-1.8l-.7-.8-.7.8c-1 1.1-2.7 1.8-4.6 1.8-1.8 0-3.5-.7-4.6-1.8l-.7-.8-.7.8c-1 1.1-2.7 1.8-4.6 1.8-.8 0-1.6-.2-2.4-.4V13c0-.6-.4-1-1-1s-1 .4-1 1v24c0 .6.4 1 1 1h28c.6 0 1-.4 1-1V13c0-.6-.4-1-1-1zm-1 24H12V19.7c.7.2 1.5.3 2.4.3 2 0 3.9-.6 5.3-1.8C21.1 19.4 23 20 25 20s3.9-.6 5.3-1.8c1.4 1.1 3.3 1.8 5.3 1.8.8 0 1.6-.1 2.4-.3V36z\"\u003e\u003c\/path\u003e\u003cpath d=\"M25.2 25c-1.1-.1-2.1.7-2.2 1.8-.1 1.1.7 2.1 1.8 2.2 1.1.1 2.1-.7 2.2-1.8s-.7-2.1-1.8-2.2z\"\u003e\u003c\/path\u003e\u003c\/svg\u003e \u003c\/i\u003e30°C or 80°F\u003c\/li\u003e\n\u003c\/ul\u003e\n\u003c\/div\u003e\n\u003cdiv class=\"col-12 col-sm-6 col-lg-3\"\u003e\n\u003cul class=\"list-unstyled list-unstyled--lg\"\u003e\n\u003cli\u003e\n\u003ci\u003e \u003csvg aria-hidden=\"true\" focusable=\"false\" role=\"presentation\" class=\"icon icon-dry-13\" viewbox=\"0 0 50 50\"\u003e\u003cpath d=\"M39 12c-.6 0-1 .4-1 1v4.6c-.7.3-1.5.4-2.4.4-1.8 0-3.5-.7-4.6-1.8l-.7-.8-.7.8c-1 1.1-2.7 1.8-4.6 1.8-1.8 0-3.5-.7-4.6-1.8l-.7-.8-.7.8c-1 1.1-2.7 1.8-4.6 1.8-.8 0-1.6-.2-2.4-.4V13c0-.6-.4-1-1-1s-1 .4-1 1v24c0 .6.4 1 1 1h28c.6 0 1-.4 1-1V13c0-.6-.4-1-1-1zm-1 24H12V19.7c.7.2 1.5.3 2.4.3 2 0 3.9-.6 5.3-1.8C21.1 19.4 23 20 25 20s3.9-.6 5.3-1.8c1.4 1.1 3.3 1.8 5.3 1.8.8 0 1.6-.1 2.4-.3V36z\"\u003e\u003c\/path\u003e\u003ccircle cx=\"21.5\" cy=\"27\" r=\"2\"\u003e\u003c\/circle\u003e\u003ccircle cx=\"28.5\" cy=\"27\" r=\"2\"\u003e\u003c\/circle\u003e\u003c\/svg\u003e \u003c\/i\u003e40°C or 105°F\u003c\/li\u003e\n\u003cli\u003e\n\u003ci\u003e \u003csvg aria-hidden=\"true\" focusable=\"false\" role=\"presentation\" class=\"icon icon-dry-14\" viewbox=\"0 0 50 50\"\u003e\u003cpath d=\"M39 12c-.6 0-1 .4-1 1v4.6c-.7.3-1.5.4-2.4.4-1.8 0-3.5-.7-4.6-1.8l-.7-.8-.7.8c-1 1.1-2.7 1.8-4.6 1.8-1.8 0-3.5-.7-4.6-1.8l-.7-.8-.7.8c-1 1.1-2.7 1.8-4.6 1.8-.8 0-1.6-.2-2.4-.4V13c0-.6-.4-1-1-1s-1 .4-1 1v24c0 .6.4 1 1 1h28c.6 0 1-.4 1-1V13c0-.6-.4-1-1-1zm-1 24H12V19.7c.7.2 1.5.3 2.4.3 2 0 3.9-.6 5.3-1.8C21.1 19.4 23 20 25 20s3.9-.6 5.3-1.8c1.4 1.1 3.3 1.8 5.3 1.8.8 0 1.6-.1 2.4-.3V36z\"\u003e\u003c\/path\u003e\u003ccircle cx=\"18\" cy=\"27\" r=\"2\"\u003e\u003c\/circle\u003e\u003ccircle cx=\"25\" cy=\"27\" r=\"2\"\u003e\u003c\/circle\u003e\u003ccircle cx=\"32\" cy=\"27\" r=\"2\"\u003e\u003c\/circle\u003e\u003c\/svg\u003e \u003c\/i\u003e50°C or 120°F\u003c\/li\u003e\n\u003cli\u003e\n\u003ci\u003e \u003csvg aria-hidden=\"true\" focusable=\"false\" role=\"presentation\" class=\"icon icon-dry-15\" viewbox=\"0 0 50 50\"\u003e\u003cpath d=\"M39 12c-.6 0-1 .4-1 1v4.6c-.7.3-1.5.4-2.4.4-1.8 0-3.5-.7-4.6-1.8l-.7-.8-.7.8c-1 1.1-2.7 1.8-4.6 1.8-1.8 0-3.5-.7-4.6-1.8l-.7-.8-.7.8c-1 1.1-2.7 1.8-4.6 1.8-.8 0-1.6-.2-2.4-.4V13c0-.6-.4-1-1-1s-1 .4-1 1v24c0 .6.4 1 1 1h28c.6 0 1-.4 1-1V13c0-.6-.4-1-1-1zm-1 24H12V19.7c.7.2 1.5.3 2.4.3 2 0 3.9-.6 5.3-1.8C21.1 19.4 23 20 25 20s3.9-.6 5.3-1.8c1.4 1.1 3.3 1.8 5.3 1.8.8 0 1.6-.1 2.4-.3V36z\"\u003e\u003c\/path\u003e\u003ccircle cx=\"21.5\" cy=\"25\" r=\"2\"\u003e\u003c\/circle\u003e\u003ccircle cx=\"28.5\" cy=\"25\" r=\"2\"\u003e\u003c\/circle\u003e\u003ccircle cx=\"21.5\" cy=\"31\" r=\"2\"\u003e\u003c\/circle\u003e\u003ccircle cx=\"28.5\" cy=\"31\" r=\"2\"\u003e\u003c\/circle\u003e\u003c\/svg\u003e \u003c\/i\u003e60°C or 140°F\u003c\/li\u003e\n\u003cli\u003e\n\u003ci\u003e \u003csvg aria-hidden=\"true\" focusable=\"false\" role=\"presentation\" class=\"icon icon-dry-16\" viewbox=\"0 0 50 50\"\u003e\u003cpath d=\"M39 12c-.6 0-1 .4-1 1v4.6c-.7.3-1.5.4-2.4.4-1.8 0-3.5-.7-4.6-1.8l-.7-.8-.7.8c-1 1.1-2.7 1.8-4.6 1.8-1.8 0-3.5-.7-4.6-1.8l-.7-.8-.7.8c-1 1.1-2.7 1.8-4.6 1.8-.8 0-1.6-.2-2.4-.4V13c0-.6-.4-1-1-1s-1 .4-1 1v24c0 .6.4 1 1 1h28c.6 0 1-.4 1-1V13c0-.6-.4-1-1-1zm-1 24H12V19.7c.7.2 1.5.3 2.4.3 2 0 3.9-.6 5.3-1.8C21.1 19.4 23 20 25 20s3.9-.6 5.3-1.8c1.4 1.1 3.3 1.8 5.3 1.8.8 0 1.6-.1 2.4-.3V36z\"\u003e\u003c\/path\u003e\u003ccircle cx=\"18\" cy=\"25\" r=\"2\"\u003e\u003c\/circle\u003e\u003ccircle cx=\"25\" cy=\"25\" r=\"2\"\u003e\u003c\/circle\u003e\u003ccircle cx=\"32\" cy=\"25\" r=\"2\"\u003e\u003c\/circle\u003e\u003ccircle cx=\"22\" cy=\"31\" r=\"2\"\u003e\u003c\/circle\u003e\u003ccircle cx=\"29\" cy=\"31\" r=\"2\"\u003e\u003c\/circle\u003e\u003c\/svg\u003e \u003c\/i\u003e70°C or 160°F\u003c\/li\u003e\n\u003cli\u003e\n\u003ci\u003e \u003csvg aria-hidden=\"true\" focusable=\"false\" role=\"presentation\" class=\"icon icon-dry-17\" viewbox=\"0 0 50 50\"\u003e\u003cpath d=\"M39 12c-.6 0-1 .4-1 1v4.6c-.7.3-1.5.4-2.4.4-1.8 0-3.5-.7-4.6-1.8l-.7-.8-.7.8c-1 1.1-2.7 1.8-4.6 1.8-1.8 0-3.5-.7-4.6-1.8l-.7-.8-.7.8c-1 1.1-2.7 1.8-4.6 1.8-.8 0-1.6-.2-2.4-.4V13c0-.6-.4-1-1-1s-1 .4-1 1v24c0 .6.4 1 1 1h28c.6 0 1-.4 1-1V13c0-.6-.4-1-1-1zm-1 24H12V19.7c.7.2 1.5.3 2.4.3 2 0 3.9-.6 5.3-1.8C21.1 19.4 23 20 25 20s3.9-.6 5.3-1.8c1.4 1.1 3.3 1.8 5.3 1.8.8 0 1.6-.1 2.4-.3V36z\"\u003e\u003c\/path\u003e\u003ccircle cx=\"18\" cy=\"25\" r=\"2\"\u003e\u003c\/circle\u003e\u003ccircle cx=\"25\" cy=\"25\" r=\"2\"\u003e\u003c\/circle\u003e\u003ccircle cx=\"32\" cy=\"25\" r=\"2\"\u003e\u003c\/circle\u003e\u003ccircle cx=\"18\" cy=\"31\" r=\"2\"\u003e\u003c\/circle\u003e\u003ccircle cx=\"25\" cy=\"31\" r=\"2\"\u003e\u003c\/circle\u003e\u003ccircle cx=\"32\" cy=\"31\" r=\"2\"\u003e\u003c\/circle\u003e\u003c\/svg\u003e \u003c\/i\u003e95°C or 200°F\u003c\/li\u003e\n\u003cli\u003e\n\u003ci\u003e \u003csvg aria-hidden=\"true\" focusable=\"false\" role=\"presentation\" class=\"icon icon-dry-18\" viewbox=\"0 0 50 50\"\u003e\u003cpath d=\"M42.8 16.5c-2 .5-3.9 1.4-5.5 2.5-2.2-1.5-4.6-2.5-7.2-2.8L35.4 4c.2-.4.1-1-.4-1.3-.5-.3-1.1-.1-1.4.4l-5.7 13c-1.9 0-3.7.4-5.4 1L16.4 3c-.3-.5-.9-.6-1.4-.4-.5.4-.6 1-.4 1.4l6.1 13.7c-.7.4-1.3.8-2 1.2-2.7-1.9-5.9-3-9.2-3-.9 0-1.7.1-2.7.2l-.8.3v17.5l1.2-.3c2-.5 3.9-1.4 5.5-2.5 2.2 1.6 4.6 2.5 7.2 2.8L14.6 46c-.3.5-.1 1.1.4 1.4.5.3 1.1.1 1.4-.4l5.7-13c1.8 0 3.7-.4 5.4-1l6.1 14c.3.5.9.6 1.4.4.5-.3.6-.9.4-1.4l-6.1-13.7c.7-.4 1.3-.7 2-1.2 2.7 1.9 5.9 3 9.2 3 .9 0 1.8-.1 2.7-.2l.8-.1V16.2l-1.2.3zM27 18l-2 4.5-1.7-3.7c1.2-.4 2.4-.7 3.7-.8zM12.3 28.8c-1.3 1-2.8 1.9-4.3 2.4V18.1c.5-.1 1-.1 1.5-.1 2.7 0 5.3.8 7.6 2.3l-.4.4-.4.4c-.1.1-.2.3-.4.4-1.7 2.1-3 4.6-3.6 7.3zm1.9.8c.5-2.8 1.8-5.3 3.7-7.3l.1-.1.6-.6.3-.3c.8-.7 1.6-1.2 2.5-1.7l2.4 5.4-3.1 6.9c-2.2-.1-4.5-.9-6.5-2.3zM23 32l2-4.5 1.7 3.7c-1.2.4-2.4.7-3.7.8zm7.8-3.2c-.7.6-1.5 1.1-2.4 1.5L26.1 25l3.1-6.9c2.3.2 4.5.9 6.5 2.2-.6.6-1.2 1.3-1.8 2l-.6.9c-1.2 1.7-2.1 3.6-2.5 5.6zM42 31.9c-3.4.4-6.5-.5-9.3-2.3v-.1c.3-1.6.8-3.1 1.6-4.5.2-.3.4-.6.5-.9.1-.1.1-.2.2-.3.1-.2.2-.3.4-.5.1-.1.2-.3.3-.4.1-.1.1-.2.2-.2.4-.4.7-.8 1.1-1.1 1.4-1.2 3-2.2 4.8-2.8v13.1z\"\u003e\u003c\/path\u003e\u003c\/svg\u003e \u003c\/i\u003eDo not wring\u003c\/li\u003e\n\u003cli\u003e\n\u003ci\u003e \u003csvg aria-hidden=\"true\" focusable=\"false\" role=\"presentation\" class=\"icon icon-dry-19\" viewbox=\"0 0 50 50\"\u003e\u003cpath d=\"M38 39.8H12c-1.3 0-2.4-.7-3.1-1.8-.6-1.1-.6-2.4 0-3.6l13-22.6c.6-1.1 1.8-1.8 3.1-1.8s2.4.7 3.1 1.8l13 22.6c.6 1.1.6 2.4 0 3.6-.6 1.2-1.8 1.8-3.1 1.8zM25 12.2c-.6 0-1.1.3-1.3.8l-13 22.6c-.3.5-.3 1.1 0 1.6s.8.8 1.3.8h26c.6 0 1.1-.3 1.3-.8.3-.5.3-1.1 0-1.6L26.3 13c-.2-.6-.7-.8-1.3-.8z\"\u003e\u003c\/path\u003e\u003c\/svg\u003e \u003c\/i\u003eBleach if needed\u003c\/li\u003e\n\u003cli\u003e\n\u003ci\u003e \u003csvg aria-hidden=\"true\" focusable=\"false\" role=\"presentation\" class=\"icon icon-dry-20\" viewbox=\"0 0 50 50\"\u003e\u003cpath d=\"M47 33.6l-8.5-3.8-4.5-7.7 13-5.8c.5-.3.6-.9.4-1.4-.3-.5-.9-.6-1.4-.4l-13 5.8-4.9-8.5c-.6-1.1-1.8-1.8-3.1-1.8s-2.4.7-3.1 1.8L17 20.4 4 14.6c-.4-.2-1-.1-1.3.4-.3.5-.1 1.1.4 1.4l13 5.8-4.5 7.7L3 33.6c-.5.3-.6.9-.4 1.4.4.5 1 .6 1.4.4l5.8-2.6-1 1.7c-.6 1.1-.6 2.4 0 3.6.6 1.1 1.8 1.8 3.1 1.8H38c1.3 0 2.4-.7 3.1-1.8.6-1.1.6-2.4 0-3.6l-1-1.7 5.8 2.6c.5.3 1.1.1 1.4-.4.3-.5.1-1.1-.3-1.4zm-11.7-5.1L27.5 25l4.7-2.1 3.1 5.6zM23.7 12.9c.3-.5.8-.8 1.3-.8.6 0 1.1.3 1.3.8l4.8 8.3-6.1 2.7-6.1-2.7 4.8-8.3zm-5.8 10l4.7 2.1-7.9 3.5 3.2-5.6zm21.5 12.6c.3.5.3 1.1 0 1.6s-.8.8-1.3.8H12c-.6 0-1.1-.3-1.3-.8s-.3-1.1 0-1.6l2.4-4.1 12-5.3 12 5.3 2.3 4.1z\"\u003e\u003c\/path\u003e\u003c\/svg\u003e \u003c\/i\u003eDo not Bleach\u003c\/li\u003e\n\u003cli\u003e\n\u003ci\u003e \u003csvg aria-hidden=\"true\" focusable=\"false\" role=\"presentation\" class=\"icon icon-dry-21\" viewbox=\"0 0 50 50\"\u003e\u003cpath d=\"M41.1 34.5l-13-22.6c-.6-1.1-1.8-1.8-3.1-1.8s-2.4.7-3.1 1.8l-13 22.6c-.6 1.1-.6 2.4 0 3.6.6 1.1 1.8 1.8 3.1 1.8h26c1.3 0 2.4-.7 3.1-1.8.7-1.1.7-2.5 0-3.6zm-15.4 3.3h-7.2l11.1-19.2 3.6 6.2-7.3 12.7c-.1.1-.1.2-.2.3zm-15.1-.7c-.3-.5-.3-1.1 0-1.6l13-22.6c.3-.5.8-.8 1.3-.8.6 0 1.1.3 1.3.8l2.1 3.7-11.9 20.9c-.1.1-.1.2-.2.3H12c-.6 0-1.1-.2-1.4-.7zm28.8 0c-.3.5-.8.8-1.3.8H28l6.4-11 5 8.7c.3.4.3 1 0 1.5z\"\u003e\u003c\/path\u003e\u003c\/svg\u003e \u003c\/i\u003eNon-chlorine bleach if needed\u003c\/li\u003e\n\u003cli\u003e\n\u003ci\u003e \u003csvg aria-hidden=\"true\" focusable=\"false\" role=\"presentation\" class=\"icon icon-dry-22\" viewbox=\"0 0 50 50\"\u003e\u003cpath d=\"M47 33.6l-8.5-3.8-4.5-7.7 13-5.8c.5-.3.6-.9.4-1.4-.3-.5-.9-.6-1.4-.4l-13 5.8-4.9-8.5c-.6-1.1-1.8-1.8-3.1-1.8s-2.4.7-3.1 1.8L17 20.4 4 14.6c-.4-.2-1-.1-1.3.4-.3.5-.1 1.1.4 1.4l13 5.8-4.5 7.7L3 33.6c-.5.3-.6.9-.4 1.4.4.5 1 .6 1.4.4l5.8-2.6-1 1.7c-.6 1.1-.6 2.4 0 3.6.6 1.1 1.8 1.8 3.1 1.8H38c1.3 0 2.4-.7 3.1-1.8.6-1.1.6-2.4 0-3.6l-1-1.7 5.8 2.6c.5.3 1.1.1 1.4-.4.3-.5.1-1.1-.3-1.4zm-11.7-5.1l-5.9-2.6v-1.1H28l4.2-1.8 3.1 5.5zM23.7 12.9c.3-.5.8-.8 1.3-.8.6 0 1.1.3 1.3.8l4.8 8.3-6.1 2.7-6.1-2.7 4.8-8.3zm-5.8 10l4 1.8c-1.4.3-2.7 1-3.5 2.1l-3.8 1.7 3.3-5.6zm21.5 12.6c.3.5.3 1.1 0 1.6s-.8.8-1.3.8H12c-.6 0-1.1-.3-1.3-.8s-.3-1.1 0-1.6l2.4-4.1 4.5-2c0 .3-.1.6-.1.9 0 3.3 2.1 5.5 5.5 5.5 1.3 0 2.3-.2 2.8-.5l-.3-1.6c-.5.2-1.4.4-2.2.4-2.4 0-3.8-1.5-3.8-3.9 0-.7.1-1.3.3-1.8l4.6-2c.4.1.7.2 1 .3l.1-.4 1.9.9v8.5h6.4V34h-4.5v-6l7.6 3.4 2.5 4.1z\"\u003e\u003c\/path\u003e\u003c\/svg\u003e \u003c\/i\u003eNon-chlorine bleach if needed\u003c\/li\u003e\n\u003cli\u003e\n\u003ci\u003e \u003csvg aria-hidden=\"true\" focusable=\"false\" role=\"presentation\" class=\"icon icon-dry-23\" viewbox=\"0 0 50 50\"\u003e\u003cpath d=\"M38.8 10H11.2c-.6 0-1.2.5-1.2 1.2v27.7c0 .6.5 1.2 1.2 1.2h27.7c.6 0 1.2-.5 1.2-1.2V11.2c-.1-.7-.6-1.2-1.3-1.2zM12 12h5.5c-2.3 1.3-4.2 3.2-5.5 5.5V12zm13 0c7.2 0 13 5.8 13 13s-5.8 13-13 13-13-5.8-13-13 5.8-13 13-13zM12 38v-5.5c1.3 2.3 3.2 4.2 5.5 5.5H12zm26 0h-5.5c2.3-1.3 4.2-3.2 5.5-5.5V38zm-5.5-26H38v5.5c-1.3-2.3-3.2-4.2-5.5-5.5z\"\u003e\u003c\/path\u003e\u003c\/svg\u003e \u003c\/i\u003eTrumble dry\u003c\/li\u003e\n\u003cli\u003e\n\u003ci\u003e \u003csvg aria-hidden=\"true\" focusable=\"false\" role=\"presentation\" class=\"icon icon-dry-24\" viewbox=\"0 0 50 50\"\u003e\u003cpath d=\"M38.8 10H11.2c-.6 0-1.2.5-1.2 1.2v27.7c0 .6.5 1.2 1.2 1.2h27.7c.6 0 1.2-.5 1.2-1.2V11.2c-.1-.7-.6-1.2-1.3-1.2zM12 12h5.5c-2.3 1.3-4.2 3.2-5.5 5.5V12zm13 0c7.2 0 13 5.8 13 13s-5.8 13-13 13-13-5.8-13-13 5.8-13 13-13zM12 38v-5.5c1.3 2.3 3.2 4.2 5.5 5.5H12zm26 0h-5.5c2.3-1.3 4.2-3.2 5.5-5.5V38zm-5.5-26H38v5.5c-1.3-2.3-3.2-4.2-5.5-5.5z\"\u003e\u003c\/path\u003e\u003cpath d=\"M24.8 27c1.1.1 2.1-.7 2.2-1.8s-.7-2.1-1.8-2.2c-1.1-.1-2.1.7-2.2 1.8-.1 1.1.7 2.1 1.8 2.2z\"\u003e\u003c\/path\u003e\u003c\/svg\u003e \u003c\/i\u003eDry normal, low heat\u003c\/li\u003e\n\u003c\/ul\u003e\n\u003c\/div\u003e\n\u003cdiv class=\"col-12 col-sm-6 col-lg-3\"\u003e\n\u003cul class=\"list-unstyled list-unstyled--lg\"\u003e\n\u003cli\u003e\n\u003ci\u003e \u003csvg aria-hidden=\"true\" focusable=\"false\" role=\"presentation\" class=\"icon icon-dry-25\" viewbox=\"0 0 50 50\"\u003e\u003cpath d=\"M38.8 10H11.2c-.6 0-1.2.5-1.2 1.2v27.7c0 .6.5 1.2 1.2 1.2h27.7c.6 0 1.2-.5 1.2-1.2V11.2c-.1-.7-.6-1.2-1.3-1.2zM12 12h5.5c-2.3 1.3-4.2 3.2-5.5 5.5V12zm13 0c7.2 0 13 5.8 13 13s-5.8 13-13 13-13-5.8-13-13 5.8-13 13-13zM12 38v-5.5c1.3 2.3 3.2 4.2 5.5 5.5H12zm26 0h-5.5c2.3-1.3 4.2-3.2 5.5-5.5V38zm-5.5-26H38v5.5c-1.3-2.3-3.2-4.2-5.5-5.5z\"\u003e\u003c\/path\u003e\u003ccircle cx=\"21.5\" cy=\"25\" r=\"2\"\u003e\u003c\/circle\u003e\u003ccircle cx=\"28.5\" cy=\"25\" r=\"2\"\u003e\u003c\/circle\u003e\u003c\/svg\u003e \u003c\/i\u003eDry normal, mediun heat\u003c\/li\u003e\n\u003cli\u003e\n\u003ci\u003e \u003csvg aria-hidden=\"true\" focusable=\"false\" role=\"presentation\" class=\"icon icon-dry-26\" viewbox=\"0 0 50 50\"\u003e\u003cpath d=\"M38.8 10H11.2c-.6 0-1.2.5-1.2 1.2v27.7c0 .6.5 1.2 1.2 1.2h27.7c.6 0 1.2-.5 1.2-1.2V11.2c-.1-.7-.6-1.2-1.3-1.2zM12 12h5.5c-2.3 1.3-4.2 3.2-5.5 5.5V12zm0 26v-5.5c1.3 2.3 3.2 4.2 5.5 5.5H12zm26 0h-5.5c2.3-1.3 4.2-3.2 5.5-5.5V38zm-13 0c-7.2 0-13-5.8-13-13s5.8-13 13-13 13 5.8 13 13-5.8 13-13 13zm13-20.5c-1.3-2.3-3.2-4.2-5.5-5.5H38v5.5z\"\u003e\u003c\/path\u003e\u003ccircle cx=\"18\" cy=\"25\" r=\"2\"\u003e\u003c\/circle\u003e\u003ccircle cx=\"25\" cy=\"25\" r=\"2\"\u003e\u003c\/circle\u003e\u003ccircle cx=\"32\" cy=\"25\" r=\"2\"\u003e\u003c\/circle\u003e\u003c\/svg\u003e \u003c\/i\u003eDry normal, high heat\u003c\/li\u003e\n\u003cli\u003e\n\u003ci\u003e \u003csvg aria-hidden=\"true\" focusable=\"false\" role=\"presentation\" class=\"icon icon-dry-27\" viewbox=\"0 0 50 50\"\u003e\u003cpath d=\"M38.8 10H11.2c-.6 0-1.2.5-1.2 1.2v27.7c0 .6.5 1.2 1.2 1.2h27.7c.6 0 1.2-.5 1.2-1.2V11.2c-.1-.7-.6-1.2-1.3-1.2zM12 38v-5.5c1.3 2.3 3.2 4.2 5.5 5.5H12zm0-20.5V12h5.5c-2.3 1.3-4.2 3.2-5.5 5.5zM38 38h-5.5c2.3-1.3 4.2-3.2 5.5-5.5V38zm0-20.5c-1.3-2.3-3.2-4.2-5.5-5.5H38v5.5z\"\u003e\u003c\/path\u003e\u003c\/svg\u003e \u003c\/i\u003eDry normal, not heat\u003c\/li\u003e\n\u003cli\u003e\n\u003ci\u003e \u003csvg aria-hidden=\"true\" focusable=\"false\" role=\"presentation\" class=\"icon icon-dry-28\" viewbox=\"0 0 50 50\"\u003e\u003cpath d=\"M38.8 10H11.2c-.6 0-1.2.5-1.2 1.2v27.7c0 .6.5 1.2 1.2 1.2h27.7c.6 0 1.2-.5 1.2-1.2V11.2c-.1-.7-.6-1.2-1.3-1.2zm-2.9 2c-2.3 3.6-6.3 6-10.9 6s-8.6-2.4-10.9-6h21.8zM12 38V12.5C14.6 17 19.4 20 25 20s10.4-3 13-7.5V38H12z\"\u003e\u003c\/path\u003e\u003c\/svg\u003e \u003c\/i\u003eHanf to dry\u003c\/li\u003e\n\u003cli\u003e\n\u003ci\u003e \u003csvg aria-hidden=\"true\" focusable=\"false\" role=\"presentation\" class=\"icon icon-dry-29\" viewbox=\"0 0 50 50\"\u003e\u003cpath d=\"M38 12v26H12V12h26m.8-2H11.2c-.6 0-1.2.5-1.2 1.2v27.7c0 .6.5 1.2 1.2 1.2h27.7c.6 0 1.2-.5 1.2-1.2V11.2c-.1-.7-.6-1.2-1.3-1.2z\"\u003e\u003c\/path\u003e\u003cpath d=\"M19 32.5c-.6 0-1-.4-1-1v-13c0-.6.4-1 1-1s1 .4 1 1v13c0 .6-.4 1-1 1zM25 32.5c-.6 0-1-.4-1-1v-13c0-.6.4-1 1-1s1 .4 1 1v13c0 .6-.4 1-1 1zM31 32.5c-.6 0-1-.4-1-1v-13c0-.6.4-1 1-1s1 .4 1 1v13c0 .6-.4 1-1 1z\"\u003e\u003c\/path\u003e\u003c\/svg\u003e \u003c\/i\u003eDrip dry\u003c\/li\u003e\n\u003cli\u003e\n\u003ci\u003e \u003csvg aria-hidden=\"true\" focusable=\"false\" role=\"presentation\" class=\"icon icon-dry-30\" viewbox=\"0 0 50 50\"\u003e\u003cpath d=\"M38 12v26H12V12h26m.8-2H11.2c-.6 0-1.2.5-1.2 1.2v27.7c0 .6.5 1.2 1.2 1.2h27.7c.6 0 1.2-.5 1.2-1.2V11.2c-.1-.7-.6-1.2-1.3-1.2z\"\u003e\u003c\/path\u003e\u003cpath d=\"M25 32.5c-.6 0-1-.4-1-1v-13c0-.6.4-1 1-1s1 .4 1 1v13c0 .6-.4 1-1 1z\"\u003e\u003c\/path\u003e\u003c\/svg\u003e \u003c\/i\u003eDry flat°\u003c\/li\u003e\n\u003cli\u003e\n\u003ci\u003e \u003csvg aria-hidden=\"true\" focusable=\"false\" role=\"presentation\" class=\"icon icon-dry-31\" viewbox=\"0 0 50 50\"\u003e\u003cpath d=\"M38.8 10H11.2c-.6 0-1.2.5-1.2 1.2v27.7c0 .6.5 1.2 1.2 1.2h27.7c.6 0 1.2-.5 1.2-1.2V11.2c-.1-.7-.6-1.2-1.3-1.2zM12 21.2l9.2-9.2h4.7l-7 7-6.9 6.8v-4.6zm6.3-9.2L12 18.3V12h6.3zM38 38H12v-9.4c.1 0 .2-.1.2-.2l8-8 1.2-1.2 7.2-7.2H38v26z\"\u003e\u003c\/path\u003e\u003c\/svg\u003e \u003c\/i\u003eDry in the shade\u003c\/li\u003e\n\u003cli\u003e\n\u003ci\u003e \u003csvg aria-hidden=\"true\" focusable=\"false\" role=\"presentation\" class=\"icon icon-dry-32\" viewbox=\"0 0 50 50\"\u003e\u003cpath d=\"M47 33.6l-7-3.1V19.4l7-3.1c.5-.3.6-.9.4-1.4-.3-.5-.9-.6-1.4-.4l-6 2.6V11c0-.6-.5-1.2-1.2-1.2H11.2c-.6 0-1.2.5-1.2 1.2v6.1l-6-2.6c-.4-.1-1 0-1.3.5-.3.5-.1 1.1.4 1.4l7 3.1v11.1l-7 3.1c-.5.3-.6.9-.4 1.4.3.4.9.5 1.3.3l6-2.6v6.1c0 .6.5 1.2 1.2 1.2h27.7c.6 0 1.2-.5 1.2-1.2v-6.1l6 2.6c.5.3 1.1.1 1.4-.4.1-.5-.1-1.1-.5-1.4zm-9-3.9L27.5 25 38 20.3v9.4zM12 12h26v6.2L25 24l-13-5.8V12zm0 8.3L22.5 25 12 29.7v-9.4zM38 38H12v-6.2L25 26l13 5.8V38z\"\u003e\u003c\/path\u003e\u003c\/svg\u003e \u003c\/i\u003eDon not dry\u003c\/li\u003e\n\u003cli\u003e\n\u003ci\u003e \u003csvg aria-hidden=\"true\" focusable=\"false\" role=\"presentation\" class=\"icon icon-dry-33\" viewbox=\"0 0 50 50\"\u003e\u003cpath d=\"M47 33.6l-7-3.1V19.4l7-3.1c.5-.3.6-.9.4-1.4-.3-.5-.9-.6-1.4-.4l-6 2.6V11c0-.6-.5-1.2-1.2-1.2H11.2c-.6 0-1.2.5-1.2 1.2v6.1l-6-2.6c-.4-.1-1 0-1.3.5-.3.5-.1 1.1.4 1.4l7 3.1v11.1l-7 3.1c-.5.3-.6.9-.4 1.4.3.4.9.5 1.3.3l6-2.6v6.1c0 .6.5 1.2 1.2 1.2h27.7c.6 0 1.2-.5 1.2-1.2v-6.1l6 2.6c.5.3 1.1.1 1.4-.4.1-.5-.1-1.1-.5-1.4zM38 25c0 1.5-.3 3-.8 4.3L27.5 25l9.8-4.3c.4 1.3.7 2.8.7 4.3zm-13-1.1l-11.4-5.1c2.2-4 6.5-6.8 11.4-6.8s9.2 2.8 11.4 6.8L25 23.9zm-12.2-3.2l9.8 4.3-9.8 4.3c-.5-1.3-.8-2.8-.8-4.3s.3-3 .8-4.3zM25 26.1l11.4 5.1c-2.2 4-6.5 6.8-11.4 6.8s-9.2-2.8-11.4-6.8L25 26.1zM38 12v5.5c-1.3-2.3-3.2-4.2-5.5-5.5H38zm-20.5 0c-2.3 1.3-4.2 3.2-5.5 5.5V12h5.5zM12 38v-5.5c1.3 2.3 3.2 4.2 5.5 5.5H12zm20.5 0c2.3-1.3 4.2-3.2 5.5-5.5V38h-5.5z\"\u003e\u003c\/path\u003e\u003c\/svg\u003e \u003c\/i\u003eDon not tumble dry\u003c\/li\u003e\n\u003cli\u003e\n\u003ci\u003e \u003csvg aria-hidden=\"true\" focusable=\"false\" role=\"presentation\" class=\"icon icon-dry-34\" viewbox=\"0 0 50 50\"\u003e\u003cpath d=\"M38 12v26H12V12h26m.8-2H11.2c-.6 0-1.2.5-1.2 1.2v27.7c0 .6.5 1.2 1.2 1.2h27.7c.6 0 1.2-.5 1.2-1.2V11.2c-.1-.7-.6-1.2-1.3-1.2z\"\u003e\u003c\/path\u003e\u003c\/svg\u003e \u003c\/i\u003eDry\u003c\/li\u003e\n\u003cli\u003e\n\u003ci\u003e \u003csvg aria-hidden=\"true\" focusable=\"false\" role=\"presentation\" class=\"icon icon-dry-35\" viewbox=\"0 0 50 50\"\u003e\u003cpath d=\"M39 12.5H23c-.6 0-1 .4-1 1s.4 1 1 1h15v7H25c-8.3 0-15 6.7-15 15 0 .3 0 .7.1 1H39c.6 0 1-.4 1-1v-23c0-.6-.4-1-1-1zm-1 23H12.1c.5-6.7 6.1-12 12.9-12h13v12z\"\u003e\u003c\/path\u003e\u003c\/svg\u003e \u003c\/i\u003eDo not dry Clean\u003c\/li\u003e\n\u003cli\u003e\n\u003ci\u003e \u003csvg aria-hidden=\"true\" focusable=\"false\" role=\"presentation\" class=\"icon icon-dry-36\" viewbox=\"0 0 50 50\"\u003e\u003cpath d=\"M47 35.6l-7-3.1V21.3l7-3.1c.5-.3.6-.9.4-1.4-.3-.5-.9-.6-1.4-.4L40 19v-5.8c0-.6-.4-1-1-1H23c-.6 0-1 .4-1 1s.4 1 1 1h15v5.7l-3 1.3H25c-2.3 0-4.6.6-6.5 1.5L4 16.6c-.4-.2-1-.1-1.3.4-.3.5-.1 1.1.4 1.4l13.3 5.9c-2.7 1.9-4.8 4.7-5.7 8L3 35.6c-.5.3-.6.9-.4 1.4.4.5 1 .6 1.4.4l6.1-2.7c-.1.6-.1 1.2-.1 1.8 0 .3 0 .7.1 1H39c.6 0 1-.4 1-1v-1.8l6 2.6c.5.3 1.1.1 1.4-.4.2-.4 0-1-.4-1.3zm-9-12.1v8.2L27.5 27l7.9-3.5H38zm-13 0h5.4L25 25.9l-4-1.8c1.3-.4 2.6-.6 4-.6zm-6.4 1.7l4 1.8-9.4 4.1c1.1-2.4 3-4.5 5.4-5.9zM38 35.5H12.1c0-.6.2-1.2.3-1.8L25 28.1l13 5.8v1.6z\"\u003e\u003c\/path\u003e\u003c\/svg\u003e \u003c\/i\u003eIron any temp, steam\u003c\/li\u003e\n\u003c\/ul\u003e\n\u003c\/div\u003e\n\u003cdiv class=\"col-12 col-sm-6 col-lg-3\"\u003e\n\u003cul class=\"list-unstyled list-unstyled--lg\"\u003e\n\u003cli\u003e\n\u003ci\u003e \u003csvg aria-hidden=\"true\" focusable=\"false\" role=\"presentation\" class=\"icon icon-dry-37\" viewbox=\"0 0 50 50\"\u003e\u003cpath d=\"M39 12.5H23c-.6 0-1 .4-1 1s.4 1 1 1h15v7H25c-8.3 0-15 6.7-15 15 0 .3 0 .7.1 1H39c.6 0 1-.4 1-1v-23c0-.6-.4-1-1-1zm-1 23H12.1c.5-6.7 6.1-12 12.9-12h13v12z\"\u003e\u003c\/path\u003e\u003ccircle cx=\"25\" cy=\"30\" r=\"2\"\u003e\u003c\/circle\u003e\u003c\/svg\u003e \u003c\/i\u003eDo not iron\u003c\/li\u003e\n\u003cli\u003e\n\u003ci\u003e \u003csvg aria-hidden=\"true\" focusable=\"false\" role=\"presentation\" class=\"icon icon-dry-38\" viewbox=\"0 0 50 50\"\u003e\u003cpath d=\"M39 12.5H23c-.6 0-1 .4-1 1s.4 1 1 1h15v7H25c-8.3 0-15 6.7-15 15 0 .3 0 .7.1 1H39c.6 0 1-.4 1-1v-23c0-.6-.4-1-1-1zm-1 23H12.1c.5-6.7 6.1-12 12.9-12h13v12z\"\u003e\u003c\/path\u003e\u003ccircle cx=\"21.5\" cy=\"30\" r=\"2\"\u003e\u003c\/circle\u003e\u003ccircle cx=\"28.5\" cy=\"30\" r=\"2\"\u003e\u003c\/circle\u003e\u003c\/svg\u003e \u003c\/i\u003eMaximum 110°C or 230°F\u003c\/li\u003e\n\u003cli\u003e\n\u003ci\u003e \u003csvg aria-hidden=\"true\" focusable=\"false\" role=\"presentation\" class=\"icon icon-dry-39\" viewbox=\"0 0 50 50\"\u003e\u003cpath d=\"M39 12.5H23c-.6 0-1 .4-1 1s.4 1 1 1h15v7H25c-8.3 0-15 6.7-15 15 0 .3 0 .7.1 1H39c.6 0 1-.4 1-1v-23c0-.6-.4-1-1-1zm-1 23H12.1c.5-6.7 6.1-12 12.9-12h13v12z\"\u003e\u003c\/path\u003e\u003ccircle cx=\"18\" cy=\"30\" r=\"2\"\u003e\u003c\/circle\u003e\u003ccircle cx=\"25\" cy=\"30\" r=\"2\"\u003e\u003c\/circle\u003e\u003ccircle cx=\"32\" cy=\"30\" r=\"2\"\u003e\u003c\/circle\u003e\u003c\/svg\u003e \u003c\/i\u003eMaximum 150°C or 300°F\u003c\/li\u003e\n\u003cli\u003e\n\u003ci\u003e \u003csvg aria-hidden=\"true\" focusable=\"false\" role=\"presentation\" class=\"icon icon-dry-40\" viewbox=\"0 0 50 50\"\u003e\u003cpath d=\"M48 43.6l-13.4-5.9-1.3-4.9L48 26.4c.5-.3.6-.9.4-1.4-.3-.5-.9-.6-1.4-.4l-7 3.1V5.5c0-.6-.4-1-1-1H23c-.6 0-1 .4-1 1s.4 1 1 1h15v7H25c-7.7 0-14.1 5.9-14.9 13.4l-5-2.2c-.5-.3-1.1-.2-1.4.3-.3.5-.1 1.1.4 1.4l6 2.6v.5h1l5.7 2.5-1.7 6.7L4 43.6c-.5.3-.6.9-.4 1.4.4.5 1 .6 1.4.4l9.5-4.2-.1.4c-.1.5.2 1.1.7 1.2.5.1 1.1-.2 1.2-.7l.5-1.9 9.2-4.1 6.9 3.1.7 2.9c.1.5.7.9 1.2.7.5-.1.9-.7.7-1.2l-.4-1.4L47 45.4c.5.3 1.1.1 1.4-.4.2-.5 0-1.1-.4-1.4zM32.9 30.9l-.4-1.4H36l-3.1 1.4zM25 15.5h13v12H12.1c.5-6.7 6.1-12 12.9-12zm-9 14h1.5l-.1.6-1.4-.6zm1.5 8.2l1.2-4.8 4.8 2.1-6 2.7zm1.7-6.8l.4-1.4h10.9l.6 2.2-5 2.2-6.9-3zm9.3 4.1l3-1.3.8 3-3.8-1.7z\"\u003e\u003c\/path\u003e\u003c\/svg\u003e \u003c\/i\u003eMaximum 200°C or 390°F\u003c\/li\u003e\n\u003cli\u003e\n\u003ci\u003e \u003csvg aria-hidden=\"true\" focusable=\"false\" role=\"presentation\" class=\"icon icon-dry-41\" viewbox=\"0 0 50 50\"\u003e\u003cpath d=\"M25 12c7.2 0 13 5.8 13 13s-5.8 13-13 13-13-5.8-13-13 5.8-13 13-13m0-2c-8.3 0-15 6.7-15 15s6.7 15 15 15 15-6.7 15-15-6.7-15-15-15z\"\u003e\u003c\/path\u003e\u003c\/svg\u003e \u003c\/i\u003eNo steam\u003c\/li\u003e\n\u003cli\u003e\n\u003ci\u003e \u003csvg aria-hidden=\"true\" focusable=\"false\" role=\"presentation\" class=\"icon icon-dry-42\" viewbox=\"0 0 50 50\"\u003e\u003cpath d=\"M25 12c7.2 0 13 5.8 13 13s-5.8 13-13 13-13-5.8-13-13 5.8-13 13-13m0-2c-8.3 0-15 6.7-15 15s6.7 15 15 15 15-6.7 15-15-6.7-15-15-15z\"\u003e\u003c\/path\u003e\u003cpath d=\"M23.1 26.8l-1 3.2H20l3.7-11.5h2.7L30 30h-2.2l-1-3.2h-3.7zm3.3-1.6l-.9-2.8c-.2-.7-.4-1.5-.6-2.1-.2.7-.3 1.5-.5 2.1l-.9 2.8h2.9z\"\u003e\u003c\/path\u003e\u003c\/svg\u003e \u003c\/i\u003eDryclean\u003c\/li\u003e\n\u003cli\u003e\n\u003ci\u003e \u003csvg aria-hidden=\"true\" focusable=\"false\" role=\"presentation\" class=\"icon icon-dry-43\" viewbox=\"0 0 50 50\"\u003e\u003cpath d=\"M25 12c7.2 0 13 5.8 13 13s-5.8 13-13 13-13-5.8-13-13 5.8-13 13-13m0-2c-8.3 0-15 6.7-15 15s6.7 15 15 15 15-6.7 15-15-6.7-15-15-15z\"\u003e\u003c\/path\u003e\u003cpath d=\"M21.5 18.7c.7-.1 1.8-.2 3.2-.2 1.5 0 2.7.3 3.4.9.7.6 1.1 1.5 1.1 2.5 0 1.1-.3 2-1 2.6-.8.8-2.1 1.2-3.6 1.2-.4 0-.7 0-1-.1V30h-2.1V18.7zm2 5.3c.3.1.6.1 1 .1 1.6 0 2.5-.8 2.5-2.1s-.9-2-2.3-2c-.6 0-1 .1-1.2.1V24z\"\u003e\u003c\/path\u003e\u003c\/svg\u003e \u003c\/i\u003eAny solvent\u003c\/li\u003e\n\u003cli\u003e\n\u003ci\u003e \u003csvg aria-hidden=\"true\" focusable=\"false\" role=\"presentation\" class=\"icon icon-dry-44\" viewbox=\"0 0 50 50\"\u003e\u003cpath d=\"M25 12c7.2 0 13 5.8 13 13s-5.8 13-13 13-13-5.8-13-13 5.8-13 13-13m0-2c-8.3 0-15 6.7-15 15s6.7 15 15 15 15-6.7 15-15-6.7-15-15-15z\"\u003e\u003c\/path\u003e\u003cpath d=\"M21.9 18.5h6.6v1.7H24v3.2h4.2v1.7H24V30h-2.1V18.5z\"\u003e\u003c\/path\u003e\u003c\/svg\u003e \u003c\/i\u003eExcept tetrachlorethylene\u003c\/li\u003e\n\u003cli\u003e\n\u003ci\u003e \u003csvg aria-hidden=\"true\" focusable=\"false\" role=\"presentation\" class=\"icon icon-dry-45\" viewbox=\"0 0 50 50\"\u003e\u003cpath d=\"M25 12c7.2 0 13 5.8 13 13s-5.8 13-13 13-13-5.8-13-13 5.8-13 13-13m0-2c-8.3 0-15 6.7-15 15s6.7 15 15 15 15-6.7 15-15-6.7-15-15-15z\"\u003e\u003c\/path\u003e\u003cpath d=\"M20.7 30l-2.8-11.5h2.2l1.1 5.2c.3 1.4.6 2.9.7 4 .2-1.2.5-2.6.8-4l1.2-5.2h2.2l1.1 5.3c.3 1.4.5 2.6.7 3.9.2-1.3.5-2.6.8-4l1.2-5.2H32L29.1 30h-2.2l-1.2-5.4c-.3-1.3-.5-2.4-.6-3.6-.2 1.2-.4 2.3-.8 3.6L22.9 30h-2.2z\"\u003e\u003c\/path\u003e\u003c\/svg\u003e \u003c\/i\u003ePetroleum solvent only\u003c\/li\u003e\n\u003cli\u003e\n\u003ci\u003e \u003csvg aria-hidden=\"true\" focusable=\"false\" role=\"presentation\" class=\"icon icon-dry-46\" viewbox=\"0 0 50 50\"\u003e\u003cpath d=\"M47 33.6l-7.9-3.5c.6-1.6.9-3.3.9-5.1 0-1.8-.3-3.5-.9-5.1l7.9-3.5c.5-.3.6-.9.4-1.4-.3-.5-.9-.6-1.4-.4L38.3 18c-2.5-4.8-7.5-8-13.3-8-5.8 0-10.8 3.3-13.3 8L4 14.6c-.4-.2-1-.1-1.3.4-.3.5-.1 1.1.4 1.4l7.9 3.5c-.7 1.6-1 3.3-1 5.1 0 1.8.3 3.5.9 5.1L3 33.6c-.5.3-.6.9-.4 1.4.4.5 1 .6 1.4.4l7.7-3.4c2.5 4.8 7.5 8 13.3 8 5.8 0 10.8-3.3 13.3-8l7.7 3.4c.5.3 1.1.1 1.4-.4.2-.5 0-1.1-.4-1.4zM25 12c4.9 0 9.2 2.8 11.4 6.8L25 23.9l-11.4-5.1c2.2-4 6.5-6.8 11.4-6.8zM12 25c0-1.5.3-3 .8-4.3l9.8 4.3-9.8 4.3c-.5-1.3-.8-2.8-.8-4.3zm13 13c-4.9 0-9.2-2.8-11.4-6.8L25 26.1l11.4 5.1c-2.2 4-6.5 6.8-11.4 6.8zm12.2-8.7L27.5 25l9.8-4.3c.4 1.3.7 2.8.7 4.3s-.3 3-.8 4.3z\"\u003e\u003c\/path\u003e\u003c\/svg\u003e \u003c\/i\u003eWet cleaning\u003c\/li\u003e\n\u003c\/ul\u003e\n\u003c\/div\u003e\n\u003c\/div\u003e\n\u003c\/div\u003e\n\u003cdiv class=\"mt-30 mt-lg-55\"\u003e\n\u003cp\u003eNote: you can configure same tab for all products at your store\u003c\/p\u003e\n\u003c\/div\u003e","author":"Shopify API","created_at":"2019-07-01T09:11:56-04:00","updated_at":"2019-07-01T09:11:56-04:00","published_at":"2019-06-27T20:14:25-04:00","template_suffix":"","admin_graphql_api_id":"gid:\/\/shopify\/OnlineStorePage\/41255632989"},{"id":41255665757,"title":"Look Book","shop_id":25462997085,"handle":"look-book","body_html":"","author":"Shopify API","created_at":"2019-07-01T09:11:57-04:00","updated_at":"2019-07-01T09:11:57-04:00","published_at":"2018-11-16T07:44:00-05:00","template_suffix":"lookbook","admin_graphql_api_id":"gid:\/\/shopify\/OnlineStorePage\/41255665757"},{"id":41255698525,"title":"Privacy Policy","shop_id":25462997085,"handle":"privacy-policy","body_html":"\u003cdiv class=\"container container--sm px-0\"\u003e\n    \u003cp class=\"mb-50 text-center\"\u003eShould you require information or help, please contact us by \u003ca href=\"mailto:youraddress@gmail.com\" class=\"link-revert text-underline\"\u003eemail\u003c\/a\u003e or by phone and we will be happy to assist you.\u003c\/p\u003e\n    \u003cdiv class=\"d-flex align-items-center\"\u003e\n        \u003ch5 class=\"mt-5 mb-0\"\u003eWELCOME TO SHELLA’S PRIVACY POLICY\u003c\/h5\u003e\n    \u003c\/div\u003e\n    \u003cul class=\"list-lg mt-15\"\u003e\n        \u003cli\u003eComplimentary ground shipping within 1 to 7 business days\u003c\/li\u003e\n        \u003cli\u003eIn-store collection available within 1 to 7 business days\u003c\/li\u003e\n        \u003cli\u003eNext-day and Express delivery options also available\u003c\/li\u003e\n        \u003cli\u003ePurchases are delivered in an orange box tied with a Bolduc ribbon, with the exception of certain items\u003c\/li\u003e\n        \u003cli\u003eSee the delivery FAQs for details on shipping methods, costs and delivery times\u003c\/li\u003e\n    \u003c\/ul\u003e\n    \u003cdiv class=\"d-flex align-items-center mt-35\"\u003e\n        \u003ch5 class=\"mt-5 mb-0\"\u003eTHE TYPE OF PERSONAL INFORMATION WE COLLECT\u003c\/h5\u003e\n    \u003c\/div\u003e\n    \u003cp class=\"mt-15\"\u003eShella accepts the following payment methods:\u003c\/p\u003e\n    \u003cul class=\"list-lg mt-20\"\u003e\n        \u003cli\u003eCredit Card: Visa, MasterCard, Discover, American Express, JCB, Visa Electron. The total will be charged to your card when the order is shipped.\u003c\/li\u003e\n        \u003cli\u003eShella features a Fast Checkout option, allowing you to securely save your credit card details so that you don't have to re-enter them for future purchases.\u003c\/li\u003e\n        \u003cli\u003ePayPal: Shop easily online without having to enter your credit card details on the website.Your account will be charged once the order is completed. To register for a PayPal account, visit the website \u003ca href=\"https:\/\/paypal.com\" target=\"_blank\" class=\"link-revert text-underline\" rel=\"noopener noreferrer\"\u003epaypal.com.\u003c\/a\u003e\n\u003c\/li\u003e\n    \u003c\/ul\u003e\n    \u003cdiv class=\"d-flex align-items-center mt-35\"\u003e\n        \u003ch5 class=\"mt-5 mb-0\"\u003eHOW WE COLLECT PERSONAL INFORMATION\u003c\/h5\u003e\n    \u003c\/div\u003e\n    \u003cp class=\"mt-15\"\u003eItems returned within 14 days of their original shipment date in same as new condition will be eligible for a full refund or store credit. Refunds will be charged back to the original form of payment used for purchase. Customer is responsible for shipping charges when making returns and shipping\/handling fees of original purchase is non-refundable.\u003c\/p\u003e\n\u003c\/div\u003e","author":"Shopify API","created_at":"2019-07-01T09:11:58-04:00","updated_at":"2019-07-01T09:11:58-04:00","published_at":"2018-11-09T13:42:00-05:00","template_suffix":"","admin_graphql_api_id":"gid:\/\/shopify\/OnlineStorePage\/41255698525"},{"id":41255731293,"title":"Products","shop_id":25462997085,"handle":"products","body_html":"","author":"Shopify API","created_at":"2019-07-01T09:11:58-04:00","updated_at":"2019-07-01T09:11:58-04:00","published_at":"2018-10-05T10:34:00-04:00","template_suffix":"products","admin_graphql_api_id":"gid:\/\/shopify\/OnlineStorePage\/41255731293"},{"id":41255764061,"title":"Size Guide","shop_id":25462997085,"handle":"size-guide","body_html":"\u003cdiv class=\"container container--sm px-0\"\u003e\n    \u003cp class=\"mb-50 text-center\"\u003eThis is an approximate conversion table to help you find your size. If you have already purchased an item by our brand, we recommend you select the same size as indicated on its label.\u003c\/p\u003e\n\u003c\/div\u003e\n\u003cdiv class=\"row mt-60\"\u003e\n    \u003cdiv class=\"col-12 col-md-9\"\u003e\n        \u003ch4 class=\"mb-15 text-center\"\u003eWomen’s apparel sizing\u003c\/h4\u003e\n        \u003cdiv class=\"table-wrap\"\u003e\n            \u003ctable class=\"table-size-guide responsive-table table-center mb-35\"\u003e\n                \u003ctr\u003e\n                    \u003cth\u003eINTERNATIONAL\u003c\/th\u003e\n\u003cth\u003eXS\u003c\/th\u003e\n\u003cth\u003eS\u003c\/th\u003e\n\u003cth\u003eM\u003c\/th\u003e\n\u003cth\u003eL\u003c\/th\u003e\n\u003cth\u003eXL\u003c\/th\u003e\n\u003cth\u003eXXL\u003c\/th\u003e\n\u003cth\u003eXXXL\u003c\/th\u003e\n                \u003c\/tr\u003e\n                \u003ctr\u003e\n                    \u003ctd\u003eEUROPE\u003c\/td\u003e\n\u003ctd\u003e32\u003c\/td\u003e\n\u003ctd\u003e34\u003c\/td\u003e\n\u003ctd\u003e36\u003c\/td\u003e\n\u003ctd\u003e38\u003c\/td\u003e\n\u003ctd\u003e40\u003c\/td\u003e\n\u003ctd\u003e42\u003c\/td\u003e\n\u003ctd\u003e44\u003c\/td\u003e\n                \u003c\/tr\u003e\n                \u003ctr\u003e\n                    \u003ctd\u003eUS\u003c\/td\u003e\n\u003ctd\u003e0\u003c\/td\u003e\n\u003ctd\u003e2\u003c\/td\u003e\n\u003ctd\u003e4\u003c\/td\u003e\n\u003ctd\u003e6\u003c\/td\u003e\n\u003ctd\u003e8\u003c\/td\u003e\n\u003ctd\u003e10\u003c\/td\u003e\n\u003ctd\u003e12\u003c\/td\u003e\n                \u003c\/tr\u003e\n                \u003ctr\u003e\n                    \u003ctd\u003eCHEST FIT (INCHES)\u003c\/td\u003e\n\u003ctd\u003e28\"\u003c\/td\u003e\n\u003ctd\u003e30\"\u003c\/td\u003e\n\u003ctd\u003e32\"\u003c\/td\u003e\n\u003ctd\u003e34\"\u003c\/td\u003e\n\u003ctd\u003e36\"\u003c\/td\u003e\n\u003ctd\u003e38\"\u003c\/td\u003e\n\u003ctd\u003e40\"\u003c\/td\u003e\n                \u003c\/tr\u003e\n                \u003ctr\u003e\n                    \u003ctd\u003eCHEST FIT (CM)\u003c\/td\u003e\n\u003ctd\u003e716\u003c\/td\u003e\n\u003ctd\u003e76\u003c\/td\u003e\n\u003ctd\u003e81\u003c\/td\u003e\n\u003ctd\u003e86\u003c\/td\u003e\n\u003ctd\u003e91.5\u003c\/td\u003e\n\u003ctd\u003e96.5\u003c\/td\u003e\n\u003ctd\u003e101.1\u003c\/td\u003e\n                \u003c\/tr\u003e\n                \u003ctr\u003e\n                    \u003ctd\u003eWAIST FIR (INCHES)\u003c\/td\u003e\n\u003ctd\u003e21\"\u003c\/td\u003e\n\u003ctd\u003e23\"\u003c\/td\u003e\n\u003ctd\u003e25\"\u003c\/td\u003e\n\u003ctd\u003e27\"\u003c\/td\u003e\n\u003ctd\u003e29\"\u003c\/td\u003e\n\u003ctd\u003e31\"\u003c\/td\u003e\n\u003ctd\u003e33\"\u003c\/td\u003e\n                \u003c\/tr\u003e\n                \u003ctr\u003e\n                    \u003ctd\u003eWAIST FIR (CM)\u003c\/td\u003e\n\u003ctd\u003e53.5\u003c\/td\u003e\n\u003ctd\u003e58.5\u003c\/td\u003e\n\u003ctd\u003e63.5\u003c\/td\u003e\n\u003ctd\u003e68.5\u003c\/td\u003e\n\u003ctd\u003e74\u003c\/td\u003e\n\u003ctd\u003e79\u003c\/td\u003e\n\u003ctd\u003e84\u003c\/td\u003e\n                \u003c\/tr\u003e\n                \u003ctr\u003e\n                    \u003ctd\u003eHIPS FIR (INCHES)\u003c\/td\u003e\n\u003ctd\u003e33\"\u003c\/td\u003e\n\u003ctd\u003e34\"\u003c\/td\u003e\n\u003ctd\u003e36\"\u003c\/td\u003e\n\u003ctd\u003e38\"\u003c\/td\u003e\n\u003ctd\u003e40\"\u003c\/td\u003e\n\u003ctd\u003e42\"\u003c\/td\u003e\n\u003ctd\u003e44\"\u003c\/td\u003e\n                \u003c\/tr\u003e\n                \u003ctr\u003e\n                    \u003ctd\u003eHIPS FIR (CM)\u003c\/td\u003e\n\u003ctd\u003e81.5\u003c\/td\u003e\n\u003ctd\u003e86.5\u003c\/td\u003e\n\u003ctd\u003e91.5\u003c\/td\u003e\n\u003ctd\u003e96.5\u003c\/td\u003e\n\u003ctd\u003e101\u003c\/td\u003e\n\u003ctd\u003e106.5\u003c\/td\u003e\n\u003ctd\u003e111.5\u003c\/td\u003e\n                \u003c\/tr\u003e\n                \u003ctr\u003e\n                    \u003ctd\u003eSKORT LENGTHS (SM)\u003c\/td\u003e\n\u003ctd\u003e36.5\u003c\/td\u003e\n\u003ctd\u003e38\u003c\/td\u003e\n\u003ctd\u003e39.5\u003c\/td\u003e\n\u003ctd\u003e41\u003c\/td\u003e\n\u003ctd\u003e42.5\u003c\/td\u003e\n\u003ctd\u003e44\u003c\/td\u003e\n\u003ctd\u003e45.5\u003c\/td\u003e\n                \u003c\/tr\u003e\n            \u003c\/table\u003e\n        \u003c\/div\u003e\n        \u003ch4 class=\"mb-15 text-center\"\u003eMen’s apparel sizing\u003c\/h4\u003e\n        \u003cdiv class=\"table-wrap\"\u003e\n            \u003ctable class=\"table-size-guide responsive-table table-center\"\u003e\n                \u003ctr\u003e\n                    \u003cth\u003eINTERNATIONAL\u003c\/th\u003e\n\u003cth\u003eXS\u003c\/th\u003e\n\u003cth\u003eS\u003c\/th\u003e\n\u003cth\u003eM\u003c\/th\u003e\n\u003cth\u003eL\u003c\/th\u003e\n\u003cth\u003eXL\u003c\/th\u003e\n\u003cth\u003eXXL\u003c\/th\u003e\n\u003cth\u003eXXXL\u003c\/th\u003e\n                \u003c\/tr\u003e\n                \u003ctr\u003e\n                    \u003ctd\u003eEUROPE\u003c\/td\u003e\n\u003ctd\u003e32\u003c\/td\u003e\n\u003ctd\u003e34\u003c\/td\u003e\n\u003ctd\u003e36\u003c\/td\u003e\n\u003ctd\u003e38\u003c\/td\u003e\n\u003ctd\u003e40\u003c\/td\u003e\n\u003ctd\u003e42\u003c\/td\u003e\n\u003ctd\u003e44\u003c\/td\u003e\n                \u003c\/tr\u003e\n                \u003ctr\u003e\n                    \u003ctd\u003eUS\u003c\/td\u003e\n\u003ctd\u003e0\u003c\/td\u003e\n\u003ctd\u003e2\u003c\/td\u003e\n\u003ctd\u003e4\u003c\/td\u003e\n\u003ctd\u003e6\u003c\/td\u003e\n\u003ctd\u003e8\u003c\/td\u003e\n\u003ctd\u003e10\u003c\/td\u003e\n\u003ctd\u003e12\u003c\/td\u003e\n                \u003c\/tr\u003e\n                \u003ctr\u003e\n                    \u003ctd\u003eCHEST FIT (INCHES)\u003c\/td\u003e\n\u003ctd\u003e33-35\"\u003c\/td\u003e\n\u003ctd\u003e36-38\"\u003c\/td\u003e\n\u003ctd\u003e39-41\"\u003c\/td\u003e\n\u003ctd\u003e42-44\"\u003c\/td\u003e\n\u003ctd\u003e45-47\"\u003c\/td\u003e\n\u003ctd\u003e48-50\"\u003c\/td\u003e\n\u003ctd\u003e51-53\"\u003c\/td\u003e\n                \u003c\/tr\u003e\n                \u003ctr\u003e\n                    \u003ctd\u003eCHEST FIT (CM)\u003c\/td\u003e\n\u003ctd\u003e84-89\u003c\/td\u003e\n\u003ctd\u003e91-97\u003c\/td\u003e\n\u003ctd\u003e88-104\u003c\/td\u003e\n\u003ctd\u003e107-112\u003c\/td\u003e\n\u003ctd\u003e114-119\u003c\/td\u003e\n\u003ctd\u003e122-127\u003c\/td\u003e\n\u003ctd\u003e129-134\u003c\/td\u003e\n                \u003c\/tr\u003e\n                \u003ctr\u003e\n                    \u003ctd\u003eWAIST FIR (INCHES)\u003c\/td\u003e\n\u003ctd\u003e28\"\u003c\/td\u003e\n\u003ctd\u003e30\"\u003c\/td\u003e\n\u003ctd\u003e32\"\u003c\/td\u003e\n\u003ctd\u003e34\"\u003c\/td\u003e\n\u003ctd\u003e36\"\u003c\/td\u003e\n\u003ctd\u003e38\"\u003c\/td\u003e\n\u003ctd\u003e40\"\u003c\/td\u003e\n                \u003c\/tr\u003e\n                \u003ctr\u003e\n                    \u003ctd\u003eWAIST FIR (CM)\u003c\/td\u003e\n\u003ctd\u003e71\u003c\/td\u003e\n\u003ctd\u003e76\u003c\/td\u003e\n\u003ctd\u003e81\u003c\/td\u003e\n\u003ctd\u003e86\u003c\/td\u003e\n\u003ctd\u003e91.5\u003c\/td\u003e\n\u003ctd\u003e96.5\u003c\/td\u003e\n\u003ctd\u003e101.5\u003c\/td\u003e\n                \u003c\/tr\u003e\n                \u003ctr\u003e\n                    \u003ctd\u003eSKORT LENGTHS (SM)\u003c\/td\u003e\n\u003ctd\u003e76\u003c\/td\u003e\n\u003ctd\u003e77.5\u003c\/td\u003e\n\u003ctd\u003e79\u003c\/td\u003e\n\u003ctd\u003e81\u003c\/td\u003e\n\u003ctd\u003e82.5\u003c\/td\u003e\n\u003ctd\u003e84\u003c\/td\u003e\n\u003ctd\u003e85.5\u003c\/td\u003e\n                \u003c\/tr\u003e\n            \u003c\/table\u003e\n        \u003c\/div\u003e\n    \u003c\/div\u003e\n    \u003cdiv class=\"col-12 col-md-3 pt-40\"\u003e\n        \u003cimg src=\"https:\/\/cdn.shopify.com\/s\/files\/1\/0026\/2956\/6516\/files\/size-guide.png?3075023775676419967\" alt=\"Size Guide\"\u003e\n        \u003cdiv class=\"mt-40 fs\"\u003e\n            \u003ch6 class=\"mb-0\"\u003eCHEST:\u003c\/h6\u003e\n            \u003cp class=\"m-0\"\u003eAround the fullest part of the neck, at the base.\u003c\/p\u003e\n            \u003ch6 class=\"mb-0\"\u003eWAIST:\u003c\/h6\u003e\n            \u003cp class=\"m-0\"\u003eAround the narrowest part of the waist.\u003c\/p\u003e\n            \u003ch6 class=\"mb-0\"\u003eHIPS:\u003c\/h6\u003e\n            \u003cp class=\"m-0\"\u003eAround the widest point of the hips.\u003c\/p\u003e\n            \u003ch6 class=\"mb-0\"\u003eSKORT LENGTHS:\u003c\/h6\u003e\n            \u003cp class=\"m-0\"\u003eFrom the crotch to the anklebone on the inside of the leg.\u003c\/p\u003e\n        \u003c\/div\u003e\n    \u003c\/div\u003e\n\u003c\/div\u003e","author":"Shopify API","created_at":"2019-07-01T09:11:59-04:00","updated_at":"2019-07-01T09:11:59-04:00","published_at":"2018-10-05T10:34:00-04:00","template_suffix":"","admin_graphql_api_id":"gid:\/\/shopify\/OnlineStorePage\/41255764061"},{"id":41255796829,"title":"Styles","shop_id":25462997085,"handle":"styles","body_html":"","author":"Shopify API","created_at":"2019-07-01T09:12:00-04:00","updated_at":"2019-07-01T09:12:00-04:00","published_at":"2018-10-05T10:35:00-04:00","template_suffix":"styles","admin_graphql_api_id":"gid:\/\/shopify\/OnlineStorePage\/41255796829"},{"id":41255829597,"title":"Wish List","shop_id":25462997085,"handle":"wish-list","body_html":"","author":"Shopify API","created_at":"2019-07-01T09:12:02-04:00","updated_at":"2019-07-01T09:12:02-04:00","published_at":"2018-10-05T10:35:00-04:00","template_suffix":"wishlist","admin_graphql_api_id":"gid:\/\/shopify\/OnlineStorePage\/41255829597"}]}