{"blogs":[{"id":32982401105,"handle":"article","title":"Article","updated_at":"2019-09-11T09:40:00-04:00","commentable":"no","feedburner":null,"feedburner_location":null,"created_at":"2019-09-11T09:40:00-04:00","template_suffix":null,"tags":"","admin_graphql_api_id":"gid:\/\/shopify\/OnlineStoreBlog\/32982401105"},{"id":32982433873,"handle":"blog","title":"Blog","updated_at":"2019-10-04T11:52:57-04:00","commentable":"no","feedburner":null,"feedburner_location":null,"created_at":"2019-09-11T09:40:00-04:00","template_suffix":null,"tags":"Vintage","admin_graphql_api_id":"gid:\/\/shopify\/OnlineStoreBlog\/32982433873"},{"id":32982597713,"handle":"masonry","title":"Masonry","updated_at":"2019-09-11T09:46:47-04:00","commentable":"moderate","feedburner":null,"feedburner_location":null,"created_at":"2019-09-11T09:46:35-04:00","template_suffix":null,"tags":"Beachwear, Winter, Sunglasses","admin_graphql_api_id":"gid:\/\/shopify\/OnlineStoreBlog\/32982597713"},{"id":32981680209,"handle":"news","title":"News","updated_at":"2019-09-11T09:47:09-04:00","commentable":"no","feedburner":null,"feedburner_location":null,"created_at":"2019-09-11T08:55:40-04:00","template_suffix":null,"tags":"Summer, Awesome, Nice, Cool","admin_graphql_api_id":"gid:\/\/shopify\/OnlineStoreBlog\/32981680209"}]}