{"blogs":[{"id":11943542836,"handle":"article","title":"Article","updated_at":"2018-10-04T19:42:09+03:00","commentable":"no","feedburner":null,"feedburner_location":null,"created_at":"2018-10-04T19:02:01+03:00","template_suffix":null,"tags":"","admin_graphql_api_id":"gid:\/\/shopify\/OnlineStoreBlog\/11943542836"},{"id":11943510068,"handle":"blog","title":"Blog","updated_at":"2019-10-03T10:36:55+03:00","commentable":"no","feedburner":null,"feedburner_location":null,"created_at":"2018-10-04T18:59:20+03:00","template_suffix":null,"tags":"Vintage, Blog","admin_graphql_api_id":"gid:\/\/shopify\/OnlineStoreBlog\/11943510068"},{"id":22012723252,"handle":"masonry","title":"Masonry","updated_at":"2019-10-03T10:37:11+03:00","commentable":"moderate","feedburner":"","feedburner_location":"","created_at":"2018-10-30T15:39:06+02:00","template_suffix":null,"tags":"Beachwear, Sunglasses, Winter, Masonry","admin_graphql_api_id":"gid:\/\/shopify\/OnlineStoreBlog\/22012723252"},{"id":10693345332,"handle":"news","title":"News","updated_at":"2019-10-03T10:37:36+03:00","commentable":"no","feedburner":"","feedburner_location":"","created_at":"2018-04-30T14:45:47+03:00","template_suffix":null,"tags":"Awesome, Summer, Cool, Nice, News","admin_graphql_api_id":"gid:\/\/shopify\/OnlineStoreBlog\/10693345332"}]}