{"last_tab":"","custom-sidebars":["Home Page Sidebar","Shop Single Sidebar"],"google-api-key":"AIzaSyAZwt6bwYVLVPBweZwpblV1ZWvuWWDYT_w&language=en","social-icon-enable":"1","social-identities":{"redux_repeater_data":[{"title":""},{"title":""},{"title":""},{"title":""},{"title":""},{"title":""},{"title":""}],"title":["Facebook","Twitter","Google+","Rss","Pinterest","Linkedin","Youtube"],"network":["fa-facebook","fa-twitter","fa-google-plus","fa-rss","fa-pinterest","fa-linkedin","fa-youtube"],"url":["#","#","#","#","#","#","#"]},"color-switcher":"","color-view":"","color-name":"","color":"","skin-sec-color":"","site-version":"default","site-version-default":"v1","site-version-modify":"book","site-layout":"wide","site-background-type":"","site-bar-bg":{"url":"","id":"","height":"","width":"","thumbnail":"","title":"","caption":"","alt":"","description":""},"site-bar-solid":"","site-bar-gradient":"","breadcrumb-enable":"1","header-top":"1","header-top-currency":"1","header-top-sec-menu":"1","header-search-area":"1","header-category-filter":"1","header-add-cart":"1","opt-logo":{"url":"http:\/\/www.ckthemes.com\/flipmart\/v6\/wp-content\/uploads\/sites\/7\/2017\/07\/logo.png","id":"670","height":"36","width":"139","thumbnail":"http:\/\/www.ckthemes.com\/flipmart\/v6\/wp-content\/uploads\/sites\/7\/2017\/07\/logo.png","title":"","caption":"","alt":"","description":""},"favicon":{"url":"","id":"","height":"","width":"","thumbnail":"","title":"","caption":"","alt":"","description":""},"iphone_icon":{"url":"","id":"","height":"","width":"","thumbnail":"","title":"","caption":"","alt":"","description":""},"iphone_icon_retina":{"url":"","id":"","height":"","width":"","thumbnail":"","title":"","caption":"","alt":"","description":""},"ipad_icon":{"url":"","id":"","height":"","width":"","thumbnail":"","title":"","caption":"","alt":"","description":""},"ipad_icon_retina":{"url":"","id":"","height":"","width":"","thumbnail":"","title":"","caption":"","alt":"","description":""},"payments-method":{"redux_repeater_data":[{"title":""},{"title":""},{"title":""},{"title":""}],"payment-method-logo":[{"url":"http:\/\/www.ckthemes.com\/flipmart\/v3\/wp-content\/uploads\/sites\/3\/2017\/04\/1.png","id":"17","height":"28","width":"45","thumbnail":"http:\/\/www.ckthemes.com\/flipmart\/v3\/wp-content\/uploads\/sites\/3\/2017\/04\/1.png","title":"","caption":"","alt":"","description":""},{"url":"http:\/\/www.ckthemes.com\/flipmart\/v3\/wp-content\/uploads\/sites\/3\/2017\/04\/2.png","id":"18","height":"28","width":"45","thumbnail":"http:\/\/www.ckthemes.com\/flipmart\/v3\/wp-content\/uploads\/sites\/3\/2017\/04\/2.png","title":"","caption":"","alt":"","description":""},{"url":"http:\/\/www.ckthemes.com\/flipmart\/v3\/wp-content\/uploads\/sites\/3\/2017\/04\/3.png","id":"19","height":"28","width":"45","thumbnail":"http:\/\/www.ckthemes.com\/flipmart\/v3\/wp-content\/uploads\/sites\/3\/2017\/04\/3.png","title":"","caption":"","alt":"","description":""},{"url":"http:\/\/www.ckthemes.com\/flipmart\/v3\/wp-content\/uploads\/sites\/3\/2017\/04\/4.png","id":"20","height":"28","width":"46","thumbnail":"http:\/\/www.ckthemes.com\/flipmart\/v3\/wp-content\/uploads\/sites\/3\/2017\/04\/4.png","title":"","caption":"","alt":"","description":""}],"payment-method-link":["#","#","#","#"]},"footer-copyright":"","page-opt-enable-global":"off","page-opt-sidebar":"","page-opt-sidebar-position":"right","blog-enable-global":"1","blog-sidebar":"primary","blog-sidebar-position":"right","blog-single-enable-global":"1","blog-single-sidebar":"primary","blog-single-sidebar-position":"right","blog-archive-enable-global":"1","blog-archive-sidebar":"primary","blog-archive-sidebar-position":"right","blog-search-enable-global":"1","search-sidebar":"primary","search-sidebar-position":"right","shop-enable-global":"1","shop-sidebar":"woocommerce","shop-sidebar-position":"left","product-enable-global":"1","product-sidebar":"shop-single-sidebar","product-sidebar-position":"left","body_typography":{"font-family":"PT Sans","font-options":"","google":"1","font-weight":"400","font-style":"","subsets":"","font-size":"13px","line-height":"1.5","letter-spacing":"0","color":"#747474"},"h1_typography":{"font-family":"Antic Slab","font-options":"","google":"1","font-weight":"400","font-style":"","subsets":"","font-size":"34px","line-height":"1.4","letter-spacing":"0","color":"#333333"},"h2_typography":{"font-family":"Antic Slab","font-options":"","google":"1","font-weight":"400","font-style":"","subsets":"","font-size":"18px","line-height":"1.5","letter-spacing":"0","color":"#333333"},"h3_typography":{"font-family":"Antic Slab","font-options":"","google":"1","font-weight":"400","font-style":"","subsets":"","font-size":"16px","line-height":"1.5","letter-spacing":"0","color":"#333333"},"h4_typography":{"font-family":"Antic Slab","font-options":"","google":"1","font-weight":"400","font-style":"","subsets":"","font-size":"13px","line-height":"1.5","letter-spacing":"0","color":"#333333"},"h5_typography":{"font-family":"Antic Slab","font-options":"","google":"1","font-weight":"400","font-style":"","subsets":"","font-size":"12px","line-height":"1.5","letter-spacing":"0","color":"#333333"},"h6_typography":{"font-family":"Antic Slab","font-options":"","google":"1","font-weight":"400","font-style":"","subsets":"","font-size":"11px","line-height":"1.5","letter-spacing":"0","color":"#333333"},"adds_google_font":{"font-family":"","font-options":"","google":"1","subsets":""},"adds_google_font_2":{"font-family":"","font-options":"","google":"1","subsets":""},"adds_google_font_3":{"font-family":"","font-options":"","google":"1","subsets":""},"blog-animation":"fadeInUp","blog-delay":"100","post-social-share":"1","blog-author-box":"1","blog-single-animation":"fadeInUp","blog-single-delay":"100","excerpt-by":"words","excerpt-length":"30","excerpt-ellipsis":"\u2026","excerpt-before":"<p>","excerpt-after":"<\/p>","excerpt-readmore":"1","excerpt-readmore-txt":"\u0627\u0642\u0631\u0623 \u0623\u0643\u062b\u0631","shop-layout":"grid","shop-column":"3","shop-limit":"12","top-bar":"1","shop-filter":"1","shop-pagination":"1","shop-sale-banner":"1","shop-banner":{"url":"http:\/\/www.ckthemes.com\/flipmart\/v6\/wp-content\/uploads\/sites\/7\/2017\/07\/cat-banner-1.jpg","id":"671","height":"361","width":"850","thumbnail":"http:\/\/www.ckthemes.com\/flipmart\/v6\/wp-content\/uploads\/sites\/7\/2017\/07\/cat-banner-1-150x150.jpg","title":"","caption":"","alt":"","description":""},"shop-banner-heading":"\u062e\u0635\u0645 \u0643\u0628\u064a\u0631","shop-banner-sub-heading":"\u0648\u0641\u0631 \u062d\u062a\u0649 49\u066a \u062e\u0635\u0645","shop-banner-content":"\u0644\u0648\u0631\u064a\u0645 \u0625\u064a\u0628\u0633\u0648\u0645 \u062f\u0648\u0644\u0648\u0631 \u0633\u064a\u062a \u0623\u0645\u064a\u062a\u060c \u0643\u0648\u0646\u0633\u0643\u062a\u064a\u062a\u0648\u0631 \u0623\u062f\u064a\u0628\u064a\u0633\u0634\u064a\u0646\u063a \u0625\u0644\u064a\u062a","shop-quick-view":"1","sale-tag":"1","sale-tag-text":"\u062a\u062e\u0641\u064a\u0636 \u0627\u0644\u0633\u0639\u0631","new-tag":"1","new-tag-text":"\u0627\u0644\u062c\u062f\u064a\u062f","hot-tag":"1","hot-tag-text":"\u0627\u0644\u062d\u0627\u0631","stock-tag":"1","stock-tag-text":"\u0625\u0646\u062a\u0647\u0649 \u0645\u0646 \u0627\u0644\u0645\u062e\u0632\u0646","product-content-animation":"fadeInUp","product-content-delay":"","product-tab":"1","product-tab-animation":"fadeInUp","product-tab-delay":"100","product-related":"1","product-rel-limit":"8","product-related-animation":"fadeInUp","product-related-delay":"200","product-sell":"1","product-sell-limit":"8","product-sell-animation":"fadeInUp","product-sell-delay":"300","product-cross":"1","product-cross-limit":"8","page-404-title":"404","page-404-subtitle":"\u0648\u062c\u0647 \u0627\u0644\u0641\u062a\u0627\u0629! \u0627\u0644\u0635\u0641\u062d\u0629 \u0627\u0644\u062a\u064a \u0643\u0646\u062a \u062a\u0628\u062d\u062b \u0639\u0646\u0647\u0627 \u060c \u0644\u0627 \u064a\u0645\u0643\u0646 \u0627\u0644\u0639\u062b\u0648\u0631 \u0639\u0644\u064a\u0647\u0627.","page-404-body":"\u062c\u0631\u0650\u0651\u0628 \u0627\u0644\u0628\u062d\u062b \u0623\u062f\u0646\u0627\u0647 \u0644\u0644\u0639\u062b\u0648\u0631 \u0639\u0644\u0649 \u0635\u0641\u062d\u0627\u062a \u0645\u0637\u0627\u0628\u0642\u0629:","error-404-enable-search":"on","error-404-search-title":"\u0628\u062d\u062b..","page-404-search-btn":"\u0627\u0630\u0647\u0628","page-404-back-btn":"\u0627\u0644\u0630\u0647\u0627\u0628 \u0625\u0644\u0649 \u0627\u0644\u0635\u0641\u062d\u0629 \u0627\u0644\u0631\u0626\u064a\u0633\u064a\u0629","enable-translation":"1","tr-blog-comment":"\u062a\u0639\u0644\u064a\u0642","tr-blog-comments":"\u062a\u0639\u0644\u064a\u0642\u0627\u062a","tr-blog-comment-off":"\u062a\u0639\u0644\u064a\u0642 \u0625\u064a\u0642\u0627\u0641","tr-blog-comment-reply":"\u0627\u0644\u0631\u062f","tr-blog-search":"\u0628\u062d\u062b..","tr-blog-search-result":"\u0646\u062a\u064a\u062c\u0629 \u0627\u0644\u0628\u062d\u062b %s","search-result-limit":"12","google_analytics":"","space_head":"","space_body":"","clear-static-files":"0","dynamic_css":"0","dynamic_css_compiler":"1","dynamic_css_db_caching":"0","cache_server_ip":"","custom_css":"","product-qr-code":true,"redux-backup":"1"}