[{"name":"theme_info","theme_name":"Shella","theme_version":"4.1.0","theme_author":"MPIthemes","theme_documentation_url":"https:\/\/mpthemes.net\/shella-shopify-theme\/documentation-version4\/","theme_support_url":"https:\/\/mpithemes.ticksy.com"},{"name":"Quick Start","settings":[{"type":"header","content":"Thank you!"},{"type":"paragraph","content":"Thank you for using the Shella theme. It has a lot of features and options. Shella gives you the power to configure your store in a countless number of ways. With great power comes great responsibility. Be ready to spend a bit more time to become familiar with Shella power."},{"type":"header","content":"How to find an option?"},{"type":"paragraph","content":"Start at Theme settings. You are currently at Theme settings, review it below."},{"type":"paragraph","content":"Continue with Sections. There are multiple types of sections."},{"type":"paragraph","content":"a) Dynamic sections - you can add or remove sections for the Home page, e.g.: Builder, Product carousel, Collections, One product. If you need any additional section, please go to Sections -> Add section."},{"type":"paragraph","content":"b) Static sections - they are store-wide, e.g.: Header and Footer. Go to the Sections tab."},{"type":"paragraph","content":"c) Static sections per page - unique features per page type, e.g.: 'Product Page' and 'Related product carousel' sections for product pages or 'Sidebar' and 'Head' sections for collection pages. !!! _Navigate to page_ !!! and check the Sections tab."},{"type":"paragraph","content":"Please note, the list of sections in the Sections tab will be different depending on the current page. You can navigate to a needed page via store preview or using Shopify page type switcher. Please check the [Sections and theme settings](https:\/\/help.shopify.com\/en\/manual\/using-themes\/change-the-layout\/theme-settings\/sections-and-settings) Shopify help page for more details."},{"type":"header","content":"Change text"},{"type":"paragraph","content":"If you want to change a text of any button, checkbox, etc, go to Theme actions -> Edit languages."},{"type":"header","content":"Resources"},{"type":"paragraph","content":"[Shopify help pages](https:\/\/help.shopify.com\/en\/manual\/intro-to-shopify\/initial-setup\/setup-getting-started)"},{"type":"paragraph","content":"[Shella FAQ](https:\/\/mpithemes.ticksy.com\/article\/14827)"},{"type":"paragraph","content":"[Shella video manual list](https:\/\/www.youtube.com\/watch?v=fVlTsCPVKRo&list=PLj-506KaR_vcQjwcpC6yII-1JY0bSj7df&index=2&t=0s)"},{"type":"paragraph","content":"[Shella user manual](https:\/\/mpthemes.net\/shella-shopify-theme\/documentation-version4\/)"},{"type":"header","content":"Support"},{"type":"paragraph","content":"[Create a new ticket](https:\/\/mpithemes.ticksy.com)"},{"type":"paragraph","content":"Please note, the response time can be up to 1 business day. Theme support does not include Customization services, Installation services."},{"type":"header","content":"Do You Like Shella?"},{"type":"paragraph","content":"If you like our theme, please support us with a five stars review at [ThemeForest](https:\/\/themeforest.net\/item\/shella-ultimate-fashion-responsive-shopify-theme\/22804833). Thank you :)"}]},{"name":"License","settings":[{"type":"text","id":"purchase_code","label":"Purchase code","info":"You can find a purchase code at your themeforest.net account at the [download](https:\/\/themeforest.net\/downloads) section."},{"type":"checkbox","id":"presentation_enable","label":"Enable a gear wheel popup (Presentation mode)","default":true,"info":"Untick this option in real store. This option is only for the demo store."},{"type":"header","content":"Info"},{"type":"paragraph","content":"Check [Activate Theme](https:\/\/mpthemes.net\/shella-shopify-theme\/documentation-version4\/doc01-get-started.php#activate-theme) section at the documentation for more details."}]},{"name":"Logo & Favicon","settings":[{"type":"paragraph","content":"Select 'Image' if you want to use and download images for logo. Or if you use 'SVG', replace the code in the logo file with yours."},{"type":"select","id":"logo_types","label":"Logo types","default":"svg","options":[{"value":"svg","label":"SVG"},{"value":"image","label":"Image"}]},{"type":"header","content":"Main logo"},{"type":"text","id":"logo_svg_file","label":"Logo file name","info":"Path: snippets\/[svg-file-name].liquid","default":"svg-logo"},{"type":"image_picker","id":"logo_image","label":"Logo image","info":"Recommended size 64x27 pixels"},{"type":"range","id":"logo_width","min":50,"max":250,"step":2,"unit":"px","label":"Logo width","default":64},{"type":"header","content":"Mobile header logo"},{"type":"text","id":"logo_mobile_svg_file","label":"Mobile logo file name","info":"Path: snippets\/[svg-file-name].liquid","default":"svg-logo-mobile"},{"type":"image_picker","id":"logo_mobile_image","label":"Mobile logo image","info":"Recommended size 34x27 pixels"},{"type":"range","id":"logo_mobile_width","min":20,"max":220,"step":2,"unit":"px","label":"Mobile logo width","default":34},{"type":"header","content":"Sticky header logo"},{"type":"text","id":"logo_sticky_svg_file","label":"Sticky logo file name","info":"Path: snippets\/[svg-file-name].liquid","default":"svg-logo-sticky"},{"type":"image_picker","id":"logo_sticky_image","label":"Sticky logo image","info":"Recommended size 34x27 pixels"},{"type":"range","id":"logo_sticky_width","min":20,"max":220,"step":2,"unit":"px","label":"Sticky logo width","default":34},{"type":"header","content":"Footer logo"},{"type":"text","id":"logo_footer_svg_file","label":"Footer logo file name","info":"Path: snippets\/[svg-file-name].liquid"},{"type":"image_picker","id":"logo_footer_image","label":"Footer logo image","info":"Recommended size 64x27 pixels"},{"type":"range","id":"logo_footer_width","min":50,"max":250,"step":2,"unit":"px","label":"Footer logo width","default":64},{"type":"header","content":"Mobile footer logo"},{"type":"text","id":"logo_footer_mobile_svg_file","label":"Mobile footer logo file name","info":"Path: snippets\/[svg-file-name].liquid"},{"type":"image_picker","id":"logo_footer_mobile_image","label":"Mobile footer logo image","info":"Recommended size 64x27 pixels"},{"type":"range","id":"logo_footer_mobile_width","min":20,"max":220,"step":2,"unit":"px","label":"Mobile footer width","default":64},{"type":"header","content":"Favicon"},{"type":"image_picker","id":"favicon","label":"Favicon image","info":"Recommended size 32x32 pixels"},{"type":"header","content":"User manual"},{"type":"paragraph","content":"[Logo & Favicon](https:\/\/mpthemes.net\/shella-shopify-theme\/documentation-version4\/doc07-03-theme-settings-logo-icon.php#logo-icon)"}]},{"name":"Layout","settings":[{"type":"select","id":"layout_container","label":"Default content width","info":"Applies to header, footer and home page sections. You can overwrite this option at section options.","default":"fullwidth","options":[{"value":"fullwidth","label":"Full width"},{"value":"boxed","label":"Boxed"}]},{"type":"checkbox","id":"layout_show_breadcrumbs","label":"Show breadcrumbs","default":true},{"type":"select","id":"layout_pagination_type","label":"Pagination type","info":"Infinite scroll - loads next page content when you scroll to the end of the page. Load more - shows load more button at the end of the page. Classic - shows the list of pages with previous and next links. Applies to collection page and articles list page.","default":"button_load_more","options":[{"value":"button_load_more","label":"Button 'Load more'"},{"value":"infinite_scroll","label":"Infinite scroll"},{"value":"classic","label":"Classic"},{"value":"centered_classic","label":"Centered classic"}]},{"type":"checkbox","id":"layout_enable_rtl","label":"Enable RTL","info":"Enable right to left text mode. You may need to switch language at Theme actions -> Edit languages.","default":false},{"type":"checkbox","id":"layout_images_lazyload","label":"Enable images lazyload","info":"Highly recommended option for page speed optimization.","default":true},{"type":"select","id":"layout_settings_file","label":"Layout settings file","default":"default","options":[{"value":"default","label":"Default"},{"value":"skin-1","label":"Skin #1"},{"value":"skin-2","label":"Skin #2"},{"value":"skin-3","label":"Skin #3"},{"value":"skin-4","label":"Skin #4"},{"value":"skin-5","label":"Skin #5"},{"value":"skin-6","label":"Skin #6"},{"value":"skin-7","label":"Skin #7"},{"value":"skin-8","label":"Skin #8"},{"value":"skin-9","label":"Skin #9"},{"value":"skin-10","label":"Skin #10"},{"value":"skin-11","label":"Skin #11"}]},{"type":"header","content":"User manual"},{"type":"paragraph","content":"[Layout](https:\/\/mpthemes.net\/shella-shopify-theme\/documentation-version4\/doc07-04-theme-settings-layout.php#layout)"}]},{"name":"Colors","settings":[{"type":"select","id":"color_skin","label":"Skin","default":"default","options":[{"value":"default","label":"Default"},{"value":"skin-1","label":"Skin #1"},{"value":"skin-2","label":"Skin #2"},{"value":"skin-3","label":"Skin #3"},{"value":"skin-4","label":"Skin #4"},{"value":"skin-5","label":"Skin #5"},{"value":"skin-6","label":"Skin #6"},{"value":"skin-7","label":"Skin #7"},{"value":"skin-8","label":"Skin #8"},{"value":"skin-9","label":"Skin #9"},{"value":"skin-10","label":"Skin #10"},{"value":"skin-11","label":"Skin #11"}]},{"type":"header","content":"Paint palette"},{"type":"paragraph","content":"All other colors inherit this palette"},{"type":"color","id":"color_theme","label":"1) Base"},{"type":"color","id":"color_theme2","label":"2) Base background"},{"type":"color","id":"color_theme3","label":"3) Text"},{"type":"color","id":"color_theme4","label":"4) Additional background"},{"type":"color","id":"color_theme5","label":"5) Border"},{"type":"color","id":"color_theme6","label":"6) Icon"},{"type":"color","id":"color_theme7","label":"7) Success, In stock"},{"type":"color","id":"color_theme8","label":"8) Error, Sale"},{"type":"color","id":"color_theme9","label":"9) Label 'New'"},{"type":"color","id":"color_theme10","label":"10) Label 'Hot'"},{"type":"color","id":"color_theme11","label":"11) Dynamic checkout btn"},{"type":"header","content":"Body"},{"type":"color","id":"color_theme_primary","label":"Primary"},{"type":"color","id":"color_theme_body","label":"Background"},{"type":"header","content":"Typography"},{"type":"color","id":"color_theme_c","label":"Text"},{"type":"color","id":"color_theme_paragraph_c","label":"Paragraph"},{"type":"color","id":"color_theme_head_c","label":"Heading"},{"type":"color","id":"color_theme_link_c","label":"Link"},{"type":"color","id":"color_theme_link_act_c","label":"Active link (hover, active)"},{"type":"header","content":"User manual"},{"type":"paragraph","content":"[Colors](https:\/\/mpthemes.net\/shella-shopify-theme\/documentation-version4\/doc07-05-theme-settings-colors.php#colors)"}]},{"name":"Typography","settings":[{"type":"select","id":"typography_skin","label":"Skin","default":"default","options":[{"value":"default","label":"Default"},{"value":"skin-1","label":"Skin #1"},{"value":"skin-2","label":"Skin #2"},{"value":"skin-3","label":"Skin #3"},{"value":"skin-4","label":"Skin #4"},{"value":"skin-5","label":"Skin #5"},{"value":"skin-6","label":"Skin #6"},{"value":"skin-7","label":"Skin #7"},{"value":"skin-8","label":"Skin #8"},{"value":"skin-9","label":"Skin #9"},{"value":"skin-10","label":"Skin #10"},{"value":"skin-11","label":"Skin #11"}]},{"type":"header","content":"Body"},{"type":"font_picker","label":"Base font family","id":"font_base","default":"basic_commercial_n4"},{"type":"checkbox","id":"font_base_apply_to_all","label":"Apply font to all elements ignoring everything except alternate font","info":"Unclick if you want to choose a different font for headings, buttons, inputs or menu","default":true},{"type":"select","id":"font_base_type","label":"Load additional style","info":"For 'Base' font family","default":"none","options":[{"value":"none","label":"None"},{"value":"bold","label":"Bold"},{"value":"italic","label":"Italic"},{"value":"bold_n_italic","label":"Bold & italic"},{"value":"bold_italic","label":"Bold italic"},{"value":"all","label":"All"}]},{"type":"range","id":"font_size_body","min":10,"max":60,"step":1,"unit":"px","label":"Base font size","default":13},{"type":"header","content":"Heading"},{"type":"font_picker","label":"Font family","id":"font_heading","default":"basic_commercial_n4"},{"type":"select","id":"font_heading_type","label":"Load additional style","info":"For 'Heading' font family","default":"none","options":[{"value":"none","label":"None"},{"value":"bold","label":"Bold"},{"value":"italic","label":"Italic"},{"value":"bold_n_italic","label":"Bold & italic"},{"value":"bold_italic","label":"Bold italic"},{"value":"all","label":"All"}]},{"type":"range","id":"font_size_h1","min":10,"max":100,"step":1,"unit":"px","label":"Promo box large text size, h1","default":44},{"type":"range","id":"font_size_h2","min":10,"max":60,"step":1,"unit":"px","label":"Promo box text size, h2","default":32},{"type":"range","id":"font_size_h3","min":10,"max":60,"step":1,"unit":"px","label":"Page title size, h3","default":24},{"type":"range","id":"font_size_h4","min":10,"max":60,"step":1,"unit":"px","label":"Section title size, h4","default":18},{"type":"range","id":"font_size_h5","min":10,"max":60,"step":1,"unit":"px","label":"Menus title size, h5","default":15},{"type":"range","id":"font_size_h6","min":10,"max":60,"step":1,"unit":"px","label":"Highlighted text size, h6","default":13},{"type":"header","content":"Button & input"},{"type":"font_picker","label":"Button font family","id":"font_button","default":"basic_commercial_n4"},{"type":"range","id":"font_size_button","min":10,"max":60,"step":1,"unit":"px","label":"Button font size","default":13},{"type":"range","id":"font_size_input","min":10,"max":60,"step":1,"unit":"px","label":"Input font size","default":13},{"type":"header","content":"Menu"},{"type":"font_picker","label":"Font family","id":"font_menu","default":"basic_commercial_n4"},{"type":"range","id":"font_size_menu","min":10,"max":60,"step":1,"unit":"px","label":"First level font size","default":13},{"type":"range","id":"font_size_menu_list","min":10,"max":60,"step":1,"unit":"px","label":"List font size","info":"Dropdown, mega menu","default":13},{"type":"range","id":"font_size_menu_title","min":10,"max":60,"step":1,"unit":"px","label":"Title font size","info":"Mega menu","default":15},{"type":"range","id":"font_size_menu_mobile","min":10,"max":60,"step":1,"unit":"px","label":"Mobile menu font size","default":15},{"type":"header","content":"Alternative font family"},{"type":"paragraph","content":"You can add the class 'ff-alternative' to any element to apply this font family"},{"type":"checkbox","label":"Enable font family","id":"font_load_alternative","default":false},{"type":"font_picker","label":"Font family","id":"font_alternative","default":"basic_commercial_n4"},{"type":"select","id":"font_alternative_type","label":"Load additional style","info":"For 'Alternative' font family","default":"none","options":[{"value":"none","label":"None"},{"value":"bold","label":"Bold"},{"value":"italic","label":"Italic"},{"value":"bold_n_italic","label":"Bold & italic"},{"value":"bold_italic","label":"Bold italic"},{"value":"all","label":"All"}]},{"type":"header","content":"User manual"},{"type":"paragraph","content":"[Typography](https:\/\/mpthemes.net\/shella-shopify-theme\/documentation-version4\/doc07-06-theme-settings-typography.php#typography)"}]},{"name":"Collection Page","settings":[{"type":"header","content":"Sidebar"},{"type":"select","id":"collection_show_sidebar","label":"Visibility","default":"desktop_and_mobile","options":[{"value":"desktop_and_mobile","label":"Desktop and mobile"},{"value":"desktop","label":"Only desktop"},{"value":"hide","label":"Hide"}]},{"type":"select","id":"collection_sidebar_position","label":"Position","info":"Configure sidebar position to left or right. Or show the 'Filter' button with slide-out filters popup","default":"left","options":[{"value":"left","label":"Left"},{"value":"right","label":"Right"},{"value":"dropdown","label":"'Filter' button and popup"}]},{"type":"checkbox","id":"collection_enable_sticky","label":"Enable sticky sidebar","info":"Show sidebar on scroll","default":true},{"type":"select","id":"collection_tag_filters_logic","label":"Tag filters logic","info":"Uses a custom filter. OR - filter results include all products with 'tag1' or 'tag2'. AND - filter results include only products with both tags, 'tag1' and 'tag2'","default":"and","options":[{"value":"and","label":"AND (default Shopify logic)"},{"value":"or","label":"OR"}]},{"type":"checkbox","id":"collection_only_available","label":"Default 'Show only available'","info":"Uses a custom filter. Remove sold out products from filter results.","default":false},{"type":"header","content":"Other"},{"type":"checkbox","label":"Enable 'Full width head' section","id":"collection_enable_fullwidth_head_section","info":"Show collection banner after page header, before collection title and collection sidebar. To manage banners go to Collection pages -> Sections -> Full width head","default":false},{"type":"checkbox","label":"Enable 'Product carousel' section","id":"collection_enable_product_carousel_section","info":"Show product carousel at the bottom of the page, before footer. To manage section go to Collection pages -> Sections -> Product carousel","default":false},{"type":"text","id":"collection_builder_mode","label":"Collections for Banner Builder Mode","info":"Separator is '|'. Example: 'mens|womens'"},{"type":"header","content":"Filter limitation"},{"type":"paragraph","content":"Custom filters fetch products via AJAX and limited to 1000 products. This is a Shopify software limitation. Please check more information about this limit at [this post](https:\/\/community.shopify.com\/c\/Shopify-Design\/50-Product-limit-on-collections\/td-p\/204693)."},{"type":"paragraph","content":"If you want to use a default Shopify filter, use only 'tag' type filter blocks at the collection sidebar. Without any custom features, like logic 'OR' or 'Show only available'."},{"type":"header","content":"User manual"},{"type":"paragraph","content":"[Collection Page](https:\/\/mpthemes.net\/shella-shopify-theme\/documentation-version4\/doc07-07-theme-settings-collection-page.php#collection-page)"}]},{"name":"Product -> General","settings":[{"type":"paragraph","content":"Storewide product options"},{"type":"checkbox","id":"product_format_pjpg","label":"Enable format 'PJPG'","info":"Don't work with transparent images. Enable it for better page speed performance.","default":true},{"type":"checkbox","id":"product_show_review_loading","label":"Show 'Reviews loading...' text","info":"Show 'Reviews loading...' text while review app is loading product review data.","default":false},{"type":"select","id":"product_button_addtocart_size","label":"Button 'Add to cart' size","info":"Set button size. Applies to button at quick view popup and product info page.","default":"default","options":[{"value":"default","label":"Default"},{"value":"large","label":"Large"}]},{"type":"image_picker","id":"product_cursor","label":"Cursor image","info":"Replace the mouse cursor with the image on the product hover on the collection page."},{"type":"header","content":"User manual"},{"type":"paragraph","content":"[Product -> General](https:\/\/mpthemes.net\/shella-shopify-theme\/documentation-version4\/doc07-08-theme-settings-product-general.php#product-general)"}]},{"name":"Product -> Variants","settings":[{"type":"paragraph","content":"Configure the product variant design. You can show product options as 'Text', 'Large Text', 'Circle color', 'Circle image', 'Square color', 'Square image', or 'Select' - a dropdown list."},{"type":"header","content":"General"},{"type":"checkbox","id":"product_show_custom_options","label":"Enable advanced design for variants","default":true},{"type":"checkbox","id":"product_enable_variants_section","label":"Enable 'Product variants' global section for fine-tuning options","default":false},{"type":"checkbox","id":"product_hide_options_without_availability_variants","label":"Hide options without availability variants","info":"Hide out of stock variants. Or show product option as unavailable.","default":true},{"type":"select","id":"product_variant_auto_select","label":"Auto select variant","default":"enable","options":[{"value":"enable","label":"Enable"},{"value":"first","label":"Only first option selected"},{"value":"first_n_second","label":"First and second options selected"},{"value":"disable","label":"Disable"}]},{"type":"text","id":"product_auto_selected_options","label":"Auto selected options","info":"Separator is '|'. Example: Color|Size"},{"type":"checkbox","id":"product_variant_change_on_hover","label":"Change variants on hover","info":"Change product variant on the mouse over. Only for collection item","default":false},{"type":"select","id":"product_options_listing_visibility","label":"Visibility on listing","info":"Set number of options to show on collection page. 'Add to cart' button transforms to 'select options' button.","default":"all","options":[{"value":"all","label":"Show all options"},{"value":"1","label":"Show only first option"},{"value":"2","label":"Show first and second options"}]},{"type":"header","content":"Option types"},{"type":"paragraph","content":"Default custom options type is 'Text'"},{"type":"text","id":"product_options_type_circle_color","label":"Options type 'Circle color'","info":"Separator is '|'. Show product option as circle with color background. Option name should have a [CSS color value](https:\/\/www.w3schools.com\/cssref\/css_colors.asp). You can configure custom values at Sections -> Product Swatches","default":"Color|Colour"},{"type":"text","id":"product_options_type_circle_image","label":"Options type 'Circle image'","info":"Separator is '|'. Show product option as circle with image. You should configure images per each product variant."},{"type":"text","id":"product_options_type_square_color","label":"Options type 'Square color'","info":"Separator is '|'. Show product option as square with color background."},{"type":"text","id":"product_options_type_square_image","label":"Options type 'Square image'","info":"Separator is '|'. Show product option as square with image."},{"type":"text","id":"product_options_type_select","label":"Options type 'Select'","info":"Separator is '|'. Show product option as drop-down list."},{"type":"text","id":"product_options_type_large_text","label":"Options type 'Large text'","info":"Separator is '|'. Show option as bigger text."},{"type":"header","content":"Video manuals"},{"type":"paragraph","content":"[How to add product variants](https:\/\/www.youtube.com\/watch?v=TZJp8e7omi4)"},{"type":"paragraph","content":"[How to change swatches design](https:\/\/www.youtube.com\/watch?v=ZJemKevn-5k)"},{"type":"paragraph","content":"[How to configure custom colors](https:\/\/www.youtube.com\/watch?v=kXkKg-2s6TM)"},{"type":"paragraph","content":"[How to configure images](https:\/\/www.youtube.com\/watch?v=cYbFCOcYI04)"},{"type":"paragraph","content":"[How to configure custom images](https:\/\/www.youtube.com\/watch?v=eHgIS_aU0fc)"},{"type":"paragraph","content":"[How to configure color filter at the collection sidebar](https:\/\/www.youtube.com\/watch?v=JY_M57G3SYk)"},{"type":"header","content":"User manual"},{"type":"paragraph","content":"[Product -> Variants](https:\/\/mpthemes.net\/shella-shopify-theme\/documentation-version4\/doc07-09-theme-settings-product-variants.php#product-variants)"}]},{"name":"Product -> Collection Page","settings":[{"type":"header","content":"Image"},{"type":"range","id":"product_collection_image_height_percent","min":50,"max":150,"step":1,"label":"Image height (in % of the width)","info":"100 - square image. Less than 100 - landscape. More than 100 - portrait. Doesn't work for 'Image resize = Auto'.","default":128},{"type":"radio","id":"product_collection_image_size","label":"Image resize","default":"contain","options":[{"value":"auto","label":"Auto"},{"value":"contain","label":"Contain"},{"value":"cover","label":"Cover"},{"value":"stretch-by-width","label":"Stretch by width"},{"value":"stretch-by-height","label":"Stretch by height"}]},{"type":"paragraph","content":"Auto - if you choose this option, ignore the previous option of the image height (in % of the width). The image container and the image size are generated based on source image dimensions."},{"type":"paragraph","content":"Contain - CSS object-fit = contain. If you choose this option, the image will look like: [object-fit demo](https:\/\/developer.mozilla.org\/en-US\/docs\/Web\/CSS\/object-fit)."},{"type":"paragraph","content":"Cover - CSS object-fit = cover. If you choose this option, the image will look like [object-fit demo](https:\/\/developer.mozilla.org\/en-US\/docs\/Web\/CSS\/object-fit)."},{"type":"paragraph","content":"Stretch by width - in this option, the image width fits the container width. It is centered vertically. If the image height is more than the container, cut the image from the top and the bottom. If the image height is less than the container, add white space at the top and the bottom of the image."},{"type":"paragraph","content":"Stretch by height - in this option, the image height fits the container height. The image is centered horizontally."},{"type":"range","id":"product_collection_image_border_radius","min":0,"max":50,"step":1,"label":"Image border-radius","info":"Round image corners.","default":0},{"type":"checkbox","id":"product_replace_images_hover","label":"Show second images on hover","default":true,"info":"Show second product image on mouse over"},{"type":"header","content":"Labels"},{"type":"checkbox","id":"product_collection_show_label_in_stock","label":"Show label 'In stock'","default":false},{"type":"checkbox","id":"product_collection_show_label_out_stock","label":"Show label 'Out of stock'","default":true},{"type":"checkbox","id":"product_collection_show_label_sale","label":"Show label 'Sale'","default":true},{"type":"checkbox","id":"product_collection_show_label_new","label":"Show label 'New'","default":true},{"type":"checkbox","id":"product_collection_show_label_hot","label":"Show label 'Hot'","default":true},{"type":"header","content":"Elements"},{"type":"checkbox","id":"product_collection_centered_info","label":"Centered information","info":"Center product information under the image.","default":false},{"type":"select","id":"product_collection_more_info_type","label":"Show product type, vendor or collections before title","default":"vendor","options":[{"value":"type","label":"Product type"},{"value":"vendor","label":"Vendor"},{"value":"collections","label":"Collections"},{"value":"hide","label":"Hide"}]},{"type":"checkbox","id":"product_collection_show_title","label":"Show the product title","default":true},{"type":"checkbox","id":"product_collection_show_price","label":"Show the product price","default":true},{"type":"checkbox","id":"product_collection_show_button_quick_view","label":"Show button 'Quick view'","default":true},{"type":"checkbox","id":"product_collection_show_countdown","label":"Show countdown","default":true},{"type":"checkbox","id":"product_collection_show_images_navigation","label":"Show images navigation","default":true},{"type":"checkbox","id":"product_collection_show_options","label":"Show options (variants)","default":true},{"type":"checkbox","id":"product_collection_show_quantity","label":"Show quantity","default":false},{"type":"checkbox","id":"product_collection_show_button_add_to_cart","label":"Show button 'Add to cart'","default":true},{"type":"checkbox","id":"product_collection_show_button_add_to_wishlist","label":"Show button 'Add to wishlist'","default":true},{"type":"checkbox","id":"product_collection_show_button_add_to_compare","label":"Show button 'Add to compare'","default":true},{"type":"checkbox","id":"product_collection_show_reviews","label":"Show product reviews","info":"You have to install product reviews app. At our demo, we use a free [Product Reviews](https:\/\/apps.shopify.com\/product-reviews) app","default":true},{"type":"checkbox","id":"product_collection_hide_reviews_counter","label":"Hide reviews counter","default":true},{"type":"checkbox","id":"product_collection_hide_reviews_mobile_counter","label":"Hide reviews mobile counter","default":true},{"type":"checkbox","id":"product_collection_hide_empty_reviews","label":"Hide no reviews","info":"If product have zero reviews, hide the 'no reviews' text.","default":true},{"type":"header","content":"Elements for list mode"},{"type":"checkbox","id":"product_collection_show_sku","label":"Show SKU","default":true},{"type":"checkbox","id":"product_collection_show_barcode","label":"Show product barcode","default":false},{"type":"checkbox","id":"product_collection_show_availability","label":"Show product stock status","default":true},{"type":"checkbox","id":"product_collection_show_type","label":"Show product type","default":true},{"type":"checkbox","id":"product_collection_show_vendor","label":"Show product vendor","default":true},{"type":"checkbox","id":"product_collection_show_description","label":"Show description","default":true},{"type":"header","content":"User manual"},{"type":"paragraph","content":"[Product -> Collection Page](https:\/\/mpthemes.net\/shella-shopify-theme\/documentation-version4\/doc07-10-theme-settings-product-collections.php#product-collections)"}]},{"name":"Product Page & Quick View","settings":[{"type":"select","id":"product_info_layout","label":"Layout","default":"1","options":[{"value":"1","label":"1"},{"value":"2","label":"2"},{"value":"3","label":"3"},{"value":"4","label":"4"},{"value":"5","label":"5"}]},{"type":"header","content":"Gallery"},{"type":"checkbox","id":"product_info_show_arrows","label":"Arrows","default":true},{"type":"checkbox","id":"product_info_show_btn_fullscreen","label":"Show button 'Zoom'","default":true},{"type":"checkbox","id":"product_info_show_btn_video","label":"Show button 'Video'","default":true},{"type":"checkbox","id":"product_info_video_autoplay","label":"Enable autoplay video","default":true},{"type":"checkbox","id":"product_info_enable_zoom","label":"Enable zoom with mouse","default":true},{"type":"range","id":"product_info_gallery_height_percent","min":50,"max":150,"step":1,"label":"Gallery images height","info":"100 - square image. Less than 100 - landscape. More than 100 - portrait.","default":128},{"type":"header","content":"Labels"},{"type":"checkbox","id":"product_info_show_label_in_stock","label":"Show label 'In stock'","default":true},{"type":"checkbox","id":"product_info_show_label_out_stock","label":"Show label 'Out of stock'","default":true},{"type":"checkbox","id":"product_info_show_label_sale","label":"Show label 'Sale'","default":true},{"type":"checkbox","id":"product_info_show_label_new","label":"Show label 'New'","default":true},{"type":"checkbox","id":"product_info_show_label_hot","label":"Show label 'Hot'","default":true},{"type":"header","content":"Elements"},{"type":"checkbox","id":"product_info_show_collections","label":"Show the product's collections","default":true},{"type":"checkbox","id":"product_info_show_title","label":"Show the product title","default":true},{"type":"checkbox","id":"product_info_show_price","label":"Show the product price","default":true},{"type":"checkbox","id":"product_info_show_sale_details","label":"Show sale price details","default":true},{"type":"checkbox","id":"product_info_show_taxes","label":"Show taxes text","default":false},{"type":"checkbox","id":"product_info_show_sku","label":"Show product SKU","default":true},{"type":"checkbox","id":"product_info_show_barcode","label":"Show product barcode","default":true},{"type":"checkbox","id":"product_info_show_availability","label":"Show product stock status","default":true},{"type":"checkbox","id":"product_info_show_type","label":"Show product type","default":true},{"type":"checkbox","id":"product_info_show_vendor","label":"Show product vendor","default":true},{"type":"checkbox","id":"product_info_show_reviews","label":"Show product reviews","info":"You have to install product reviews app. At our demo, we use a free [Product Reviews](https:\/\/apps.shopify.com\/product-reviews) app","default":true},{"type":"checkbox","id":"product_info_hide_reviews_counter","label":"Hide reviews counter","default":false},{"type":"checkbox","id":"product_info_hide_empty_reviews","label":"Hide no reviews","info":"If product have zero reviews, hide the 'no reviews' text.","default":true},{"type":"checkbox","id":"product_info_show_countdown","label":"Show countdown","default":true},{"type":"checkbox","id":"product_info_show_options","label":"Show options (variants)","default":true},{"type":"checkbox","id":"product_info_show_quantity","label":"Show quantity","default":true},{"type":"checkbox","id":"product_info_show_notes","label":"Show notes","default":false},{"type":"checkbox","id":"product_info_show_size_guide","label":"Show button 'Size guide'","default":true},{"type":"page","id":"product_info_size_guide_page_content","label":"Content for 'Size guide'","info":"Default page: 'Include Popup Size Guide'"},{"type":"checkbox","id":"product_info_show_delivery_return","label":"Show button 'Delivery return","default":true},{"type":"page","id":"product_info_delivery_return_page_content","label":"Content for 'Delivery return'","info":"Default page: 'Include Popup Delivery Return'"},{"type":"select","id":"product_info_button_layout","label":"Buttons layout","default":"1","options":[{"value":"1","label":"1"},{"value":"2","label":"2"}]},{"type":"checkbox","id":"product_info_show_button_add_to_cart","label":"Show button 'Add to cart'","default":true},{"type":"checkbox","id":"product_info_show_button_add_to_wishlist","label":"Show button 'Add to wishlist'","default":true},{"type":"checkbox","id":"product_info_show_button_add_to_compare","label":"Show button 'Add to compare'","default":true},{"type":"checkbox","id":"product_info_show_payments","label":"Show payments","default":true},{"type":"select","id":"product_info_payments_type","label":"Payment icons type","default":"dark","options":[{"value":"dark","label":"Dark"},{"value":"light","label":"Light"}]},{"type":"checkbox","id":"product_info_show_social_share_buttons","label":"Show social share buttons","default":false},{"type":"select","id":"product_info_social_share_buttons_type","label":"Social share buttons type","default":"1","options":[{"value":"1","label":"Small"},{"value":"2","label":"Large"}]},{"type":"header","content":"Product page only"},{"type":"checkbox","id":"product_info_page_enable_sticky_gallery","label":"Enable sticky gallery","default":true},{"type":"checkbox","id":"product_info_page_show_button_dynamic_checkout","label":"Show dynamic checkout button","default":true},{"type":"checkbox","id":"product_info_page_show_dynamic_checkout_confirmation","label":"Show dynamic checkout confirmation","default":true},{"type":"checkbox","id":"product_info_page_styled_dynamic_checkout","label":"Custom style for dynamic checkout button","default":true},{"type":"checkbox","id":"product_info_page_show_related_products","label":"Show 'Related products' section","default":true},{"type":"checkbox","id":"product_info_page_show_usage_info_sidebar","label":"Show 'Usage information sidebar' section","default":true},{"type":"header","content":"Sidebar on product page"},{"type":"select","id":"product_info_page_sidebar","label":"Sidebar position","info":"Settings for the sidebar in the Product pages -> Sections -> 'Product page' section","default":"off","options":[{"value":"off","label":"Off"},{"value":"left","label":"Left"},{"value":"right","label":"Right"}]},{"type":"checkbox","id":"product_info_page_enable_sticky_sidebar","label":"Enable sticky sidebar","default":true},{"type":"header","content":"Footbar on product page"},{"type":"checkbox","id":"product_footbar_enable","label":"Enable footbar","default":true},{"type":"checkbox","id":"product_footbar_show_title","label":"Show the product title","default":true},{"type":"checkbox","id":"product_footbar_show_price","label":"Show the product price","default":true},{"type":"checkbox","id":"product_footbar_show_reviews","label":"Show product reviews","info":"You have to install product reviews app. At our demo, we use a free [Product Reviews](https:\/\/apps.shopify.com\/product-reviews) app","default":true},{"type":"checkbox","id":"product_footbar_show_options","label":"Show options (variants)","default":true},{"type":"checkbox","id":"product_footbar_show_quantity","label":"Show quantity","default":true},{"type":"checkbox","id":"product_footbar_show_button_add_to_cart","label":"Show button 'Add to cart'","default":true},{"type":"header","content":"Quick view only"},{"type":"checkbox","id":"product_info_quick_show_full_details","label":"Show full details button","default":true},{"type":"header","content":"Stock countdown"},{"type":"checkbox","id":"product_info_show_stock_countdown","label":"Show stock countdown","default":false},{"type":"checkbox","id":"product_info_show_stock_countdown_range","label":"Show range of stock countdown","default":true},{"type":"range","id":"product_stock_countdown_min","min":1,"max":20,"step":1,"label":"Stock countdown min value","info":"Set the boundary value for 'Hurry! Only XX Left in Stock!'","default":10},{"type":"header","content":"Delivery countdown"},{"type":"checkbox","id":"product_info_show_text_countdown","label":"Show text countdown","default":false},{"type":"paragraph","content":"Configure options for 'Order in the next XX hours to get it by YY date' block"},{"type":"range","id":"product_text_countdown_reset_time","min":0,"max":23,"step":1,"label":"Hours of the day to reset delivery countdown","default":2},{"type":"range","id":"product_text_countdown_delivery_time","min":0,"max":30,"step":1,"label":"Average delivery time of delivery countdown (days)","default":3},{"type":"text","id":"product_text_countdown_delivery_format","label":"Format of delivery countdown date","default":"Day DD\/MM\/YYYY"},{"type":"text","id":"product_text_countdown_delivery_excludes","label":"Exclude days of the week","info":"Example (excluded weekend): Saturday, Sunday","default":"Saturday, Sunday"},{"type":"header","content":"Visitors"},{"type":"checkbox","id":"product_info_show_visitors","label":"Show real time visitors","default":false},{"type":"paragraph","content":"Configure options for 'Real time XX visitor right now'"},{"type":"range","id":"product_visitors_min","min":1,"max":50,"step":1,"label":"Visitors min value","default":10},{"type":"range","id":"product_visitors_max","min":1,"max":50,"step":1,"label":"Visitors max value","default":25},{"type":"range","id":"product_visitors_stroke","min":1,"max":20,"step":1,"label":"Visitors max value stroke","default":4},{"type":"range","id":"product_visitors_interval_min","min":1,"max":10,"step":1,"label":"Visitors min update interval","default":2},{"type":"range","id":"product_visitors_interval_max","min":1,"max":10,"step":1,"label":"Visitors max update interval","default":6},{"type":"header","content":"User manual"},{"type":"paragraph","content":"[Product Page & Quick View](https:\/\/mpthemes.net\/shella-shopify-theme\/documentation-version4\/doc07-11-theme-settings-product-page.php#product-info-quick-view)"}]},{"name":"Search","settings":[{"type":"checkbox","id":"search_show","label":"Show search in header and navigation popup","default":true},{"type":"checkbox","id":"search_show_only_products","info":"Remove pages and blog articles from search results.","label":"Show only products"},{"type":"checkbox","id":"search_ajax","label":"Show result on the fly without going to the search page (AJAX)","default":true},{"type":"header","content":"User manual"},{"type":"paragraph","content":"[Search](https:\/\/mpthemes.net\/shella-shopify-theme\/documentation-version4\/doc07-12-theme-settings-search.php#search)"}]},{"name":"Currency","settings":[{"type":"header","content":"Currency"},{"type":"paragraph","content":"By default theme shows currencies configured at [Shopify Payments](https:\/\/help.shopify.com\/en\/manual\/payments\/shopify-payments\/multi-currency). If you want to show unsupported currencies by Shopify Payments - enable the info currency conversion below."},{"type":"checkbox","id":"price_show_sale_separator","label":"Show sale price separator 'from'. Example: 120$ from 100$","default":false},{"type":"header","content":"Info currency"},{"type":"paragraph","content":"To offer multiple currencies on your online store, you must first [edit your store's currency formatting](https:\/\/mpthemes.net\/shella-shopify-theme\/documentation-version4\/doc01-get-started.php#store-settings)."},{"type":"checkbox","id":"show_multiple_currencies","label":"Enable legacy method of the currency conversion","default":false,"info":"Even though prices are displayed in different currencies, orders will still be processed in your store's currency."},{"type":"select","id":"currency_format","label":"Format","default":"money_with_currency_format","options":[{"value":"money_format","label":"Without currency ($10.00)"},{"value":"money_with_currency_format","label":"With currency ($10.00 CAD)"}]},{"type":"text","id":"supported_currencies","label":"Supported","default":"USD EUR GBP","info":"Use the country's ISO [currency code](http:\/\/www.xe.com\/iso4217.php). Separate your currency codes with a space."},{"type":"text","id":"supported_currencies_short_names","label":"Short names","default":"US($)|UE(€)|BP(£)","info":"Separator is '|'"},{"type":"text","id":"supported_currencies_full_names","label":"Full names","default":"USD - US Dollar|EUR - Euro|GBP - British Pound","info":"Separator is '|'"},{"type":"text","id":"default_currency","label":"Default","default":"USD"},{"type":"header","content":"User manual"},{"type":"paragraph","content":"[Currency](https:\/\/mpthemes.net\/shella-shopify-theme\/documentation-version4\/doc07-13-theme-settings-currency.php#currency)"}]},{"name":"Cart","settings":[{"type":"header","content":"General"},{"type":"checkbox","id":"cart_show_header_button","label":"Show header button","default":true},{"type":"checkbox","id":"cart_popup_enable","label":"Enable popup","default":true},{"type":"checkbox","id":"cart_ajax","label":"Add to cart and stay on the page (AJAX)","info":"Untick to redirect to the cart page.","default":true},{"type":"text","id":"cart_icon","label":"Icon for a 'Cart' button","info":"default: icon-theme-109"},{"type":"header","content":"Cart page"},{"type":"checkbox","id":"cart_show_vendor","label":"Show product vendor","default":false},{"type":"checkbox","id":"cart_show_notes","label":"Show notes on sidebar","default":true},{"type":"header","content":"Free shipping progress bar"},{"type":"checkbox","id":"cart_show_free_shipping","label":"Enable bar","default":false},{"type":"text","id":"cart_free_shipping_value","label":"Free shipping value","info":"Set a free shipping limit in cents. If you offer free shipping on orders more than 50 USD, set 5000 here.","default":"20000"},{"type":"header","content":"Shipping Rates Calculator"},{"type":"select","id":"shipping_calculator","label":"Show the shipping calculator?","info":"Location: Sidebar on cart page","options":[{"value":"Disabled","label":"No"},{"value":"Enabled","label":"Yes"}],"default":"Enabled"},{"type":"text","id":"shipping_calculator_default_country","label":"Default country selection","default":"United States"},{"type":"paragraph","content":"If your customer is logged-in, the country in his default shipping address will be selected. If you are not sure about the  spelling to use here, refer to the first checkout page."},{"type":"header","content":"User manual"},{"type":"paragraph","content":"[Cart](https:\/\/mpthemes.net\/shella-shopify-theme\/documentation-version4\/doc07-14-theme-settings-cart.php#cart)"}]},{"name":"Wishlist & Compare","settings":[{"type":"header","content":"wishlist"},{"type":"checkbox","id":"wishlist_enable","label":"Enable wishlist","default":true},{"type":"header","content":"Compare"},{"type":"checkbox","id":"compare_enable","label":"Enable compare","default":true},{"type":"paragraph","content":"Configure options for product compare popup."},{"type":"checkbox","id":"compare_show_description","label":"Show descriptions","default":true},{"type":"checkbox","id":"compare_show_collection","label":"Show collection","default":true},{"type":"checkbox","id":"compare_show_availability","label":"Show product stock status","default":true},{"type":"checkbox","id":"compare_show_product_type","label":"Show product’s type","default":true},{"type":"checkbox","id":"compare_show_vendor","label":"Show product vendor","default":true},{"type":"checkbox","id":"compare_show_sku","label":"Show SKU ","default":true},{"type":"checkbox","id":"compare_show_barcode","label":"Show product barcode","default":true},{"type":"checkbox","id":"compare_show_options","label":"Show options","default":true},{"type":"range","id":"compare_description_max_size","min":20,"max":400,"step":10,"label":"Maximum number of characters in the description","default":100},{"type":"header","content":"User manual"},{"type":"paragraph","content":"[Wishlist & Compare](https:\/\/mpthemes.net\/shella-shopify-theme\/documentation-version4\/doc07-15-theme-settings-wishlist-compare.php#wishlist-compare)"}]},{"name":"Payments","settings":[{"type":"header","content":"Icons list"},{"type":"paragraph","content":"[Available icons](https:\/\/shella-demo.myshopify.com\/pages\/icons)"},{"type":"paragraph","content":"Default icon codes: 1) icon-payment-power-by-stripe; 2) icon-payment-shopify-secure; 3) icon-payment-aes-256bit; 4) icon-payment-paypal; 5) icon-payment-visa; 6) icon-payment-mastercard; 7) icon-payment-discover-network; 8) icon-payment-american-express; 9) icon-payment-mcafee-secure; 10) icon-payment-apple; 11) icon-payment-google; 12) icon-payment-amazon"},{"type":"header","content":"Sequence settings"},{"type":"paragraph","content":"List the icon numbers to display. Clear the field to show defaults. Separator is ','"},{"type":"text","id":"payment_footer_sequence","label":"Footer","default":"1,2,3,4,5,6,7,8,9"},{"type":"text","id":"payment_product_sequence","label":"Product page & Quick view","default":"10,11,12,1,2,3,4,5,6,7,8,9"},{"type":"header","content":"Payments Icons"},{"type":"paragraph","content":"Icon #1"},{"type":"checkbox","id":"payment_icon_1_show","label":"Show icon #1","default":true},{"type":"text","id":"payment_icon_1_code","label":"Code for icon #1"},{"type":"image_picker","id":"payment_icon_1_image","label":"Image for icon #1","info":"Recommended width - 50px"},{"type":"url","id":"payment_icon_1_url","label":"URL for icon #1"},{"type":"text","id":"payment_icon_1_tooltip","label":"Tooltip for icon #1"},{"type":"paragraph","content":"Icon #2"},{"type":"checkbox","id":"payment_icon_2_show","label":"Show icon #2","default":true},{"type":"text","id":"payment_icon_2_code","label":"Code for icon #2"},{"type":"image_picker","id":"payment_icon_2_image","label":"Image for icon #2","info":"Recommended width - 50px"},{"type":"url","id":"payment_icon_2_url","label":"URL for icon #2"},{"type":"text","id":"payment_icon_2_tooltip","label":"Tooltip for icon #2"},{"type":"paragraph","content":"Icon #3"},{"type":"checkbox","id":"payment_icon_3_show","label":"Show icon #3","default":true},{"type":"text","id":"payment_icon_3_code","label":"Code for icon #3"},{"type":"image_picker","id":"payment_icon_3_image","label":"Image for icon #3","info":"Recommended width - 50px"},{"type":"url","id":"payment_icon_3_url","label":"URL for icon #3"},{"type":"text","id":"payment_icon_3_tooltip","label":"Tooltip for icon #3"},{"type":"paragraph","content":"Icon #4"},{"type":"checkbox","id":"payment_icon_4_show","label":"Show icon #4","default":true},{"type":"text","id":"payment_icon_4_code","label":"Code for icon #4"},{"type":"image_picker","id":"payment_icon_4_image","label":"Image for icon #4","info":"Recommended width - 50px"},{"type":"url","id":"payment_icon_4_url","label":"URL for icon #4"},{"type":"text","id":"payment_icon_4_tooltip","label":"Tooltip for icon #4"},{"type":"paragraph","content":"Icon #5"},{"type":"checkbox","id":"payment_icon_5_show","label":"Show icon #5","default":true},{"type":"text","id":"payment_icon_5_code","label":"Code for icon #5"},{"type":"image_picker","id":"payment_icon_5_image","label":"Image for icon #5","info":"Recommended width - 50px"},{"type":"url","id":"payment_icon_5_url","label":"URL for icon #5"},{"type":"text","id":"payment_icon_5_tooltip","label":"Tooltip for icon #5"},{"type":"paragraph","content":"Icon #6"},{"type":"checkbox","id":"payment_icon_6_show","label":"Show icon #6","default":true},{"type":"text","id":"payment_icon_6_code","label":"Code for icon #6"},{"type":"image_picker","id":"payment_icon_6_image","label":"Image for icon #6","info":"Recommended width - 50px"},{"type":"url","id":"payment_icon_6_url","label":"URL for icon #6"},{"type":"text","id":"payment_icon_6_tooltip","label":"Tooltip for icon #6"},{"type":"paragraph","content":"Icon #7"},{"type":"checkbox","id":"payment_icon_7_show","label":"Show icon #7","default":true},{"type":"text","id":"payment_icon_7_code","label":"Code for icon #7"},{"type":"image_picker","id":"payment_icon_7_image","label":"Image for icon #7","info":"Recommended width - 50px"},{"type":"url","id":"payment_icon_7_url","label":"URL for icon #7"},{"type":"text","id":"payment_icon_7_tooltip","label":"Tooltip for icon #7"},{"type":"paragraph","content":"Icon #8"},{"type":"checkbox","id":"payment_icon_8_show","label":"Show icon #8","default":true},{"type":"text","id":"payment_icon_8_code","label":"Code for icon #8"},{"type":"image_picker","id":"payment_icon_8_image","label":"Image for icon #8","info":"Recommended width - 50px"},{"type":"url","id":"payment_icon_8_url","label":"URL for icon #8"},{"type":"text","id":"payment_icon_8_tooltip","label":"Tooltip for icon #8"},{"type":"paragraph","content":"Icon #9"},{"type":"checkbox","id":"payment_icon_9_show","label":"Show icon #9","default":true},{"type":"text","id":"payment_icon_9_code","label":"Code for icon #9"},{"type":"image_picker","id":"payment_icon_9_image","label":"Image for icon #9","info":"Recommended width - 50px"},{"type":"url","id":"payment_icon_9_url","label":"URL for icon #9"},{"type":"text","id":"payment_icon_9_tooltip","label":"Tooltip for icon #9"},{"type":"paragraph","content":"Icon #10"},{"type":"checkbox","id":"payment_icon_10_show","label":"Show icon #10","default":true},{"type":"text","id":"payment_icon_10_code","label":"Code for icon #10"},{"type":"image_picker","id":"payment_icon_10_image","label":"Image for icon #10","info":"Recommended width - 50px"},{"type":"url","id":"payment_icon_10_url","label":"URL for icon #10"},{"type":"text","id":"payment_icon_10_tooltip","label":"Tooltip for icon #10"},{"type":"paragraph","content":"Icon #11"},{"type":"checkbox","id":"payment_icon_11_show","label":"Show icon #11","default":true},{"type":"text","id":"payment_icon_11_code","label":"Code for icon #11"},{"type":"image_picker","id":"payment_icon_11_image","label":"Image for icon #11","info":"Recommended width - 50px"},{"type":"url","id":"payment_icon_11_url","label":"URL for icon #11"},{"type":"text","id":"payment_icon_11_tooltip","label":"Tooltip for icon #11"},{"type":"paragraph","content":"Icon #12"},{"type":"checkbox","id":"payment_icon_12_show","label":"Show icon #12","default":true},{"type":"text","id":"payment_icon_12_code","label":"Code for icon #12"},{"type":"image_picker","id":"payment_icon_12_image","label":"Image for icon #12","info":"Recommended width - 50px"},{"type":"url","id":"payment_icon_12_url","label":"URL for icon #12"},{"type":"text","id":"payment_icon_12_tooltip","label":"Tooltip for icon #12"},{"type":"header","content":"User manual"},{"type":"paragraph","content":"[Payments](https:\/\/mpthemes.net\/shella-shopify-theme\/documentation-version4\/doc07-16-theme-settings-payments.php#payments)"}]},{"name":"Social Media","settings":[{"type":"header","content":"Social sharing"},{"type":"image_picker","id":"social_share_image","label":"Image","info":"Shown when sharing a link on social media. [Learn more](https:\/\/help.shopify.com\/manual\/using-themes\/troubleshooting\/showing-social-media-thumbnail-images\/) about image thumbnails."},{"type":"header","content":"Social accounts"},{"type":"text","id":"social_facebook","label":"Facebook link","default":"https:\/\/www.facebook.com\/"},{"type":"text","id":"social_twitter","label":"Twitter link","default":"https:\/\/twitter.com\/"},{"type":"text","id":"social_instagram","label":"Instagram link","default":"https:\/\/www.instagram.com\/"},{"type":"text","id":"social_pinterest","label":"Pinterest link","default":"https:\/\/www.pinterest.com\/"},{"type":"text","id":"social_youtube","label":"YouTube link","default":"https:\/\/www.youtube.com\/"},{"type":"text","id":"social_behance","label":"Behance link","default":"https:\/\/www.behance.net\/"},{"type":"text","id":"social_skype","label":"Skype link","default":"https:\/\/www.skype.com\/"},{"type":"header","content":"Social share buttons"},{"type":"paragraph","content":"Turn on the option 'Show social share buttons' in the 'Theme settings -> Product Page & Quick View' to show the buttons on the product page."},{"type":"checkbox","id":"social_share_enable_facebook","label":"Show Facebook share button","default":true},{"type":"checkbox","id":"social_share_enable_twitter","label":"Show Twitter share button","default":true},{"type":"checkbox","id":"social_share_enable_pinterest","label":"Show Pinterest share button","default":true},{"type":"checkbox","id":"social_share_enable_linkedin","label":"Show Linkedin share button","default":true},{"type":"checkbox","id":"social_share_enable_buffer","label":"Show Buffer share button","default":true},{"type":"checkbox","id":"social_share_enable_reddit","label":"Show Reddit share button","default":true},{"type":"header","content":"User manual"},{"type":"paragraph","content":"[Social Media](https:\/\/mpthemes.net\/shella-shopify-theme\/documentation-version4\/doc07-17-theme-settings-social-media.php#social-media)"}]},{"name":"News Subscription","settings":[{"type":"select","id":"subscription_method","label":"Subscription method","info":"Shopify (default) subscribers will be added to your “accepts marketing” [customer list.](\/admin\/customers?query=&accepts_marketing=1)","default":"shopify","options":[{"value":"shopify","label":"Shopify (default)"},{"value":"mailchimp","label":"MailChimp"}]},{"type":"text","id":"subscription_mailchimp_form_action","label":"MailChimp URL","info":"[Where to get MailChimp form action URL?](https:\/\/mailchimp.com\/)","default":"\/\/myshopify.us18.list-manage.com\/subscribe\/post?u=8a50b61e56896303a04d0243e&amp;id=3c3d06b907"},{"type":"header","content":"Subscription popup"},{"type":"checkbox","id":"subscription_popup_enable","label":"Enable subscription popup","default":true},{"type":"select","id":"subscription_popup_layout","label":"Layout","default":"1","options":[{"value":"1","label":"1"},{"value":"2","label":"2"},{"value":"3","label":"3"},{"value":"4","label":"4"},{"value":"5","label":"5"}]},{"type":"checkbox","id":"subscription_popup_show_icon","label":"Show icon","default":true},{"type":"paragraph","content":"Note! Remove text from the field to hide the block"},{"type":"text","id":"subscription_popup_text_line_01","label":"Text line #1","default":"NEWSLETTER SUBSCRIPTION"},{"type":"text","id":"subscription_popup_text_line_02","label":"Text line #2","default":"Sign up for Shella updates to receive information about new arrivals, future events and special."},{"type":"text","id":"subscription_popup_text_line_03","label":"Text line #3","default":"Get 10% off by signing up to our newsletter."},{"type":"text","id":"subscription_popup_text_line_04","label":"Text line #4","default":"I don’t want to see this website."},{"type":"checkbox","id":"subscription_popup_show_form","label":"Show form","default":true},{"type":"text","id":"subscription_popup_text_input_placeholder","label":"Input placeholder","default":"Enter Please Your Email Address"},{"type":"text","id":"subscription_popup_text_submit_button_text","label":"Button submit text","default":"SUBSCRIBE!"},{"type":"text","id":"subscription_popup_text_button","label":"Link button text","default":"SHOP NOW!"},{"type":"text","id":"subscription_popup_text_dont_show_again","label":"Text 'Don't show again'","default":"Don't show this popup again"},{"type":"text","id":"subscription_popup_text_close","label":"Text 'Close popup'","default":"NO, THANK YOU"},{"type":"image_picker","id":"subscription_popup_image","label":"Background image"},{"type":"range","id":"subscription_popup_image_width","min":100,"max":1200,"step":50,"unit":"px","label":"Background image width","default":600},{"type":"checkbox","id":"subscription_popup_image_format_pjpg","label":"Enable format 'PJPG'","info":"Don't work with transparent images","default":true},{"type":"image_picker","id":"subscription_popup_insert_image","label":"Insert image"},{"type":"range","id":"subscription_popup_insert_image_width","min":50,"max":500,"step":10,"unit":"px","label":"Insert image width","default":200},{"type":"checkbox","id":"subscription_popup_insert_image_format_pjpg","label":"Enable insert image format 'PJPG'","info":"Don't work with transparent images","default":false},{"type":"url","id":"subscription_popup_link","label":"Link"},{"type":"select","id":"subscription_popup_show_once","label":"Show once?","default":"true","options":[{"value":"false","label":"Unless user select 'don't show'"},{"value":"true","label":"Once"}]},{"type":"range","id":"subscription_popup_delay","min":1,"max":60,"step":1,"label":"Delay (sec)","default":8},{"type":"select","id":"subscription_popup_cookies_life","label":"Cookies life","default":"1","options":[{"value":"1","label":"1 day"},{"value":"3","label":"3 days"},{"value":"7","label":"1 week"},{"value":"31","label":"1 month"},{"value":"365","label":"1 year"}]},{"type":"header","content":"Subscription confirmation popup"},{"type":"checkbox","id":"subscription_confirmation_popup_enable","label":"Enable subscription confirmation popup","default":true},{"type":"text","id":"subscription_confirmation_popup_success_message","label":"Success message","default":"Thanks for subscribing!"},{"type":"text","id":"subscription_confirmation_popup_success_button","label":"Success button text","default":"Continue shopping"},{"type":"header","content":"User manual"},{"type":"paragraph","content":"[News Subscription](https:\/\/mpthemes.net\/shella-shopify-theme\/documentation-version4\/doc07-18-theme-settings-news-subscription.php#subscription)"}]},{"name":"Blog & Article Pages","settings":[{"type":"header","content":"Blog sidebar"},{"type":"select","id":"blog_show_sidebar","label":"Sidebar visibility","default":"hide","options":[{"value":"desktop_and_mobile","label":"Desktop and mobile"},{"value":"desktop","label":"Only desktop"},{"value":"hide","label":"Hide"}]},{"type":"select","id":"blog_sidebar_position","label":"Sidebar position","default":"right","options":[{"value":"left","label":"Left"},{"value":"right","label":"Right"},{"value":"dropdown","label":"Dropdown"}]},{"type":"checkbox","id":"blog_enable_sticky","label":"Enable sticky sidebar","info":"Show sidebar on scroll","default":true},{"type":"header","content":"Article sidebar"},{"type":"select","id":"article_show_sidebar","label":"Sidebar visibility","default":"hide","options":[{"value":"desktop_and_mobile","label":"Desktop and mobile"},{"value":"desktop","label":"Only desktop"},{"value":"hide","label":"Hide"}]},{"type":"select","id":"article_sidebar_position","label":"Sidebar position","default":"right","options":[{"value":"left","label":"Left"},{"value":"right","label":"Right"},{"value":"dropdown","label":"Dropdown"}]},{"type":"checkbox","id":"article_enable_sticky","label":"Enable sticky sidebar","info":"Show sidebar on scroll","default":true},{"type":"header","content":"User manual"},{"type":"paragraph","content":"[Blog & Article Pages](https:\/\/mpthemes.net\/shella-shopify-theme\/documentation-version4\/doc07-19-theme-settings-blog-article.php#blog-article)"}]},{"name":"Account","settings":[{"type":"header","content":"General"},{"type":"checkbox","id":"account_show_header_button","label":"Show header button","default":true},{"type":"header","content":"Popup"},{"type":"checkbox","id":"account_popup_enable","label":"Enable popup","default":true},{"type":"page","id":"account_popup_sign_up_info_page_content","label":"Content for popup","info":"Default page: 'Include Popup Account'"},{"type":"checkbox","id":"account_popup_show_subscription","label":"Show subscription","info":"Visible only after user authorization","default":true},{"type":"header","content":"Login page"},{"type":"page","id":"account_page_sing_up_page_content","label":"'Sign up' content on login page"},{"type":"header","content":"User manual"},{"type":"paragraph","content":"[Account](https:\/\/mpthemes.net\/shella-shopify-theme\/documentation-version4\/doc07-20-theme-settings-account.php#account)"}]},{"name":"Services","settings":[{"type":"header","content":"General"},{"type":"checkbox","id":"services_show_header_button","label":"Show header button","default":true},{"type":"header","content":"Popup"},{"type":"checkbox","id":"services_popup_enable","label":"Enable popup","default":true},{"type":"page","id":"services_popup_page_content","label":"Content for popup","info":"Default page: 'Include Popup Services'"}]},{"name":"Apps & Language","settings":[{"type":"header","content":"General"},{"type":"checkbox","id":"javascript_loader_jquery_first","label":"Load jQuery first"},{"type":"header","content":"Language"},{"type":"select","id":"app_language","label":"Language app","default":"none","options":[{"value":"weglot","label":"Weglot"},{"value":"langify","label":"Langify"},{"value":"links_list","label":"Links list (Select the menu below)"},{"value":"none","label":"None"}]},{"type":"link_list","id":"app_language_link_list","label":"Links list for language dropdown"},{"type":"header","content":"User manual"},{"type":"paragraph","content":"[Apps & Language](https:\/\/mpthemes.net\/shella-shopify-theme\/documentation-version4\/doc07-22-theme-settings-app-language.php#app-lang)"}]},{"name":"Button, Input & Promo Box","settings":[{"type":"header","content":"Button & Input"},{"type":"range","id":"button_border_radius","min":0,"max":30,"step":1,"unit":"px","label":"Button border-radius","default":0},{"type":"range","id":"input_border_radius","min":0,"max":30,"step":1,"unit":"px","label":"Input border-radius","default":0},{"type":"header","content":"Promo Box"},{"type":"range","id":"promobox_image_border_radius","min":0,"max":30,"step":1,"unit":"px","label":"Image border-radius","default":0},{"type":"checkbox","id":"promobox_format_pjpg","label":"Enable format 'PJPG'","info":"Don't work with transparent images","default":true},{"type":"header","content":"User manual"},{"type":"paragraph","content":"[Button, Input & Promo Box](https:\/\/mpthemes.net\/shella-shopify-theme\/documentation-version4\/doc07-23-theme-settings-buttons.php#buttons)"}]},{"name":"Notifications","settings":[{"type":"header","content":"Cookie notification"},{"type":"checkbox","id":"notification_cookies_enable","label":"Enable","default":true},{"type":"url","id":"notification_cookies_button_information_link","label":"Button information link"},{"type":"range","id":"notification_cookies_delay","min":0,"max":60,"step":1,"label":"Delay (sec)","default":0},{"type":"checkbox","id":"notification_cookies_show_once","label":"Show once?","info":"If user close notification","default":true},{"type":"select","id":"notification_cookies_cookies_life","label":"Cookies life","default":"1","options":[{"value":"1","label":"1 day"},{"value":"3","label":"3 days"},{"value":"7","label":"1 week"},{"value":"31","label":"1 month"},{"value":"365","label":"1 year"}]},{"type":"header","content":"Purchase notification"},{"type":"checkbox","id":"notification_products_enable","label":"Enable","default":true},{"type":"collection","id":"notification_products_collection","label":"Collection"},{"type":"range","id":"notification_products_range_min","min":0,"max":60,"step":1,"label":"Min time value in line #2","default":2},{"type":"range","id":"notification_products_range_max","min":0,"max":60,"step":1,"label":"Max time value in line #2","default":20},{"type":"range","id":"notification_products_delay","min":0,"max":60,"step":1,"label":"Delay (sec)","default":8},{"type":"range","id":"notification_products_interval_min","min":0,"max":60,"step":1,"label":"Min interval (sec)","default":10},{"type":"range","id":"notification_products_interval_max","min":0,"max":60,"step":1,"label":"Max interval (sec)","default":18},{"type":"range","id":"notification_products_time_life","min":0,"max":60,"step":1,"label":"Max time life (sec)","default":14},{"type":"header","content":"User manual"},{"type":"paragraph","content":"[Notifications](https:\/\/mpthemes.net\/shella-shopify-theme\/documentation-version4\/doc07-24-theme-settings-notifications.php#notifications)"}]},{"name":"Pre-loader","settings":[{"type":"checkbox","id":"layout_enable_preloader","label":"Enable page pre-loader","default":false},{"type":"image_picker","id":"layout_preloader_image","label":"Custom pre-loader image"},{"type":"range","id":"layout_preloader_image_size","min":50,"max":400,"step":10,"unit":"px","label":"Custom pre-loader image size","default":100},{"type":"range","id":"layout_preloader_opacity","min":0,"max":1,"step":0.1,"label":"Curtain background opacity","default":0.8},{"type":"header","content":"User manual"},{"type":"paragraph","content":"[Pre-loader](https:\/\/mpthemes.net\/shella-shopify-theme\/documentation-version4\/doc07-25-theme-settings-preloader.php#preloader)"}]},{"name":"Animations","settings":[{"type":"header","content":"Promo box"},{"type":"range","id":"promobox_animation_duration","min":0,"max":1,"step":0.1,"label":"Promo box effects (sec)","default":0.5},{"type":"header","content":"Tooltips"},{"type":"checkbox","id":"tooltips_enable","label":"Enable tooltips on whole store","default":true},{"type":"select","id":"tooltips_animation_type","label":"Animation style","default":"scale","options":[{"value":"fade","label":"Fade"},{"value":"scale","label":"Scale"},{"value":"shift-toward","label":"Shift-toward"},{"value":"shift-away","label":"Shift-away"},{"value":"perspective","label":"Perspective"}]},{"type":"header","content":"Header"},{"type":"range","id":"header_animation_sticky_opacity","min":0.5,"max":1,"step":0.1,"label":"Sticky header opacity","default":0.9},{"type":"range","id":"header_tape_animation_duration","min":0,"max":1,"step":0.1,"label":"Header tape slide duration (sec)","default":0.3},{"type":"header","content":"Product"},{"type":"select","id":"product_hover_animation_type","label":"Animation style for content on product image hover (Collection Page)","info":"Arrows, Quick View, Labels, Countdown","default":"fade","options":[{"value":"toggle","label":"Toggle"},{"value":"fade","label":"Fade"},{"value":"emersion-x","label":"Emersion horizontal"},{"value":"emersion-y","label":"Emersion vertical"},{"value":"emersion-z","label":"Emersion all"},{"value":"scale","label":"Scale"}]},{"type":"checkbox","id":"buttons_animation_icon_enable","label":"Enable animation for icons on the 'Add to cart',  'Add to compare', and 'Add to wishlist' buttons hover","default":true},{"type":"header","content":"User manual"},{"type":"paragraph","content":"[Animations](https:\/\/mpthemes.net\/shella-shopify-theme\/documentation-version4\/doc07-26-theme-settings-animations.php#animations)"}]},{"name":"Developer","settings":[{"type":"paragraph","content":"Our recommendations: 1) track all your custom changes which you apply to the theme. It will help you greatly in the future theme update. (We recommend GIT), 2) keep your changes as separately as you can. Next two options is a good example how to keep CSS and JS code separately."},{"type":"checkbox","id":"dev_enable_custom_css","label":"Enable custom CSS file","info":"Add your custom CSS style to a separate file. Rename custom-example.css file to custom.min.css.","default":false},{"type":"checkbox","id":"dev_enable_custom_js","label":"Enable custom JavaScript file","info":"Add your custom JavaScript code to a separate file. Rename custom-example.js file to custom.min.js","default":false},{"type":"checkbox","id":"dev_enable_content_for_header","label":"Enable Shopify content for header","info":"For the application to work correctly and correct admin panel working must be set on 'default' (Enabled)! For advanced users only!","default":true}]}]