{"last_tab":"","custom-sidebars":["Contact Page"],"google-api-key":"","social-icon-enable":"1","social-identities":{"redux_repeater_data":[{"title":""}],"title":[""],"network":[""],"url":[""]},"site-version":"woomart","site-version-default":"v1","site-version-modify":"book","site-layout":"wide","site-background-type":"","site-bar-bg":{"url":"","id":"","height":"","width":"","thumbnail":"","title":"","caption":"","alt":"","description":""},"site-bar-solid":"","site-bar-gradient":"","breadcrumb-enable":"1","header-top-currency":"1","header-top-sec-menu":"1","header-search-area":"1","header-add-cart":"1","opt-logo":{"url":"http:\/\/www.ckthemes.com\/flipmart-dd\/wp-content\/uploads\/2018\/02\/logo.png","id":"235","height":"29","width":"131","thumbnail":"http:\/\/www.ckthemes.com\/flipmart-dd\/wp-content\/uploads\/2018\/02\/logo.png","title":"logo","caption":"","alt":"","description":""},"favicon":{"url":"","id":"","height":"","width":"","thumbnail":"","title":"","caption":"","alt":"","description":""},"iphone_icon":{"url":"","id":"","height":"","width":"","thumbnail":"","title":"","caption":"","alt":"","description":""},"iphone_icon_retina":{"url":"","id":"","height":"","width":"","thumbnail":"","title":"","caption":"","alt":"","description":""},"ipad_icon":{"url":"","id":"","height":"","width":"","thumbnail":"","title":"","caption":"","alt":"","description":""},"ipad_icon_retina":{"url":"","id":"","height":"","width":"","thumbnail":"","title":"","caption":"","alt":"","description":""},"yog-news-letter":"[mc4wp_form id=\"28\"]","yog-payments-method":{"redux_repeater_data":[{"title":""},{"title":""},{"title":""},{"title":""}],"yog-payment-method-logo":[{"url":"http:\/\/www.ckthemes.com\/flipmart-dd\/wp-content\/uploads\/2018\/02\/payment-1.png","id":"233","height":"39","width":"59","thumbnail":"http:\/\/www.ckthemes.com\/flipmart-dd\/wp-content\/uploads\/2018\/02\/payment-1.png","title":"payment-1","caption":"","alt":"","description":""},{"url":"http:\/\/www.ckthemes.com\/flipmart-dd\/wp-content\/uploads\/2018\/02\/payment-2.png","id":"234","height":"39","width":"58","thumbnail":"http:\/\/www.ckthemes.com\/flipmart-dd\/wp-content\/uploads\/2018\/02\/payment-2.png","title":"payment-2","caption":"","alt":"","description":""},{"url":"http:\/\/www.ckthemes.com\/flipmart-dd\/wp-content\/uploads\/2018\/02\/payment-3.png","id":"11","height":"39","width":"59","thumbnail":"http:\/\/www.ckthemes.com\/flipmart-dd\/wp-content\/uploads\/2018\/02\/payment-3.png","title":"payment-3","caption":"","alt":"","description":""},{"url":"http:\/\/www.ckthemes.com\/flipmart-dd\/wp-content\/uploads\/2018\/02\/payment-4.png","id":"12","height":"39","width":"59","thumbnail":"http:\/\/www.ckthemes.com\/flipmart-dd\/wp-content\/uploads\/2018\/02\/payment-4.png","title":"payment-4","caption":"","alt":"","description":""}]},"yog-features":{"redux_repeater_data":[{"title":""},{"title":""},{"title":""},{"title":""}],"yog-feature-heading":["Free Shipping on $99","Need Help +(888) 123-4567","Money Back Guarantee","30 days return Service"],"yog-feature-icon":["fa-truck","fa-phone","fa-dollar","fa-briefcase"]},"page-opt-enable-global":"1","page-opt-sidebar":"","page-opt-sidebar-position":"right","blog-enable-global":"1","blog-sidebar":"primary","blog-sidebar-position":"left","blog-single-enable-global":"1","blog-single-sidebar":"","blog-single-sidebar-position":"right","blog-archive-enable-global":"1","blog-archive-sidebar":"","blog-archive-sidebar-position":"right","blog-search-enable-global":"1","search-sidebar":"","search-sidebar-position":"right","shop-enable-global":"0","shop-sidebar":"primary","shop-sidebar-position":"right","product-enable-global":"0","product-sidebar":"primary","product-sidebar-position":"right","body_typography":{"font-family":"PT Sans","font-options":"","google":"1","font-weight":"400","font-style":"","subsets":"","font-size":"13px","line-height":"1.5","letter-spacing":"0","color":"#747474"},"h1_typography":{"font-family":"Antic Slab","font-options":"","google":"1","font-weight":"400","font-style":"","subsets":"","font-size":"34px","line-height":"1.4","letter-spacing":"0","color":"#333333"},"h2_typography":{"font-family":"Antic Slab","font-options":"","google":"1","font-weight":"400","font-style":"","subsets":"","font-size":"18px","line-height":"1.5","letter-spacing":"0","color":"#333333"},"h3_typography":{"font-family":"Antic Slab","font-options":"","google":"1","font-weight":"400","font-style":"","subsets":"","font-size":"16px","line-height":"1.5","letter-spacing":"0","color":"#333333"},"h4_typography":{"font-family":"Antic Slab","font-options":"","google":"1","font-weight":"400","font-style":"","subsets":"","font-size":"13px","line-height":"1.5","letter-spacing":"0","color":"#333333"},"h5_typography":{"font-family":"Antic Slab","font-options":"","google":"1","font-weight":"400","font-style":"","subsets":"","font-size":"12px","line-height":"1.5","letter-spacing":"0","color":"#333333"},"h6_typography":{"font-family":"Antic Slab","font-options":"","google":"1","font-weight":"400","font-style":"","subsets":"","font-size":"11px","line-height":"1.5","letter-spacing":"0","color":"#333333"},"adds_google_font":{"font-family":"","font-options":"","google":"1","subsets":""},"adds_google_font_2":{"font-family":"","font-options":"","google":"1","subsets":""},"adds_google_font_3":{"font-family":"","font-options":"","google":"1","subsets":""},"blog-animation":"","blog-delay":"","post-social-share":"1","blog-author-box":"1","blog-single-animation":"","blog-single-delay":"","excerpt-by":"words","excerpt-length":"30","excerpt-ellipsis":"\u2026","excerpt-before":"<p>","excerpt-after":"<\/p>","excerpt-readmore":"1","excerpt-readmore-txt":"Read More","shop-layout":"grid","shop-column":"4","shop-limit":"12","shop-filter":"1","result-count":"1","top-pagination":"1","shop-pagination":"1","sale-tag":"1","sale-tag-text":"","hot-tag":"1","hot-tag-text":"","stock-tag":"1","stock-tag-text":"","product-content-animation":"","product-content-delay":"","product-tab":"1","product-tab-animation":"","product-tab-delay":"","product-related":"1","product-rel-limit":"8","product-related-animation":"","product-related-delay":"","product-sell":"1","product-sell-limit":"8","product-sell-animation":"","product-sell-delay":"","product-cross":"1","product-cross-limit":"8","product-qr-code":"1","page-404-logo":{"url":"","id":"","height":"","width":"","thumbnail":"","title":"","caption":"","alt":"","description":""},"page-404-body":"Try the search below to find matching pages:","page-404-back-btn":"Go To Homepage","enable-translation":"1","tr-blog-comment":"Comment","tr-blog-comments":"Comments","tr-blog-comment-off":"Comment Off","tr-blog-comment-reply":"Reply","tr-blog-search":"Search..","tr-blog-search-result":"Search Result of %s","search-result-limit":"12","google_analytics":"","space_head":"","space_body":"","clear-static-files":"0","dynamic_css":"0","dynamic_css_compiler":"1","dynamic_css_db_caching":"0","cache_server_ip":"","custom_css":"","redux-backup":"1"}