{
  "current": {
    "purchase_code": "",
    "presentation_enable": true,
    "logo_types": "svg",
    "logo_svg_file": "svg-logo",
    "logo_image": "",
    "logo_width": 64,
    "logo_mobile_svg_file": "svg-logo-mobile",
    "logo_mobile_image": "",
    "logo_mobile_width": 34,
    "logo_sticky_svg_file": "svg-logo-sticky",
    "logo_sticky_image": "",
    "logo_sticky_width": 34,
    "logo_footer_svg_file": "",
    "logo_footer_image": "",
    "logo_footer_width": 64,
    "logo_footer_mobile_svg_file": "",
    "logo_footer_mobile_image": "",
    "logo_footer_mobile_width": 64,
    "favicon": "shopify:\/\/shop_images\/favicon_657bfd7d-b02c-4273-8663-a80b81be084b.png",
    "layout_container": "fullwidth",
    "layout_show_breadcrumbs": true,
    "layout_pagination_type": "infinite_scroll",
    "layout_enable_rtl": false,
    "layout_images_lazyload": true,
    "layout_settings_file": "default",
    "color_skin": "default",
    "color_theme": "",
    "color_theme2": "",
    "color_theme3": "",
    "color_theme4": "",
    "color_theme5": "",
    "color_theme6": "",
    "color_theme7": "",
    "color_theme8": "",
    "color_theme9": "",
    "color_theme10": "",
    "color_theme11": "",
    "color_theme_primary": "",
    "color_theme_body": "",
    "color_theme_c": "",
    "color_theme_paragraph_c": "",
    "color_theme_head_c": "",
    "color_theme_link_c": "",
    "color_theme_link_act_c": "",
    "typography_skin": "default",
    "font_base": "basic_commercial_n4",
    "font_base_apply_to_all": true,
    "font_base_type": "none",
    "font_size_body": 13,
    "font_heading": "basic_commercial_n4",
    "font_heading_type": "none",
    "font_size_h1": 44,
    "font_size_h2": 32,
    "font_size_h3": 24,
    "font_size_h4": 18,
    "font_size_h5": 15,
    "font_size_h6": 13,
    "font_button": "basic_commercial_n4",
    "font_size_button": 13,
    "font_size_input": 13,
    "font_menu": "basic_commercial_n4",
    "font_size_menu": 13,
    "font_size_menu_list": 13,
    "font_size_menu_title": 15,
    "font_size_menu_mobile": 15,
    "font_load_alternative": false,
    "font_alternative": "basic_commercial_n4",
    "font_alternative_type": "none",
    "collection_show_sidebar": "desktop_and_mobile",
    "collection_sidebar_position": "left",
    "collection_enable_sticky": true,
    "collection_tag_filters_logic": "or",
    "collection_only_available": false,
    "collection_enable_fullwidth_head_section": false,
    "collection_enable_product_carousel_section": true,
    "collection_builder_mode": "",
    "product_format_pjpg": true,
    "product_show_review_loading": false,
    "product_button_addtocart_size": "default",
    "product_cursor": "",
    "product_show_custom_options": true,
    "product_enable_variants_section": false,
    "product_hide_options_without_availability_variants": true,
    "product_variant_auto_select": "enable",
    "product_auto_selected_options": "",
    "product_variant_change_on_hover": false,
    "product_options_listing_visibility": "all",
    "product_options_type_circle_color": "",
    "product_options_type_circle_image": "Select color|Color|Colour",
    "product_options_type_square_color": "",
    "product_options_type_square_image": "Material 2",
    "product_options_type_select": "Select",
    "product_options_type_large_text": "Size",
    "product_collection_image_height_percent": 128,
    "product_collection_image_size": "contain",
    "product_collection_image_border_radius": 0,
    "product_replace_images_hover": true,
    "product_collection_show_label_in_stock": false,
    "product_collection_show_label_out_stock": true,
    "product_collection_show_label_sale": true,
    "product_collection_show_label_new": true,
    "product_collection_show_label_hot": true,
    "product_collection_centered_info": false,
    "product_collection_more_info_type": "vendor",
    "product_collection_show_title": true,
    "product_collection_show_price": true,
    "product_collection_show_button_quick_view": true,
    "product_collection_show_countdown": true,
    "product_collection_show_images_navigation": true,
    "product_collection_show_options": true,
    "product_collection_show_quantity": false,
    "product_collection_show_button_add_to_cart": true,
    "product_collection_show_button_add_to_wishlist": true,
    "product_collection_show_button_add_to_compare": true,
    "product_collection_show_reviews": true,
    "product_collection_hide_reviews_counter": true,
    "product_collection_hide_reviews_mobile_counter": true,
    "product_collection_hide_empty_reviews": true,
    "product_collection_show_sku": true,
    "product_collection_show_barcode": false,
    "product_collection_show_availability": true,
    "product_collection_show_type": true,
    "product_collection_show_vendor": true,
    "product_collection_show_description": true,
    "product_info_layout": "1",
    "product_info_show_arrows": true,
    "product_info_show_btn_fullscreen": true,
    "product_info_show_btn_video": true,
    "product_info_video_autoplay": true,
    "product_info_enable_zoom": true,
    "product_info_gallery_height_percent": 128,
    "product_info_show_label_in_stock": true,
    "product_info_show_label_out_stock": true,
    "product_info_show_label_sale": true,
    "product_info_show_label_new": true,
    "product_info_show_label_hot": true,
    "product_info_show_collections": false,
    "product_info_show_title": true,
    "product_info_show_price": true,
    "product_info_show_sale_details": true,
    "product_info_show_taxes": false,
    "product_info_show_sku": true,
    "product_info_show_barcode": false,
    "product_info_show_availability": false,
    "product_info_show_type": false,
    "product_info_show_vendor": true,
    "product_info_show_reviews": true,
    "product_info_hide_reviews_counter": false,
    "product_info_hide_empty_reviews": true,
    "product_info_show_countdown": true,
    "product_info_show_options": true,
    "product_info_show_quantity": true,
    "product_info_show_notes": false,
    "product_info_show_size_guide": true,
    "product_info_size_guide_page_content": "",
    "product_info_show_delivery_return": true,
    "product_info_delivery_return_page_content": "",
    "product_info_button_layout": "1",
    "product_info_show_button_add_to_cart": true,
    "product_info_show_button_add_to_wishlist": true,
    "product_info_show_button_add_to_compare": true,
    "product_info_show_payments": false,
    "product_info_payments_type": "dark",
    "product_info_page_enable_sticky_gallery": true,
    "product_info_page_show_button_dynamic_checkout": true,
    "product_info_page_show_dynamic_checkout_confirmation": false,
    "product_info_page_styled_dynamic_checkout": true,
    "product_info_page_show_related_products": true,
    "product_info_page_show_usage_info_sidebar": true,
    "product_info_page_sidebar": "off",
    "product_info_page_enable_sticky_sidebar": true,
    "product_footbar_enable": true,
    "product_footbar_show_title": true,
    "product_footbar_show_price": true,
    "product_footbar_show_reviews": true,
    "product_footbar_show_options": true,
    "product_footbar_show_quantity": true,
    "product_footbar_show_button_add_to_cart": true,
    "product_info_quick_show_full_details": true,
    "product_info_show_stock_countdown": true,
    "product_info_show_stock_countdown_range": true,
    "product_stock_countdown_min": 10,
    "product_info_show_text_countdown": true,
    "product_text_countdown_reset_time": 2,
    "product_text_countdown_delivery_time": 3,
    "product_text_countdown_delivery_format": "Day DD\/MM\/YYYY",
    "product_text_countdown_delivery_excludes": "Saturday, Sunday",
    "product_info_show_visitors": true,
    "product_visitors_min": 10,
    "product_visitors_max": 25,
    "product_visitors_stroke": 4,
    "product_visitors_interval_min": 2,
    "product_visitors_interval_max": 6,
    "search_show": true,
    "search_show_only_products": false,
    "search_ajax": true,
    "price_show_sale_separator": false,
    "show_multiple_currencies": false,
    "currency_format": "money_with_currency_format",
    "supported_currencies": "USD EUR GBP",
    "supported_currencies_short_names": "US($)|UE(€)|BP(£)",
    "supported_currencies_full_names": "USD - US Dollar|EUR - Euro|GBP - British Pound",
    "default_currency": "USD",
    "cart_show_header_button": true,
    "cart_popup_enable": true,
    "cart_ajax": true,
    "cart_icon": "",
    "cart_show_vendor": false,
    "cart_show_notes": true,
    "cart_show_free_shipping": false,
    "cart_free_shipping_value": "20000",
    "shipping_calculator": "Enabled",
    "shipping_calculator_default_country": "United States",
    "wishlist_enable": true,
    "compare_enable": true,
    "compare_show_description": true,
    "compare_show_collection": true,
    "compare_show_availability": true,
    "compare_show_product_type": true,
    "compare_show_vendor": true,
    "compare_show_sku": true,
    "compare_show_barcode": true,
    "compare_show_options": true,
    "compare_description_max_size": 100,
    "payment_footer_sequence": "1,2,3,4,5,6,7,8,9",
    "payment_product_sequence": "10,11,12,1,2,3,4,5,6,7,8,9",
    "payment_icon_1_show": true,
    "payment_icon_1_code": "",
    "payment_icon_1_image": "",
    "payment_icon_1_url": "",
    "payment_icon_1_tooltip": "",
    "payment_icon_2_show": true,
    "payment_icon_2_code": "",
    "payment_icon_2_image": "",
    "payment_icon_2_url": "",
    "payment_icon_2_tooltip": "",
    "payment_icon_3_show": true,
    "payment_icon_3_code": "",
    "payment_icon_3_image": "",
    "payment_icon_3_url": "",
    "payment_icon_3_tooltip": "",
    "payment_icon_4_show": true,
    "payment_icon_4_code": "",
    "payment_icon_4_image": "",
    "payment_icon_4_url": "",
    "payment_icon_4_tooltip": "",
    "payment_icon_5_show": true,
    "payment_icon_5_code": "",
    "payment_icon_5_image": "",
    "payment_icon_5_url": "",
    "payment_icon_5_tooltip": "",
    "payment_icon_6_show": true,
    "payment_icon_6_code": "",
    "payment_icon_6_image": "",
    "payment_icon_6_url": "",
    "payment_icon_6_tooltip": "",
    "payment_icon_7_show": true,
    "payment_icon_7_code": "",
    "payment_icon_7_image": "",
    "payment_icon_7_url": "",
    "payment_icon_7_tooltip": "",
    "payment_icon_8_show": true,
    "payment_icon_8_code": "",
    "payment_icon_8_image": "",
    "payment_icon_8_url": "",
    "payment_icon_8_tooltip": "",
    "payment_icon_9_show": true,
    "payment_icon_9_code": "",
    "payment_icon_9_image": "",
    "payment_icon_9_url": "",
    "payment_icon_9_tooltip": "",
    "payment_icon_10_show": true,
    "payment_icon_10_code": "",
    "payment_icon_10_image": "",
    "payment_icon_10_url": "",
    "payment_icon_10_tooltip": "",
    "payment_icon_11_show": true,
    "payment_icon_11_code": "",
    "payment_icon_11_image": "",
    "payment_icon_11_url": "",
    "payment_icon_11_tooltip": "",
    "payment_icon_12_show": true,
    "payment_icon_12_code": "",
    "payment_icon_12_image": "",
    "payment_icon_12_url": "",
    "payment_icon_12_tooltip": "",
    "social_share_image": "",
    "social_facebook": "https:\/\/www.facebook.com\/mpthemes\/",
    "social_twitter": "https:\/\/twitter.com\/MariPet9",
    "social_instagram": "https:\/\/www.instagram.com\/mpthemes2019\/",
    "social_pinterest": "https:\/\/dribbble.com\/mpithemes",
    "social_youtube": "https:\/\/www.youtube.com\/channel\/UCVJfUsqMVr-Wcjel4M6-qrg",
    "social_behance": "https:\/\/behance.net\/mpthemes01c0",
    "social_skype": "https:\/\/dribbble.com\/mpithemes",
    "subscription_method": "shopify",
    "subscription_mailchimp_form_action": "\/\/myshopify.us18.list-manage.com\/subscribe\/post?u=8a50b61e56896303a04d0243e&amp;id=3c3d06b907",
    "subscription_popup_enable": true,
    "subscription_popup_layout": "4",
    "subscription_popup_show_icon": true,
    "subscription_popup_text_line_01": "ULTIMATE SALE",
    "subscription_popup_text_line_02": "20%Off",
    "subscription_popup_text_line_03": "All Clothing. Limited time offer!",
    "subscription_popup_text_line_04": "",
    "subscription_popup_show_form": false,
    "subscription_popup_text_input_placeholder": "Enter Please Your Email Address",
    "subscription_popup_text_submit_button_text": "SUBSCRIBE!",
    "subscription_popup_text_button": "SHOP NOW!",
    "subscription_popup_text_dont_show_again": "",
    "subscription_popup_text_close": "NO, THANK YOU",
    "subscription_popup_image": "shopify:\/\/shop_images\/1_d6f428ec-3b03-49fb-8489-5aca6c1e0e0a.jpg",
    "subscription_popup_image_width": 600,
    "subscription_popup_image_format_pjpg": true,
    "subscription_popup_insert_image": "",
    "subscription_popup_insert_image_width": 200,
    "subscription_popup_insert_image_format_pjpg": false,
    "subscription_popup_link": "shopify:\/\/collections\/womens",
    "subscription_popup_show_once": "true",
    "subscription_popup_delay": 8,
    "subscription_popup_cookies_life": "1",
    "subscription_confirmation_popup_enable": true,
    "subscription_confirmation_popup_success_message": "Thanks for subscribing!",
    "subscription_confirmation_popup_success_button": "Continue shopping",
    "blog_show_sidebar": "hide",
    "blog_sidebar_position": "right",
    "blog_enable_sticky": true,
    "article_show_sidebar": "hide",
    "article_sidebar_position": "right",
    "article_enable_sticky": true,
    "account_show_header_button": true,
    "account_popup_enable": true,
    "account_popup_sign_up_info_page_content": "",
    "account_popup_show_subscription": true,
    "account_page_sing_up_page_content": "",
    "services_show_header_button": true,
    "services_popup_enable": true,
    "services_popup_page_content": "",
    "javascript_loader_jquery_first": false,
    "app_language": "links_list",
    "app_language_link_list": "languages",
    "button_border_radius": 0,
    "input_border_radius": 0,
    "promobox_image_border_radius": 0,
    "promobox_format_pjpg": true,
    "notification_cookies_enable": true,
    "notification_cookies_button_information_link": "",
    "notification_cookies_delay": 0,
    "notification_cookies_show_once": true,
    "notification_cookies_cookies_life": "1",
    "notification_products_enable": true,
    "notification_products_collection": "",
    "notification_products_range_min": 2,
    "notification_products_range_max": 20,
    "notification_products_delay": 8,
    "notification_products_interval_min": 10,
    "notification_products_interval_max": 18,
    "notification_products_time_life": 14,
    "layout_enable_preloader": false,
    "layout_preloader_image": "",
    "layout_preloader_image_size": 100,
    "layout_preloader_opacity": 0.8,
    "promobox_animation_duration": 0.5,
    "tooltips_enable": false,
    "tooltips_animation_type": "scale",
    "header_animation_sticky_opacity": 1,
    "header_tape_animation_duration": 0,
    "product_hover_animation_type": "fade",
    "buttons_animation_icon_enable": true,
    "dev_enable_custom_css": false,
    "dev_enable_custom_js": false,
    "dev_enable_content_for_header": true,
    "checkout_header_image": "",
    "checkout_logo_image": "",
    "checkout_logo_position": "left",
    "checkout_logo_size": "medium",
    "checkout_body_background_image": "",
    "checkout_body_background_color": "#fff",
    "checkout_input_background_color_mode": "white",
    "checkout_sidebar_background_image": "",
    "checkout_sidebar_background_color": "#fafafa",
    "checkout_heading_font": "-apple-system, BlinkMacSystemFont, 'Segoe UI', Roboto, Helvetica, Arial, sans-serif, 'Apple Color Emoji', 'Segoe UI Emoji', 'Segoe UI Symbol'",
    "checkout_body_font": "-apple-system, BlinkMacSystemFont, 'Segoe UI', Roboto, Helvetica, Arial, sans-serif, 'Apple Color Emoji', 'Segoe UI Emoji', 'Segoe UI Symbol'",
    "checkout_accent_color": "#197bbd",
    "checkout_button_color": "#197bbd",
    "checkout_error_color": "#e32c2b",
    "subscription_confirmation_popup_button_type": "1",
    "product_info_show_free_shipping": true,
    "show_free_shipping": true,
    "social_google": "",
    "sections": {
      "product-variants": {
        "type": "product-variants",
        "settings": {
        }
      },
      "header": {
        "type": "header",
        "blocks": {
          "1588194642081": {
            "type": "menu",
            "settings": {
              "for_item": "Mega Menu",
              "menu": "mega-menu"
            }
          },
          "1588194638825": {
            "type": "menu",
            "settings": {
              "for_item": "Mega Menu 2",
              "menu": "mega-menu-2"
            }
          },
          "1588373781833": {
            "type": "megamenu",
            "settings": {
              "for_item": "Mega Menu",
              "grid": 2,
              "second_level_column": false,
              "second_level_column_size": 20,
              "wrap": false,
              "wrapper_grid": 12,
              "column_left_type": "none",
              "column_left_size": 0,
              "column_right_type": "2",
              "column_right_size": 6,
              "enable_width_limit": false,
              "width_limit": 630
            }
          },
          "1588373828735": {
            "type": "megamenu_promobox",
            "settings": {
              "title": "",
              "url": "shopify:\/\/collections\/accessories",
              "image": "shopify:\/\/shop_images\/26_b8dbd844-438d-429b-a542-0cbb6d22f384.png",
              "image_size": 1450,
              "color_image_mask": "",
              "image_mask_opacity": 0.5,
              "text_line_1": "Text line #1",
              "text_line_2": "Text line #2",
              "text_line_3": "Text line #3",
              "style": "1",
              "button_1": "Button #1 text",
              "button_1_url": "",
              "color_button_type_1": "default-transparent",
              "button_2": "Button #2 text",
              "button_2_url": "",
              "color_button_type_2": "default-transparent",
              "list_1": "",
              "custom_html": "",
              "type": "clean",
              "content_position": "center",
              "content_align": "center",
              "animation_to": "none",
              "animation_from": "none",
              "animation_opacity": "none",
              "customization_class": ""
            }
          },
          "1588373832518": {
            "type": "megamenu_promobox",
            "settings": {
              "title": "",
              "url": "shopify:\/\/collections\/dresses",
              "image": "shopify:\/\/shop_images\/27_aa5009a0-61e7-4893-916a-7ee9ca864c0f.png",
              "image_size": 1450,
              "color_image_mask": "",
              "image_mask_opacity": 0.5,
              "text_line_1": "Text line #1",
              "text_line_2": "Text line #2",
              "text_line_3": "Text line #3",
              "style": "1",
              "button_1": "Button #1 text",
              "button_1_url": "",
              "color_button_type_1": "default-transparent",
              "button_2": "Button #2 text",
              "button_2_url": "",
              "color_button_type_2": "default-transparent",
              "list_1": "",
              "custom_html": "",
              "type": "clean",
              "content_position": "center",
              "content_align": "center",
              "animation_to": "none",
              "animation_from": "none",
              "animation_opacity": "none",
              "customization_class": ""
            }
          },
          "1588194795470": {
            "type": "megamenu",
            "settings": {
              "for_item": "Mega Menu 2",
              "grid": 2,
              "second_level_column": true,
              "second_level_column_size": 20,
              "wrap": false,
              "wrapper_grid": 12,
              "column_left_type": "none",
              "column_left_size": 0,
              "column_right_type": "1",
              "column_right_size": 10,
              "enable_width_limit": false,
              "width_limit": 630
            }
          },
          "1588374101944": {
            "type": "megamenu_products",
            "settings": {
              "title": "",
              "collection": "trending-now",
              "products_per_row": "4",
              "products_rows": 1
            }
          },
          "1527373220764": {
            "type": "megamenu",
            "settings": {
              "for_item": "Women's",
              "grid": 4,
              "second_level_column": false,
              "second_level_column_size": 50,
              "wrap": true,
              "wrapper_grid": 8,
              "column_left_type": "none",
              "column_left_size": 0,
              "column_right_type": "1",
              "column_right_size": 4,
              "enable_width_limit": false,
              "width_limit": 630
            }
          },
          "1527420420060": {
            "type": "megamenu_promobox",
            "settings": {
              "title": "",
              "url": "shopify:\/\/collections",
              "image": "shopify:\/\/shop_images\/4.jpg",
              "image_size": 400,
              "color_image_mask": "",
              "image_mask_opacity": 0.5,
              "text_line_1": "SALE & SPECIAL <br>OFFERS",
              "text_line_2": "Get up to 20% off",
              "text_line_3": "Text line 3",
              "style": "3",
              "button_1": "Button text",
              "button_1_url": "",
              "color_button_type_1": "inherit",
              "button_2": "Button text #2",
              "button_2_url": "",
              "color_button_type_2": "inherit",
              "list_1": "",
              "custom_html": "",
              "type": "type-3",
              "content_position": "center",
              "content_align": "center",
              "animation_to": "center",
              "animation_from": "default",
              "animation_opacity": "hover",
              "customization_class": ""
            }
          },
          "1527373227613": {
            "type": "megamenu",
            "settings": {
              "for_item": "Men's",
              "grid": 4,
              "second_level_column": false,
              "second_level_column_size": 10,
              "wrap": false,
              "wrapper_grid": 12,
              "column_left_type": "none",
              "column_left_size": 0,
              "column_right_type": "none",
              "column_right_size": 0,
              "enable_width_limit": true,
              "width_limit": 630
            }
          },
          "1527372910910": {
            "type": "megamenu",
            "settings": {
              "for_item": "Layouts",
              "grid": 6,
              "second_level_column": false,
              "second_level_column_size": 24,
              "wrap": false,
              "wrapper_grid": 12,
              "column_left_type": "none",
              "column_left_size": 0,
              "column_right_type": "2",
              "column_right_size": 0,
              "enable_width_limit": true,
              "width_limit": 430
            }
          },
          "1527373213741": {
            "type": "megamenu",
            "settings": {
              "for_item": "Shop",
              "grid": 4,
              "second_level_column": false,
              "second_level_column_size": 20,
              "wrap": false,
              "wrapper_grid": 12,
              "column_left_type": "none",
              "column_left_size": 0,
              "column_right_type": "none",
              "column_right_size": 0,
              "enable_width_limit": true,
              "width_limit": 630
            }
          },
          "1527422624107": {
            "type": "megamenu_title_image",
            "settings": {
              "for_item": "Men's+Clothing",
              "image": "shopify:\/\/shop_images\/09.png",
              "image_size": 170,
              "for_item_2": "Men's+Shoes",
              "image_2": "shopify:\/\/shop_images\/10.png",
              "image_size_2": 200,
              "for_item_3": "Men's+Accessories",
              "image_3": "shopify:\/\/shop_images\/11.png",
              "image_size_3": 200,
              "for_item_4": "",
              "image_4": "",
              "image_size_4": 200,
              "for_item_5": "",
              "image_5": "",
              "image_size_5": 200
            }
          },
          "1588371701820": {
            "type": "icon",
            "settings": {
              "for_vertical": true,
              "for_item_1": "Women's",
              "icon_1": "icon-theme-050",
              "for_item_2": "Men's",
              "icon_2": "icon-theme-048",
              "for_item_3": "Layouts",
              "icon_3": "icon-theme-083",
              "for_item_4": "Shop",
              "icon_4": "icon-theme-088",
              "for_item_5": "Blog",
              "icon_5": "icon-theme-086",
              "for_item_6": "Gallery",
              "icon_6": "icon-theme-307",
              "for_item_7": "Pages",
              "icon_7": "icon-theme-208",
              "for_item_8": "Videos",
              "icon_8": "icon-theme-211",
              "for_item_9": "Documentation",
              "icon_9": "icon-theme-173",
              "for_item_10": "Support system",
              "icon_10": "icon-theme-172",
              "for_item_11": "Buy theme",
              "icon_11": "icon-theme-117",
              "for_item_12": "Category#1",
              "icon_12": "icon-theme-047",
              "for_item_13": "Category #2",
              "icon_13": "icon-theme-059",
              "for_item_14": "",
              "icon_14": "",
              "for_item_15": "",
              "icon_15": "",
              "for_item_16": "",
              "icon_16": "",
              "for_item_17": "",
              "icon_17": "",
              "for_item_18": "",
              "icon_18": "",
              "for_item_19": "",
              "icon_19": "",
              "for_item_20": "",
              "icon_20": ""
            }
          },
          "1543698183190": {
            "type": "megamenu_label",
            "settings": {
              "type": "hot",
              "text": "",
              "for_item": "Layouts+Layouts+Home V1",
              "for_item_2": "Layouts+Layouts+Home V3",
              "for_item_3": "Layouts+Layouts+Home V6",
              "for_item_4": "Women's+Shoes+Heels",
              "for_item_5": "Layouts+Skins+Skin 4 - One Product",
              "for_item_6": "Shop+Collection layouts+Look book",
              "for_item_7": "Shop+Single Product Layouts+3D Models and Video",
              "for_item_8": "Mega menu 2+item #1",
              "for_item_9": "Mega menu 2+item #1+item #1 - 1",
              "for_item_10": "",
              "for_item_11": "",
              "for_item_12": "",
              "for_item_13": "",
              "for_item_14": "",
              "for_item_15": ""
            }
          },
          "1527438870190": {
            "type": "megamenu_label",
            "settings": {
              "type": "new",
              "text": "",
              "for_item": "Women's+Clothing+Dresses",
              "for_item_2": "Shop+product options+Custom Image, Text",
              "for_item_3": "Layouts+Skins+Skin 11 - Christmas",
              "for_item_4": "Layouts+Skins+Skin 9 - Computers",
              "for_item_5": "Layouts+Skins+Skin 10 - Kitchen",
              "for_item_6": "Layouts+Skins+Skin 7 - Furniture",
              "for_item_7": "Layouts+Skins+Skin 8 - Cosmetics",
              "for_item_8": "Layouts+Layouts+Home V16",
              "for_item_9": "Shop+Single Product Layouts+Product V5 — Grid",
              "for_item_10": "Mega menu 2",
              "for_item_11": "",
              "for_item_12": "",
              "for_item_13": "",
              "for_item_14": "",
              "for_item_15": ""
            }
          },
          "1582328455745": {
            "type": "megamenu_label",
            "settings": {
              "type": "new",
              "text": "SLIDER",
              "for_item": "Layouts+Layouts+Home V8",
              "for_item_2": "",
              "for_item_3": "",
              "for_item_4": "",
              "for_item_5": "",
              "for_item_6": "",
              "for_item_7": "",
              "for_item_8": "",
              "for_item_9": "",
              "for_item_10": "",
              "for_item_11": "",
              "for_item_12": "",
              "for_item_13": "",
              "for_item_14": "",
              "for_item_15": ""
            }
          },
          "1567840286505": {
            "type": "megamenu_label",
            "settings": {
              "type": "sale",
              "text": "ACTIVE",
              "for_item": "Layouts+Layouts+Home V17",
              "for_item_2": "",
              "for_item_3": "",
              "for_item_4": "",
              "for_item_5": "",
              "for_item_6": "",
              "for_item_7": "",
              "for_item_8": "",
              "for_item_9": "",
              "for_item_10": "",
              "for_item_11": "",
              "for_item_12": "",
              "for_item_13": "",
              "for_item_14": "",
              "for_item_15": ""
            }
          },
          "1591274646126": {
            "type": "megamenu_label",
            "settings": {
              "type": "sale",
              "text": "SALE",
              "for_item": "Men's+clothing+jackets",
              "for_item_2": "Men's+Shoes",
              "for_item_3": "Men's",
              "for_item_4": "Buy theme",
              "for_item_5": "Mega menu 2+item #1+item #1 - 1+item #1 - 1 - 2",
              "for_item_6": "",
              "for_item_7": "",
              "for_item_8": "",
              "for_item_9": "",
              "for_item_10": "",
              "for_item_11": "",
              "for_item_12": "",
              "for_item_13": "",
              "for_item_14": "",
              "for_item_15": ""
            }
          }
        },
        "block_order": [
          "1588194642081",
          "1588194638825",
          "1588373781833",
          "1588373828735",
          "1588373832518",
          "1588194795470",
          "1588374101944",
          "1527373220764",
          "1527420420060",
          "1527373227613",
          "1527372910910",
          "1527373213741",
          "1527422624107",
          "1588371701820",
          "1543698183190",
          "1527438870190",
          "1582328455745",
          "1567840286505",
          "1591274646126"
        ],
        "settings": {
          "type": "5",
          "style": "4",
          "menu": "header-menu-secondary",
          "show_menu_arrows": true,
          "show_menu_hover_underline": false,
          "vertical_menu": "main-menu",
          "fixed_vertical_menu": true,
          "additional_line_info_page_content": "",
          "sticky": "desktop_and_mobile",
          "desktop_sticky_type": "slim"
        }
      },
      "footer": {
        "type": "footer",
        "blocks": {
          "1586284576772": {
            "type": "custom_html",
            "settings": {
              "title": "Here to help",
              "show_title_on_desktop": false,
              "page_content": ""
            }
          },
          "1586284525260": {
            "type": "menu",
            "settings": {
              "title": "",
              "show_title_on_desktop": true,
              "menu": "shop",
              "size": 0,
              "rows_limit": 0
            }
          },
          "1586284527889": {
            "type": "menu",
            "settings": {
              "title": "",
              "show_title_on_desktop": true,
              "menu": "information",
              "size": 0,
              "rows_limit": 0
            }
          },
          "1586284530934": {
            "type": "menu",
            "settings": {
              "title": "",
              "show_title_on_desktop": true,
              "menu": "order",
              "size": 0,
              "rows_limit": 0
            }
          },
          "footer-0": {
            "type": "copyright",
            "settings": {
              "page_content": ""
            }
          },
          "1586284588048": {
            "type": "social_media",
            "settings": {
              "title": "Follow us",
              "show_facebook": true,
              "show_twitter": true,
              "show_instagram": true,
              "show_pinterest": true,
              "show_youtube": true,
              "show_behance": true,
              "show_skype": true
            }
          }
        },
        "block_order": [
          "1586284576772",
          "1586284525260",
          "1586284527889",
          "1586284530934",
          "footer-0",
          "1586284588048"
        ],
        "settings": {
          "type": "6",
          "style": "1",
          "show_logo": true,
          "show_button_back_to_top": true,
          "enable_fixed": false
        }
      },
      "collection-sidebar": {
        "type": "collection-sidebar",
        "blocks": {
          "1530696013571": {
            "type": "current_filters",
            "settings": {
              "title": "CURRENT FILTERS",
              "default_state": "open",
              "show_border": true
            }
          },
          "1530696164711": {
            "type": "collections",
            "settings": {
              "title": "COLLECTION",
              "default_state": "open",
              "show_border": true,
              "menu": "main-menu",
              "collection_tags_select": "radio"
            }
          },
          "1530696190431": {
            "type": "filters",
            "settings": {
              "title": "COLOR",
              "default_state": "open",
              "show_border": true,
              "type": "colors",
              "items": "Red|Coral|Copper|Orange|Yellow|Green|Emerald|Olive|Khaki|Aqua|Black|Silver|Blue|Grey|White|Light blue|Purple|Lilac|Violet|Pink|Plum|SandyBrown|LightPink|LightGreen",
              "show_all_from_collection": false,
              "direction": "rows",
              "max_column_size": 0,
              "columns": "2",
              "for_collections": ""
            }
          },
          "1530696245149": {
            "type": "filters",
            "settings": {
              "title": "SIZE",
              "default_state": "open",
              "show_border": true,
              "type": "tags",
              "items": "30|32|34|36|38|40|42|44|XXS|XS|S|M|L|XL|XXL|XXXL",
              "show_all_from_collection": false,
              "direction": "columns",
              "max_column_size": 8,
              "columns": "3",
              "for_collections": "womens|mens"
            }
          },
          "1573803477486": {
            "type": "filters",
            "settings": {
              "title": "SIZE",
              "default_state": "open",
              "show_border": true,
              "type": "tags",
              "items": "Small|Waistbag|Backpack",
              "show_all_from_collection": false,
              "direction": "columns",
              "max_column_size": 0,
              "columns": "1",
              "for_collections": "women-accessories"
            }
          },
          "1530696365086": {
            "type": "filter_by_price",
            "settings": {
              "title": "PRICE",
              "default_state": "open",
              "show_border": true,
              "min_value": "0",
              "max_value": "900",
              "step": "10"
            }
          },
          "1530696372892": {
            "type": "filters",
            "settings": {
              "title": "BRANDS",
              "default_state": "open",
              "show_border": true,
              "type": "vendors",
              "items": "",
              "show_all_from_collection": true,
              "direction": "columns",
              "max_column_size": 0,
              "columns": "1",
              "for_collections": ""
            }
          },
          "1539796529134": {
            "type": "parameters",
            "settings": {
              "title": "PARAMETERS",
              "default_state": "open",
              "show_border": true
            }
          },
          "1539796544868": {
            "type": "filter_by_title",
            "settings": {
              "title": "SEARCH",
              "default_state": "open",
              "show_border": true,
              "placeholder": "Enter part of the title",
              "button_text": "SEARCH"
            }
          },
          "1530696458853": {
            "type": "products",
            "settings": {
              "title": "FEATURED PRODUCTS",
              "default_state": "fixed",
              "show_border": true,
              "collection": "featured-products",
              "max_count": 3,
              "product_type": "short"
            }
          },
          "1586288838422": {
            "type": "custom_html",
            "settings": {
              "title": "CUSTOM BLOCK",
              "default_state": "fixed",
              "show_border": false,
              "page_content": ""
            }
          },
          "1586289049193": {
            "type": "promobox",
            "settings": {
              "title": "PROMOBOX",
              "default_state": "without_title",
              "show_border": false,
              "url": "shopify:\/\/products\/copy-of-cotton-blend-field-jacket",
              "image": "shopify:\/\/shop_images\/08.png",
              "image_size": 900,
              "color_image_mask": "",
              "image_mask_opacity": 0.5,
              "text_line_1": "NEW IN",
              "text_line_2": "Spring\/Summer 2020 Collection",
              "text_line_3": "Text line #3",
              "style": "1",
              "button_1": "Button #1 text",
              "button_1_url": "",
              "color_button_type_1": "default-transparent",
              "button_2": "Button #2 text",
              "button_2_url": "",
              "color_button_type_2": "default-transparent",
              "list_1": "",
              "custom_html": "",
              "video_external_url": "",
              "video_mp4_url": "",
              "video_autoplay": true,
              "video_controls": false,
              "type": "type-3",
              "animation_to": "none",
              "animation_from": "none",
              "animation_opacity": "none"
            }
          }
        },
        "block_order": [
          "1530696013571",
          "1530696164711",
          "1530696190431",
          "1530696245149",
          "1573803477486",
          "1530696365086",
          "1530696372892",
          "1539796529134",
          "1539796544868",
          "1530696458853",
          "1586288838422",
          "1586289049193"
        ],
        "settings": {
          "hide_blocks_without_filters": false
        }
      },
      "collection-head": {
        "type": "collection-head",
        "settings": {
          "default_desktop_title": "title_with_description",
          "default_mobile_title": "title_with_description",
          "margins_for_columns": "none"
        }
      },
      "collection-body": {
        "type": "collection-body",
        "settings": {
          "show_sort_by": true,
          "show_info": true,
          "show_view_length": true,
          "enable_view_length_6": true,
          "enable_view_length_12": true,
          "enable_view_length_18": true,
          "enable_view_length_24": true,
          "enable_view_length_48": false,
          "default_view_length": "12",
          "show_view_grid": true,
          "show_view_grid_1": true,
          "show_view_grid_2": true,
          "show_view_grid_3": true,
          "show_view_grid_4": true,
          "show_view_grid_list": true,
          "default_view_grid_xl": "3",
          "default_view_grid_lg": "3",
          "default_view_grid_md": "3",
          "default_view_grid_sm": "2",
          "default_view_grid_xs": "2",
          "enable_grid_tooltip": true
        }
      },
      "carousel-products": {
        "type": "carousel-products",
        "blocks": {
          "1586291186708": {
            "type": "collection",
            "settings": {
              "title": "",
              "collection": "trending-now"
            }
          }
        },
        "block_order": [
          "1586291186708"
        ],
        "settings": {
          "show_title": true,
          "container": "boxed",
          "size_of_columns": "4",
          "max_count": 6,
          "autoplay": true,
          "speed": 5,
          "infinite": true,
          "arrows": true,
          "bullets": true
        }
      },
      "product": {
        "type": "product",
        "blocks": {
          "1586291669434": {
            "type": "tab_custom_html",
            "settings": {
              "title": "ADDITIONAL",
              "page_content": ""
            }
          },
          "1586291704115": {
            "type": "tab_custom_html",
            "settings": {
              "title": "CUSTOM TAB",
              "page_content": ""
            }
          }
        },
        "block_order": [
          "1586291669434",
          "1586291704115"
        ],
        "settings": {
          "show_tabs": true,
          "show_tab_description": true,
          "show_tab_reviews": true
        }
      },
      "carousel-related-products": {
        "type": "carousel-related-products",
        "settings": {
          "type": "related",
          "title": "Related Products",
          "size_of_columns": "4",
          "max_count": 6,
          "autoplay": true,
          "speed": 5,
          "infinite": true,
          "arrows": true,
          "bullets": true
        }
      },
      "product-fixed-sizebar": {
        "type": "product-fixed-sizebar",
        "blocks": {
          "1586291806417": {
            "type": "text_line",
            "settings": {
              "icon": "",
              "text": "",
              "min_value": "150",
              "max_value": "500"
            }
          },
          "1586291808135": {
            "type": "text_line",
            "settings": {
              "icon": "",
              "text": "",
              "min_value": "50",
              "max_value": "150"
            }
          },
          "1586291810188": {
            "type": "text_line",
            "settings": {
              "icon": "",
              "text": "",
              "min_value": "3",
              "max_value": "48"
            }
          }
        },
        "block_order": [
          "1586291806417",
          "1586291808135",
          "1586291810188"
        ],
        "settings": {
        }
      },
      "list-collections": {
        "type": "list-collections",
        "settings": {
          "size_of_columns": "4",
          "type": "list-collections-1",
          "masonry_enable": false,
          "height": "auto",
          "image_size": 900,
          "format_pjpg": true,
          "animation_to": "none",
          "animation_from": "none",
          "animation_opacity": "none"
        }
      },
      "blog-sidebar": {
        "type": "blog-sidebar",
        "settings": {
        }
      },
      "blog-body": {
        "type": "blog-body",
        "settings": {
          "show_title": false,
          "type": "1",
          "masonry_enable": true,
          "max_posts": 12,
          "show_image": true,
          "show_information": true,
          "show_tags": true,
          "show_content": true,
          "show_button": true,
          "show_comments": true,
          "show_empty_comments": true,
          "max_post_content_length": 100
        }
      },
      "article-body": {
        "type": "article-body",
        "blocks": {
          "1541433718854": {
            "type": "slide",
            "settings": {
              "for_article": "news\/how-to-layer-sweaters-for-extra-warmth-style",
              "image": "",
              "title": "Collection 2019"
            }
          },
          "1541433806550": {
            "type": "slide",
            "settings": {
              "for_article": "news\/how-to-layer-sweaters-for-extra-warmth-style",
              "image": "",
              "title": "Sale 70% Off"
            }
          },
          "1541434047934": {
            "type": "slide",
            "settings": {
              "for_article": "news\/how-to-layer-sweaters-for-extra-warmth-style",
              "image": "",
              "title": "Title for image"
            }
          }
        },
        "block_order": [
          "1541433718854",
          "1541433806550",
          "1541434047934"
        ],
        "settings": {
          "show_information": true,
          "show_image": true,
          "show_content": true,
          "show_tags": true,
          "show_navigation": true,
          "show_comments": true,
          "autoplay": true,
          "speed": 5,
          "infinite": true
        }
      },
      "faqs": {
        "type": "faqs",
        "blocks": {
          "1586292266168": {
            "type": "section",
            "settings": {
              "question": "WHAT ARE SHIPPING TIMES AND COSTS?",
              "page_content": "",
              "answer": "",
              "is_open": true
            }
          },
          "1586292269155": {
            "type": "section",
            "settings": {
              "question": "WHAT PAYMENT METHODS CAN I USE?",
              "page_content": "",
              "answer": "",
              "is_open": true
            }
          },
          "1586292270787": {
            "type": "section",
            "settings": {
              "question": "WHAT IS YOUR EXCHANGES, RETURNS AND REFUNDS POLICY?",
              "page_content": "",
              "answer": "",
              "is_open": true
            }
          }
        },
        "block_order": [
          "1586292266168",
          "1586292269155",
          "1586292270787"
        ],
        "settings": {
        }
      },
      "contact-map": {
        "type": "contact-map",
        "settings": {
          "code": "<iframe width=\"600\" height=\"450\" frameborder=\"0\" style=\"border:0\" src=\"https:\/\/www.google.com\/maps\/embed\/v1\/place?key=AIzaSyBwY_0PWuwH_A5y4iwNAqpaUbUjRPySkFc%0A%20%20%20%20&q=7563%20St.%20Vicent%20Place,%20Glasgow\" allowfullscreen=\"\"><\/iframe>"
        }
      },
      "gallery": {
        "type": "gallery",
        "blocks": {
          "1538750989796": {
            "type": "item",
            "settings": {
              "page_name": "",
              "grid": 4,
              "image": "",
              "image_size": 500,
              "text_line_01": "FASHION",
              "text_line_02": "Lorem ipsum dolor sit amet"
            }
          },
          "1538751247440": {
            "type": "item",
            "settings": {
              "page_name": "",
              "grid": 4,
              "image": "",
              "image_size": 500,
              "text_line_01": "TEXT LINE #1",
              "text_line_02": "Text line #2"
            }
          },
          "1538751255150": {
            "type": "item",
            "settings": {
              "page_name": "",
              "grid": 4,
              "image": "",
              "image_size": 500,
              "text_line_01": "VINTAGE",
              "text_line_02": "Lorem ipsum dolor sit amet"
            }
          },
          "1538751296926": {
            "type": "item",
            "settings": {
              "page_name": "",
              "grid": 4,
              "image": "",
              "image_size": 500,
              "text_line_01": "SUMMER",
              "text_line_02": "Lorem ipsum dolor sit amet"
            }
          },
          "1538751341984": {
            "type": "item",
            "settings": {
              "page_name": "",
              "grid": 4,
              "image": "",
              "image_size": 500,
              "text_line_01": "BEACHWEAR",
              "text_line_02": "Lorem ipsum dolor sit amet"
            }
          },
          "1538751381554": {
            "type": "item",
            "settings": {
              "page_name": "",
              "grid": 4,
              "image": "",
              "image_size": 500,
              "text_line_01": "SUNGLASSES",
              "text_line_02": "Lorem ipsum dolor sit amet"
            }
          },
          "1538751390330": {
            "type": "item",
            "settings": {
              "page_name": "",
              "grid": 4,
              "image": "",
              "image_size": 500,
              "text_line_01": "WINTER",
              "text_line_02": "Lorem ipsum dolor sit amet"
            }
          },
          "1538751410356": {
            "type": "item",
            "settings": {
              "page_name": "",
              "grid": 4,
              "image": "",
              "image_size": 500,
              "text_line_01": "SHORTS",
              "text_line_02": "Lorem ipsum dolor sit amet"
            }
          },
          "1538751452219": {
            "type": "item",
            "settings": {
              "page_name": "",
              "grid": 4,
              "image": "",
              "image_size": 500,
              "text_line_01": "ACCESSORIES",
              "text_line_02": "Lorem ipsum dolor sit amet"
            }
          }
        },
        "block_order": [
          "1538750989796",
          "1538751247440",
          "1538751255150",
          "1538751296926",
          "1538751341984",
          "1538751381554",
          "1538751390330",
          "1538751410356",
          "1538751452219"
        ],
        "settings": {
          "container": "inherit",
          "masonry_enable": true
        }
      },
      "home-builder": {
        "type": "home-builder",
        "settings": {
          "title": "",
          "container": "boxed",
          "size_of_columns": "1",
          "margins_for_columns": "none",
          "align_of_columns": "top_center",
          "disable_column_paddings": false,
          "precedence": "",
          "customization_class": ""
        }
      },
      "lookbook": {
        "type": "lookbook",
        "blocks": {
          "1542384287656": {
            "type": "image",
            "settings": {
              "page_name": "",
              "name": "Image #1",
              "image": ""
            }
          },
          "1542384329087": {
            "type": "product",
            "settings": {
              "for_name": "Image #1",
              "product": "copy-of-floppy-hat",
              "horizontal_position": 60,
              "vertical_position": 42
            }
          },
          "1542384456250": {
            "type": "product",
            "settings": {
              "for_name": "Image #1",
              "product": "copy-of-cotton-off-the-shoulder-tee",
              "horizontal_position": 28,
              "vertical_position": 80
            }
          },
          "1542384593282": {
            "type": "image",
            "settings": {
              "page_name": "",
              "name": "Image #2",
              "image": ""
            }
          },
          "1542385389127": {
            "type": "product",
            "settings": {
              "for_name": "Image #2",
              "product": "meizu-usb-type-c-metal-data-cable",
              "horizontal_position": 57,
              "vertical_position": 23
            }
          },
          "1542385469823": {
            "type": "product",
            "settings": {
              "for_name": "Image #2",
              "product": "copy-of-cotton-off-the-shoulder-tee",
              "horizontal_position": 64,
              "vertical_position": 91
            }
          },
          "1542385530191": {
            "type": "image",
            "settings": {
              "page_name": "",
              "name": "Image #3",
              "image": ""
            }
          },
          "1542385552624": {
            "type": "product",
            "settings": {
              "for_name": "Image #3",
              "product": "copy-of-flared-trousers",
              "horizontal_position": 48,
              "vertical_position": 42
            }
          },
          "1542385639752": {
            "type": "product",
            "settings": {
              "for_name": "Image #3",
              "product": "beats-pro",
              "horizontal_position": 66,
              "vertical_position": 66
            }
          },
          "1542385876463": {
            "type": "image",
            "settings": {
              "page_name": "",
              "name": "Image #4",
              "image": ""
            }
          },
          "1542385895396": {
            "type": "product",
            "settings": {
              "for_name": "Image #4",
              "product": "copy-of-drawstring-sweater",
              "horizontal_position": 54,
              "vertical_position": 47
            }
          },
          "1542385994777": {
            "type": "product",
            "settings": {
              "for_name": "Image #4",
              "product": "skinny-mid-rise-trousers",
              "horizontal_position": 34,
              "vertical_position": 71
            }
          },
          "1542386125065": {
            "type": "image",
            "settings": {
              "page_name": "",
              "name": "Image #5",
              "image": ""
            }
          },
          "1542386146183": {
            "type": "product",
            "settings": {
              "for_name": "Image #5",
              "product": "copy-of-mini-tweed-backpack",
              "horizontal_position": 55,
              "vertical_position": 53
            }
          },
          "1542386237758": {
            "type": "image",
            "settings": {
              "page_name": "",
              "name": "Image #6",
              "image": ""
            }
          },
          "1542386264335": {
            "type": "product",
            "settings": {
              "for_name": "Image #6",
              "product": "beats-pro",
              "horizontal_position": 40,
              "vertical_position": 65
            }
          }
        },
        "block_order": [
          "1542384287656",
          "1542384329087",
          "1542384456250",
          "1542384593282",
          "1542385389127",
          "1542385469823",
          "1542385530191",
          "1542385552624",
          "1542385639752",
          "1542385876463",
          "1542385895396",
          "1542385994777",
          "1542386125065",
          "1542386146183",
          "1542386237758",
          "1542386264335"
        ],
        "settings": {
          "show_title": false,
          "layout": "1",
          "grid": "3",
          "grid_responsive": "",
          "image_size": 600
        }
      },
      "1587741785723": {
        "type": "home-builder",
        "blocks": {
          "1587741801268": {
            "type": "vertical_menu_spacer",
            "settings": {
              "menu": "main-menu"
            }
          },
          "1587741877890": {
            "type": "slick_slider",
            "settings": {
              "height": "auto",
              "min_height": 0,
              "size_of_column": "auto",
              "arrows": false,
              "bullets": true,
              "speed": 7
            }
          },
          "1587741931962": {
            "type": "slick_slide",
            "settings": {
              "url": "shopify:\/\/collections\/womens",
              "image": "shopify:\/\/shop_images\/1.jpg",
              "image_size": 900,
              "image_mobile": "shopify:\/\/shop_images\/Rectangle_8-3.jpg",
              "image_mobile_size": 550,
              "image_position_x": 50,
              "color_image_mask": "",
              "image_mask_opacity": 0.5,
              "text_line_1": "NEW <br>SEASON",
              "text_line_2": "New arrivals are here!",
              "text_line_3": "Text line #3",
              "style": "2",
              "button_1": "DISCOVER MORE",
              "button_1_url": "",
              "color_button_type_1": "secondary",
              "button_2": "Button #2 text",
              "button_2_url": "",
              "color_button_type_2": "default-transparent",
              "custom_html": "",
              "video_external_url": "",
              "video_mp4_url": "",
              "video_autoplay": true,
              "video_controls": false,
              "type": "type-1-4",
              "content_position": "center",
              "content_align": "center",
              "content_width": 100,
              "animation_text": "translate-bottom",
              "customization_class": ""
            }
          },
          "1587741935289": {
            "type": "slick_slide",
            "settings": {
              "url": "shopify:\/\/collections\/mens",
              "image": "shopify:\/\/shop_images\/2.jpg",
              "image_size": 900,
              "image_mobile": "shopify:\/\/shop_images\/Rectangle_8.jpg",
              "image_mobile_size": 550,
              "image_position_x": 21,
              "color_image_mask": "",
              "image_mask_opacity": 0.5,
              "text_line_1": "TOUCH <br>OF COLOR",
              "text_line_2": "Essential styles come alive in bright colours",
              "text_line_3": "Text line #3",
              "style": "2",
              "button_1": "DISCOVER MORE",
              "button_1_url": "",
              "color_button_type_1": "secondary",
              "button_2": "Button #2 text",
              "button_2_url": "",
              "color_button_type_2": "default-transparent",
              "custom_html": "",
              "video_external_url": "",
              "video_mp4_url": "",
              "video_autoplay": true,
              "video_controls": false,
              "type": "type-1-4",
              "content_position": "center",
              "content_align": "center",
              "content_width": 100,
              "animation_text": "translate-top",
              "customization_class": ""
            }
          },
          "1587741939066": {
            "type": "slick_slide",
            "settings": {
              "url": "shopify:\/\/collections\/accessories",
              "image": "shopify:\/\/shop_images\/3.jpg",
              "image_size": 900,
              "image_mobile": "shopify:\/\/shop_images\/Rectangle_8-2.jpg",
              "image_mobile_size": 550,
              "image_position_x": 50,
              "color_image_mask": "",
              "image_mask_opacity": 0.5,
              "text_line_1": "FINAL <br>CLEARANCE",
              "text_line_2": "Take 20% off ‘Sale Must-Haves'",
              "text_line_3": "Text line #3",
              "style": "5",
              "button_1": "DISCOVER MORE",
              "button_1_url": "",
              "color_button_type_1": "invert-transparent",
              "button_2": "Button #2 text",
              "button_2_url": "",
              "color_button_type_2": "default-transparent",
              "custom_html": "",
              "video_external_url": "",
              "video_mp4_url": "",
              "video_autoplay": true,
              "video_controls": false,
              "type": "type-1-4",
              "content_position": "center",
              "content_align": "center",
              "content_width": 100,
              "animation_text": "translate-bottom",
              "customization_class": ""
            }
          }
        },
        "block_order": [
          "1587741801268",
          "1587741877890",
          "1587741931962",
          "1587741935289",
          "1587741939066"
        ],
        "settings": {
          "title": "",
          "container": "boxed",
          "size_of_columns": "1",
          "margins_for_columns": "none",
          "align_of_columns": "top_center",
          "disable_column_paddings": false,
          "precedence": "",
          "customization_class": ""
        }
      },
      "1587744506952": {
        "type": "information-line",
        "blocks": {
          "1587744506952-0": {
            "type": "content",
            "settings": {
              "icon": "theme-116",
              "title": "Free Shipping.",
              "paragraph": "All orders of $49 or more of eligible items across any product category qualify.",
              "url": ""
            }
          },
          "1587744506952-1": {
            "type": "content",
            "settings": {
              "icon": "theme-125",
              "title": "Payment Methods.",
              "paragraph": "Credit Card: Visa, MasterCard, Maestro, American Express.",
              "url": ""
            }
          },
          "1587744506952-2": {
            "type": "content",
            "settings": {
              "icon": "theme-009",
              "title": "Returns & Refunds.",
              "paragraph": "You can return any item purchased on Shella within 20 days of the delivery date.",
              "url": ""
            }
          }
        },
        "block_order": [
          "1587744506952-0",
          "1587744506952-1",
          "1587744506952-2"
        ],
        "settings": {
          "title": "",
          "style": "1"
        }
      },
      "1587744517035": {
        "type": "carousel-products",
        "blocks": {
          "1587744528052": {
            "type": "collection",
            "settings": {
              "title": "",
              "collection": "new-products"
            }
          },
          "1587744538801": {
            "type": "collection",
            "settings": {
              "title": "",
              "collection": "special-products"
            }
          },
          "1587744545770": {
            "type": "collection",
            "settings": {
              "title": "",
              "collection": "featured-products"
            }
          }
        },
        "block_order": [
          "1587744528052",
          "1587744538801",
          "1587744545770"
        ],
        "settings": {
          "show_title": true,
          "container": "boxed",
          "size_of_columns": "4",
          "max_count": 6,
          "autoplay": true,
          "speed": 5,
          "infinite": true,
          "arrows": true,
          "bullets": true
        }
      },
      "1587746212552": {
        "type": "home-builder",
        "blocks": {
          "1587746220321": {
            "type": "promobox",
            "settings": {
              "url": "shopify:\/\/collections\/womens",
              "image": "shopify:\/\/shop_images\/26.png",
              "image_size": 1450,
              "image_mobile": "",
              "image_mobile_size": 550,
              "image_position_x": 50,
              "color_image_mask": "",
              "image_mask_opacity": 0.5,
              "text_line_1": "NEW ARRIVALS",
              "text_line_2": "TOUCH OF COLOR",
              "text_line_3": "Essential styles come alive in bright colors.",
              "style": "2",
              "button_1": "DISCOVER MORE",
              "button_1_url": "",
              "color_button_type_1": "secondary",
              "button_2": "Button #2 text",
              "button_2_url": "",
              "color_button_type_2": "default-transparent",
              "list_1": "",
              "custom_html": "",
              "video_external_url": "",
              "video_mp4_url": "",
              "video_autoplay": true,
              "video_controls": false,
              "type": "type-1-3",
              "content_position": "center",
              "content_align": "center",
              "content_width": 100,
              "height": "auto",
              "min_height": 0,
              "size_of_column": "auto",
              "visible": "desktop_mobile",
              "parallax": "disable",
              "animation_to": "none",
              "animation_from": "none",
              "animation_opacity": "none",
              "animation_text": "none",
              "customization_class": ""
            }
          },
          "1587746222808": {
            "type": "promobox",
            "settings": {
              "url": "shopify:\/\/collections\/mens",
              "image": "shopify:\/\/shop_images\/27.png",
              "image_size": 1450,
              "image_mobile": "",
              "image_mobile_size": 550,
              "image_position_x": 50,
              "color_image_mask": "",
              "image_mask_opacity": 0.5,
              "text_line_1": "DISCOVER THEM ALL",
              "text_line_2": "THIS SEASON'S <br>BOMBER JACKETS",
              "text_line_3": "",
              "style": "2",
              "button_1": "DISCOVER MORE",
              "button_1_url": "",
              "color_button_type_1": "secondary",
              "button_2": "Button #2 text",
              "button_2_url": "",
              "color_button_type_2": "default-transparent",
              "list_1": "",
              "custom_html": "",
              "video_external_url": "",
              "video_mp4_url": "",
              "video_autoplay": true,
              "video_controls": false,
              "type": "type-1-3",
              "content_position": "center",
              "content_align": "center",
              "content_width": 100,
              "height": "auto",
              "min_height": 0,
              "size_of_column": "auto",
              "visible": "desktop_mobile",
              "parallax": "disable",
              "animation_to": "none",
              "animation_from": "none",
              "animation_opacity": "none",
              "animation_text": "none",
              "customization_class": ""
            }
          }
        },
        "block_order": [
          "1587746220321",
          "1587746222808"
        ],
        "settings": {
          "title": "",
          "container": "boxed",
          "size_of_columns": "2",
          "margins_for_columns": "preset_1",
          "align_of_columns": "top_center",
          "disable_column_paddings": false,
          "precedence": "",
          "customization_class": ""
        }
      },
      "1587746523335": {
        "type": "home-builder",
        "blocks": {
          "1587746540459": {
            "type": "products",
            "settings": {
              "title": "Women's",
              "collection": "womens",
              "max_products": 3,
              "size_of_column": "auto"
            }
          },
          "1587746538083": {
            "type": "products",
            "settings": {
              "title": "Men's",
              "collection": "mens",
              "max_products": 3,
              "size_of_column": "auto"
            }
          },
          "1587746543230": {
            "type": "products",
            "settings": {
              "title": "Accessories",
              "collection": "accessories",
              "max_products": 3,
              "size_of_column": "auto"
            }
          }
        },
        "block_order": [
          "1587746540459",
          "1587746538083",
          "1587746543230"
        ],
        "settings": {
          "title": "",
          "container": "boxed",
          "size_of_columns": "3",
          "margins_for_columns": "none",
          "align_of_columns": "top_center",
          "disable_column_paddings": false,
          "precedence": "",
          "customization_class": ""
        }
      },
      "1587746634577": {
        "type": "carousel-brands",
        "blocks": {
          "1587746638880": {
            "type": "brand",
            "settings": {
              "image": "shopify:\/\/shop_images\/brand1_500x_7d78752b-f9c1-4f6f-a7a1-0df29895af51.png",
              "link": "\/collections\/all?constraint=custom-filter+vendor=calvin-klein"
            }
          },
          "1587746640360": {
            "type": "brand",
            "settings": {
              "image": "shopify:\/\/shop_images\/brand2_500x_37c60490-bd48-4b3a-a9eb-2123d3a5a336.png",
              "link": "\/collections\/all?constraint=custom-filter+vendor=chanel"
            }
          },
          "1587746643209": {
            "type": "brand",
            "settings": {
              "image": "shopify:\/\/shop_images\/Group_2.1_500x_29c7f75a-b96c-4691-ab45-faa682894f3d.png",
              "link": "\/collections\/all?constraint=custom-filter+vendor=dior"
            }
          },
          "1587746644384": {
            "type": "brand",
            "settings": {
              "image": "shopify:\/\/shop_images\/Group_2.3_500x_9275ab81-2c5d-4d2c-bb37-7074d9a5ae49.png",
              "link": "\/collections\/all?constraint=custom-filter+vendor=gap"
            }
          },
          "1587746645832": {
            "type": "brand",
            "settings": {
              "image": "shopify:\/\/shop_images\/Group_2.4_500x_6c5dbb0d-924c-4f85-80b6-6625e45f034d.png",
              "link": "\/collections\/all?constraint=custom-filter+vendor=giorgio-armani"
            }
          },
          "1587746647658": {
            "type": "brand",
            "settings": {
              "image": "shopify:\/\/shop_images\/Group_2_500x_8075708c-0a33-4643-9294-5cb2fc9394c3.png",
              "link": "\/collections\/all?constraint=custom-filter+vendor=lacoste"
            }
          },
          "1587746648915": {
            "type": "brand",
            "settings": {
              "image": "shopify:\/\/shop_images\/brand1_500x_7d78752b-f9c1-4f6f-a7a1-0df29895af51.png",
              "link": "\/collections\/all?constraint=custom-filter+vendor=prada"
            }
          },
          "1587746650219": {
            "type": "brand",
            "settings": {
              "image": "shopify:\/\/shop_images\/brand2_500x_37c60490-bd48-4b3a-a9eb-2123d3a5a336.png",
              "link": "\/collections\/all?constraint=custom-filter+vendor=zara"
            }
          }
        },
        "block_order": [
          "1587746638880",
          "1587746640360",
          "1587746643209",
          "1587746644384",
          "1587746645832",
          "1587746647658",
          "1587746648915",
          "1587746650219"
        ],
        "settings": {
          "title": "",
          "layout": "slider",
          "size_of_columns": "6",
          "image_max_width": 0,
          "bordered_links": true,
          "border_radius": "",
          "autoplay": true,
          "speed": 5,
          "infinite": true,
          "arrows": true,
          "bullets": false
        }
      },
      "1587746870511": {
        "type": "carousel-articles",
        "settings": {
          "title": "Latest Articles",
          "blog": "news",
          "layout": "2",
          "max_symbols_count": 200,
          "show_details": true,
          "button_text": "READ & SHOP",
          "size_of_columns": "4",
          "max_items_count": 10,
          "autoplay": true,
          "speed": 5,
          "infinite": true,
          "arrows": true,
          "bullets": true
        }
      },
      "1587746983071": {
        "type": "subscription-form",
        "settings": {
          "title": "NEWSLETTER SUBSCRIPTION",
          "paragraph": "Sign up for Shella updates to receive information about new arrivals, future events and specials.",
          "placeholder": "Enter Your Email Address",
          "button_text": "SUBSCRIBE!",
          "style": "2"
        }
      },
      "1587747941735": {
        "type": "spacer",
        "settings": {
          "margin_top": 30,
          "margin_bottom": 0,
          "margin_top_mobile": 10,
          "margin_bottom_mobile": 0,
          "container": "boxed",
          "show_separator": false
        }
      },
      "1587747966575": {
        "type": "spacer",
        "settings": {
          "margin_top": 30,
          "margin_bottom": 0,
          "margin_top_mobile": 0,
          "margin_bottom_mobile": 0,
          "container": "boxed",
          "show_separator": false
        }
      },
      "1587748654137": {
        "type": "spacer",
        "settings": {
          "margin_top": 65,
          "margin_bottom": 0,
          "margin_top_mobile": 45,
          "margin_bottom_mobile": 0,
          "container": "boxed",
          "show_separator": false
        }
      },
      "1587748676841": {
        "type": "spacer",
        "settings": {
          "margin_top": 60,
          "margin_bottom": 0,
          "margin_top_mobile": 45,
          "margin_bottom_mobile": 0,
          "container": "boxed",
          "show_separator": false
        }
      },
      "1587748694791": {
        "type": "spacer",
        "settings": {
          "margin_top": 50,
          "margin_bottom": 0,
          "margin_top_mobile": 35,
          "margin_bottom_mobile": 0,
          "container": "boxed",
          "show_separator": false
        }
      },
      "1587748716483": {
        "type": "spacer",
        "settings": {
          "margin_top": 60,
          "margin_bottom": 0,
          "margin_top_mobile": 35,
          "margin_bottom_mobile": 0,
          "container": "boxed",
          "show_separator": false
        }
      },
      "1587748743309": {
        "type": "spacer",
        "settings": {
          "margin_top": 70,
          "margin_bottom": 55,
          "margin_top_mobile": 40,
          "margin_bottom_mobile": 45,
          "container": "fullwidth",
          "show_separator": true
        }
      },
      "1587748778066": {
        "type": "spacer",
        "settings": {
          "margin_top": 60,
          "margin_bottom": 0,
          "margin_top_mobile": 45,
          "margin_bottom_mobile": 0,
          "container": "boxed",
          "show_separator": false
        }
      }
    },
    "content_for_index": [
      "1587747941735",
      "1587741785723",
      "1587747966575",
      "1587744506952",
      "1587748654137",
      "1587744517035",
      "1587748676841",
      "1587746212552",
      "1587748694791",
      "1587746523335",
      "1587748716483",
      "1587746634577",
      "1587748743309",
      "1587746870511",
      "1587748778066",
      "1587746983071"
    ]
  }
}