{"articles":[{"id":21573730357,"title":"Blast from the past: check out the 90s fashion revival","created_at":"2019-09-11T09:14:40-04:00","body_html":"\u003cp class=\"article-text\"\u003eLorem ipsum dolor sit amet conse ctetur adipisicing elit, sed do eiusmod tempor incididunt ut labore et dolore magna aliqua. Ut enim ad minim veniam, quis nostrud exercitation ullamco laboris nisi ut aliquip ex ea commodo consequat. Duis aute irure dolor in reprehenderit in voluptate velit esse cillum dolore eu fugiat nulla pariatur. Lorem ipsum dolor sit amet conse ctetur adipisicing elit, sed do eiusmod tempor incididunt ut labore et dolore magna aliqua. Lorem ipsum dolor sit amet conse ctetur adipisicing eli. Shella Shopify Theme.  \u003c\/p\u003e\n\u003cp class=\"article-text\"\u003eNostrud exercitation ullamco laboris nisi ut aliquip ex ea commodo consequat. Duis aute irure dolor in reprehenderit in voluptate velit esse cillum dolore eu fugiat nulla pariatur. Lorem ipsum dolor sit amet conse ctetur. \u003cspan\u003eShella \u003c\/span\u003e\u003cspan\u003eS\u003c\/span\u003e\u003cspan\u003ehopify Theme. \u003c\/span\u003e\u003c\/p\u003e\n\u003ch3\u003eSample Paragraph Text With Images\u003c\/h3\u003e\n\u003cp class=\"article-text\"\u003eLorem ipsum dolor sit amet conse ctetur adipisicing elit, sed do eiusmod tempor incididunt ut labore et dolore magna aliqua. Ut enim ad minim veniam, quis nostrud exercitation ullamco laboris nisi ut aliquip ex ea commodo consequat. Duis aute irure dolor in reprehenderit in voluptate velit esse cillum dolore eu fugiat nulla pariatur. Lorem ipsum dolor sit \u003cspan\u003eamet conse ctetur \u003c\/span\u003eamet conse ctetur adipisicing eli.\u003c\/p\u003e\n\u003cp class=\"article-text\"\u003e\u003cimg src=\"\/\/cdn.shopify.com\/s\/files\/1\/0026\/2956\/6516\/files\/01_9ced00b0-22b8-437f-b3da-5e20738cdd34_large.png?v=1533832119\" alt=\"\" width=\"469\" height=\"343\" style=\"float: left;\" class=\"my-20 mr-sm-30\"\u003eLorem ipsum dolor sit amet conse ctetur adipisicing elit, sed do eiusmod tempor incididunt ut labore et dolore magna aliqua. Ut enim ad minim veniam, quis nostrud exercitation ullamco laboris nisi ut aliquip ex ea commodo consequat. Duis aute irure dolor in reprehenderit in voluptate velit esse cillum dolore eu fugiat nulla pariatur. Lorem ipsum dolor sit amet conse ctetur adipisicing elit, sed do eiusmod tempor incididunt ut labore et dolore magna aliqua. Lorem ipsum dolor sit amet conse ctetur adipisicing elit, sed do eiusmod tempor incididunt ut labore et dolore magna aliqua. Ut enim ad minim veniam, quis nostrud exercitation ullamco laboris nisi ut  Lorem ipsum dolor sit amet conse ctetur adipisicing elit, sed do eiusmod tempor incididunt ut labore et dolore magna aliqua. Ut enim ad minim veniam, quis nostrud exercitation ullamco laboris nisi ut aliquip ex ea commodo consequat. Duis aute irure dolor in reprehenderit in voluptate velit esse cillum dolore eu fugiat nulla pariatur \u003cspan\u003eamet conse ctetur \u003c\/span\u003e\u003cspan\u003eadipisicing elit, sed do eiusmod tempor incididunt ut labore et dolore magna.\u003c\/span\u003e\u003cimg src=\"\/\/cdn.shopify.com\/s\/files\/1\/0026\/2956\/6516\/files\/12_large.png?v=1533833654\" alt=\"\" width=\"272\" height=\"198\" style=\"float: right;\" class=\"my-20 ml-sm-30\"\u003eLorem ipsum dolor sit amet conse ctetur adipisicing elit, sed do eiusmod tempor incididunt ut labore et dolore magna aliqua. Ut enim ad minim veniam, quis nostrud exercitation ullamco laboris nisi ut aliquip ex ea commodo consequat. Duis aute irure dolor in reprehenderit in voluptate velit esse cillum dolore eu fugiat nulla pariatur. Lorem ipsum dolor sit amet conse ctetur adipisicing elit, sed do eiusmod tempor incididunt ut labore et dolore magna aliqua. Lorem ipsum dolor sit amet conse ctetur adipisicing elit, sed do eiusmod tempor incididunt ut labore et dolore magna aliqua. \u003cspan\u003eLorem ipsum dolor sit amet conse ctetur adipisicing elit, sed do eiusmod tempor incididunt ut labore et dolore magna aliqua.\u003c\/span\u003e\u003c\/p\u003e\n\u003ch3\u003eSample Unordered List\u003c\/h3\u003e\n\u003cul class=\"mb-25\"\u003e\n\u003cli\u003eLorem ipsum dolor sit amet conse ctetur adipisicing elit;\u003c\/li\u003e\n\u003cli\u003eSed do eiusmod tempor incididunt ut labore et dolore magna aliqua\u003c\/li\u003e\n\u003cli\u003eQuis nostrud exercitation ullamco laboris nisi ut aliquip.\u003c\/li\u003e\n\u003c\/ul\u003e\n\u003cp class=\"article-text\"\u003eLorem ipsum dolor sit amet conse ctetur adipisicing elit, sed do eiusmod tempor incididunt ut labore et dolore magna aliqua. Ut enim ad minim veniam, quis nostrud exercitation ullamco laboris nisi ut aliquip ex ea commodo consequat. Duis aute irure dolor in reprehenderit in voluptate velit esse cillum dolore eu fugiat nulla pariatur. Lorem ipsum dolor sit amet conse ctetur adipisicing eli.\u003c\/p\u003e\n\u003cblockquote\u003e\n\u003cp\u003eTo create something exceptional, your mindset must be relentlessly focused on the smallest detail.\u003c\/p\u003e\n\u003csite\u003e— Giorgio Armani\u003c\/site\u003e\n\u003c\/blockquote\u003e\n\u003cp class=\"article-text\"\u003eIusmod tempor incididunt ut labore et dolore magna aliqua. Ut enim ad minim veniam, quis nostrud exercitation ullamco laboris nisi ut aliquip ex ea commodo consequat. Duis aute irure dolor in reprehenderit in voluptate velit esse cillum dolore eu fugiat nulla pariatur. Lorem ipsum dolor sit amet conse ctetur adipisicing elit, sed do eiusmod tempor incididunt ut labore et dolore magna aliqua. Ut enim ad minim veniam, quis nostrud exercitation ullamco laboris nisi ut aliquip ex ea commodo consequat. Duis aute irure dolor in reprehenderit in voluptate velit esse cillum dolore eu fugiat nulla pariatur. Lorem ipsum dolor sit amet conse ctetur adipisicing elit, sed do eiusmod tempor incididunt ut labore et dolore magna aliqua. Lorem ipsum dolor sit amet conse ctetur adipisicing eli. \u003cspan\u003eShella \u003c\/span\u003e\u003cspan\u003eS\u003c\/span\u003e\u003cspan\u003ehopify Theme. \u003c\/span\u003e\u003c\/p\u003e","blog_id":48024649781,"author":"Shopify API","user_id":null,"published_at":"2018-10-04T11:56:00-04:00","updated_at":"2019-09-11T09:14:40-04:00","summary_html":"\u003cspan\u003eLorem ipsum dolor sit amet conse ctetur adipisicing elit, sed do eiusmod tempor incididunt ut labore et dolore magna aliqua. Ut enim ad minim veniam, quis nostrud exercitation ullamco laboris nisi ut aliquip ex ea commodo consequat.\u003c\/span\u003e","template_suffix":null,"handle":"blast-from-the-past-check-out-the-90s-fashion-revival","tags":"Vintage","admin_graphql_api_id":"gid:\/\/shopify\/OnlineStoreArticle\/21573730357","image":{"created_at":"2019-09-11T09:14:40-04:00","alt":"","width":1540,"height":1124,"src":"https:\/\/cdn.shopify.com\/s\/files\/1\/0270\/2481\/8229\/articles\/09.jpg?v=1568207680"}},{"id":21573697589,"title":"Three of the best red lipsticks for spring","created_at":"2019-09-11T09:14:37-04:00","body_html":"\u003cp class=\"article-text\"\u003eLorem ipsum dolor sit amet conse ctetur adipisicing elit, sed do eiusmod tempor incididunt ut labore et dolore magna aliqua. Ut enim ad minim veniam, quis nostrud exercitation ullamco laboris nisi ut aliquip ex ea commodo consequat. Duis aute irure dolor in reprehenderit in voluptate velit esse cillum dolore eu fugiat nulla pariatur. Lorem ipsum dolor sit amet conse ctetur adipisicing elit, sed do eiusmod tempor incididunt ut labore et dolore magna aliqua. Lorem ipsum dolor sit amet conse ctetur adipisicing eli. Shella Shopify Theme.  \u003c\/p\u003e\n\u003cp class=\"article-text\"\u003eNostrud exercitation ullamco laboris nisi ut aliquip ex ea commodo consequat. Duis aute irure dolor in reprehenderit in voluptate velit esse cillum dolore eu fugiat nulla pariatur. Lorem ipsum dolor sit amet conse ctetur. \u003cspan\u003eShella \u003c\/span\u003e\u003cspan\u003eS\u003c\/span\u003e\u003cspan\u003ehopify Theme. \u003c\/span\u003e\u003c\/p\u003e\n\u003ch3\u003eSample Paragraph Text With Images\u003c\/h3\u003e\n\u003cp class=\"article-text\"\u003eLorem ipsum dolor sit amet conse ctetur adipisicing elit, sed do eiusmod tempor incididunt ut labore et dolore magna aliqua. Ut enim ad minim veniam, quis nostrud exercitation ullamco laboris nisi ut aliquip ex ea commodo consequat. Duis aute irure dolor in reprehenderit in voluptate velit esse cillum dolore eu fugiat nulla pariatur. Lorem ipsum dolor sit \u003cspan\u003eamet conse ctetur \u003c\/span\u003eamet conse ctetur adipisicing eli.\u003c\/p\u003e\n\u003cp class=\"article-text\"\u003e\u003cimg src=\"\/\/cdn.shopify.com\/s\/files\/1\/0026\/2956\/6516\/files\/01_9ced00b0-22b8-437f-b3da-5e20738cdd34_large.png?v=1533832119\" alt=\"\" width=\"469\" height=\"343\" style=\"float: left;\" class=\"my-20 mr-sm-30\"\u003eLorem ipsum dolor sit amet conse ctetur adipisicing elit, sed do eiusmod tempor incididunt ut labore et dolore magna aliqua. Ut enim ad minim veniam, quis nostrud exercitation ullamco laboris nisi ut aliquip ex ea commodo consequat. Duis aute irure dolor in reprehenderit in voluptate velit esse cillum dolore eu fugiat nulla pariatur. Lorem ipsum dolor sit amet conse ctetur adipisicing elit, sed do eiusmod tempor incididunt ut labore et dolore magna aliqua. Lorem ipsum dolor sit amet conse ctetur adipisicing elit, sed do eiusmod tempor incididunt ut labore et dolore magna aliqua. Ut enim ad minim veniam, quis nostrud exercitation ullamco laboris nisi ut  Lorem ipsum dolor sit amet conse ctetur adipisicing elit, sed do eiusmod tempor incididunt ut labore et dolore magna aliqua. Ut enim ad minim veniam, quis nostrud exercitation ullamco laboris nisi ut aliquip ex ea commodo consequat. Duis aute irure dolor in reprehenderit in voluptate velit esse cillum dolore eu fugiat nulla pariatur \u003cspan\u003eamet conse ctetur \u003c\/span\u003e\u003cspan\u003eadipisicing elit, sed do eiusmod tempor incididunt ut labore et dolore magna.\u003c\/span\u003e\u003cimg src=\"\/\/cdn.shopify.com\/s\/files\/1\/0026\/2956\/6516\/files\/12_large.png?v=1533833654\" alt=\"\" width=\"272\" height=\"198\" style=\"float: right;\" class=\"my-20 ml-sm-30\"\u003eLorem ipsum dolor sit amet conse ctetur adipisicing elit, sed do eiusmod tempor incididunt ut labore et dolore magna aliqua. Ut enim ad minim veniam, quis nostrud exercitation ullamco laboris nisi ut aliquip ex ea commodo consequat. Duis aute irure dolor in reprehenderit in voluptate velit esse cillum dolore eu fugiat nulla pariatur. Lorem ipsum dolor sit amet conse ctetur adipisicing elit, sed do eiusmod tempor incididunt ut labore et dolore magna aliqua. Lorem ipsum dolor sit amet conse ctetur adipisicing elit, sed do eiusmod tempor incididunt ut labore et dolore magna aliqua. \u003cspan\u003eLorem ipsum dolor sit amet conse ctetur adipisicing elit, sed do eiusmod tempor incididunt ut labore et dolore magna aliqua.\u003c\/span\u003e\u003c\/p\u003e\n\u003ch3\u003eSample Unordered List\u003c\/h3\u003e\n\u003cul class=\"mb-25\"\u003e\n\u003cli\u003eLorem ipsum dolor sit amet conse ctetur adipisicing elit;\u003c\/li\u003e\n\u003cli\u003eSed do eiusmod tempor incididunt ut labore et dolore magna aliqua\u003c\/li\u003e\n\u003cli\u003eQuis nostrud exercitation ullamco laboris nisi ut aliquip.\u003c\/li\u003e\n\u003c\/ul\u003e\n\u003cp class=\"article-text\"\u003eLorem ipsum dolor sit amet conse ctetur adipisicing elit, sed do eiusmod tempor incididunt ut labore et dolore magna aliqua. Ut enim ad minim veniam, quis nostrud exercitation ullamco laboris nisi ut aliquip ex ea commodo consequat. Duis aute irure dolor in reprehenderit in voluptate velit esse cillum dolore eu fugiat nulla pariatur. Lorem ipsum dolor sit amet conse ctetur adipisicing eli.\u003c\/p\u003e\n\u003cblockquote\u003e\n\u003cp\u003eTo create something exceptional, your mindset must be relentlessly focused on the smallest detail.\u003c\/p\u003e\n\u003csite\u003e— Giorgio Armani\u003c\/site\u003e\n\u003c\/blockquote\u003e\n\u003cp class=\"article-text\"\u003eIusmod tempor incididunt ut labore et dolore magna aliqua. Ut enim ad minim veniam, quis nostrud exercitation ullamco laboris nisi ut aliquip ex ea commodo consequat. Duis aute irure dolor in reprehenderit in voluptate velit esse cillum dolore eu fugiat nulla pariatur. Lorem ipsum dolor sit amet conse ctetur adipisicing elit, sed do eiusmod tempor incididunt ut labore et dolore magna aliqua. Ut enim ad minim veniam, quis nostrud exercitation ullamco laboris nisi ut aliquip ex ea commodo consequat. Duis aute irure dolor in reprehenderit in voluptate velit esse cillum dolore eu fugiat nulla pariatur. Lorem ipsum dolor sit amet conse ctetur adipisicing elit, sed do eiusmod tempor incididunt ut labore et dolore magna aliqua. Lorem ipsum dolor sit amet conse ctetur adipisicing eli. \u003cspan\u003eShella \u003c\/span\u003e\u003cspan\u003eS\u003c\/span\u003e\u003cspan\u003ehopify Theme. \u003c\/span\u003e\u003c\/p\u003e","blog_id":48024649781,"author":"Shopify API","user_id":null,"published_at":"2018-10-04T12:01:00-04:00","updated_at":"2019-09-11T09:14:38-04:00","summary_html":"\u003cspan\u003eLorem ipsum dolor sit amet conse ctetur adipisicing elit, sed do eiusmod tempor incididunt ut labore et dolore magna aliqua. Ut enim ad minim veniam, quis nostrud exercitation ullamco laboris nisi ut aliquip ex ea commodo consequat\u003c\/span\u003e","template_suffix":null,"handle":"three-of-the-best-red-lipsticks-for-spring","tags":"Vintage","admin_graphql_api_id":"gid:\/\/shopify\/OnlineStoreArticle\/21573697589","image":{"created_at":"2019-09-11T09:14:37-04:00","alt":"","width":1540,"height":1124,"src":"https:\/\/cdn.shopify.com\/s\/files\/1\/0270\/2481\/8229\/articles\/07.jpg?v=1568207678"}},{"id":21573664821,"title":"High-street cleansing creams","created_at":"2019-09-11T09:14:35-04:00","body_html":"\u003cp class=\"article-text\"\u003eLorem ipsum dolor sit amet conse ctetur adipisicing elit, sed do eiusmod tempor incididunt ut labore et dolore magna aliqua. Ut enim ad minim veniam, quis nostrud exercitation ullamco laboris nisi ut aliquip ex ea commodo consequat. Duis aute irure dolor in reprehenderit in voluptate velit esse cillum dolore eu fugiat nulla pariatur. Lorem ipsum dolor sit amet conse ctetur adipisicing elit, sed do eiusmod tempor incididunt ut labore et dolore magna aliqua. Lorem ipsum dolor sit amet conse ctetur adipisicing eli. Shella Shopify Theme.  \u003c\/p\u003e\n\u003cp class=\"article-text\"\u003eNostrud exercitation ullamco laboris nisi ut aliquip ex ea commodo consequat. Duis aute irure dolor in reprehenderit in voluptate velit esse cillum dolore eu fugiat nulla pariatur. Lorem ipsum dolor sit amet conse ctetur. \u003cspan\u003eShella \u003c\/span\u003e\u003cspan\u003eS\u003c\/span\u003e\u003cspan\u003ehopify Theme. \u003c\/span\u003e\u003c\/p\u003e\n\u003ch3\u003eSample Paragraph Text With Images\u003c\/h3\u003e\n\u003cp class=\"article-text\"\u003eLorem ipsum dolor sit amet conse ctetur adipisicing elit, sed do eiusmod tempor incididunt ut labore et dolore magna aliqua. Ut enim ad minim veniam, quis nostrud exercitation ullamco laboris nisi ut aliquip ex ea commodo consequat. Duis aute irure dolor in reprehenderit in voluptate velit esse cillum dolore eu fugiat nulla pariatur. Lorem ipsum dolor sit \u003cspan\u003eamet conse ctetur \u003c\/span\u003eamet conse ctetur adipisicing eli.\u003c\/p\u003e\n\u003cp class=\"article-text\"\u003e\u003cimg src=\"\/\/cdn.shopify.com\/s\/files\/1\/0026\/2956\/6516\/files\/01_9ced00b0-22b8-437f-b3da-5e20738cdd34_large.png?v=1533832119\" alt=\"\" width=\"469\" height=\"343\" style=\"float: left;\" class=\"my-20 mr-sm-30\"\u003eLorem ipsum dolor sit amet conse ctetur adipisicing elit, sed do eiusmod tempor incididunt ut labore et dolore magna aliqua. Ut enim ad minim veniam, quis nostrud exercitation ullamco laboris nisi ut aliquip ex ea commodo consequat. Duis aute irure dolor in reprehenderit in voluptate velit esse cillum dolore eu fugiat nulla pariatur. Lorem ipsum dolor sit amet conse ctetur adipisicing elit, sed do eiusmod tempor incididunt ut labore et dolore magna aliqua. Lorem ipsum dolor sit amet conse ctetur adipisicing elit, sed do eiusmod tempor incididunt ut labore et dolore magna aliqua. Ut enim ad minim veniam, quis nostrud exercitation ullamco laboris nisi ut  Lorem ipsum dolor sit amet conse ctetur adipisicing elit, sed do eiusmod tempor incididunt ut labore et dolore magna aliqua. Ut enim ad minim veniam, quis nostrud exercitation ullamco laboris nisi ut aliquip ex ea commodo consequat. Duis aute irure dolor in reprehenderit in voluptate velit esse cillum dolore eu fugiat nulla pariatur \u003cspan\u003eamet conse ctetur \u003c\/span\u003e\u003cspan\u003eadipisicing elit, sed do eiusmod tempor incididunt ut labore et dolore magna.\u003c\/span\u003e\u003cimg src=\"\/\/cdn.shopify.com\/s\/files\/1\/0026\/2956\/6516\/files\/12_large.png?v=1533833654\" alt=\"\" width=\"272\" height=\"198\" style=\"float: right;\" class=\"my-20 ml-sm-30\"\u003eLorem ipsum dolor sit amet conse ctetur adipisicing elit, sed do eiusmod tempor incididunt ut labore et dolore magna aliqua. Ut enim ad minim veniam, quis nostrud exercitation ullamco laboris nisi ut aliquip ex ea commodo consequat. Duis aute irure dolor in reprehenderit in voluptate velit esse cillum dolore eu fugiat nulla pariatur. Lorem ipsum dolor sit amet conse ctetur adipisicing elit, sed do eiusmod tempor incididunt ut labore et dolore magna aliqua. Lorem ipsum dolor sit amet conse ctetur adipisicing elit, sed do eiusmod tempor incididunt ut labore et dolore magna aliqua. \u003cspan\u003eLorem ipsum dolor sit amet conse ctetur adipisicing elit, sed do eiusmod tempor incididunt ut labore et dolore magna aliqua.\u003c\/span\u003e\u003c\/p\u003e\n\u003ch3\u003eSample Unordered List\u003c\/h3\u003e\n\u003cul class=\"mb-25\"\u003e\n\u003cli\u003eLorem ipsum dolor sit amet conse ctetur adipisicing elit;\u003c\/li\u003e\n\u003cli\u003eSed do eiusmod tempor incididunt ut labore et dolore magna aliqua\u003c\/li\u003e\n\u003cli\u003eQuis nostrud exercitation ullamco laboris nisi ut aliquip.\u003c\/li\u003e\n\u003c\/ul\u003e\n\u003cp class=\"article-text\"\u003eLorem ipsum dolor sit amet conse ctetur adipisicing elit, sed do eiusmod tempor incididunt ut labore et dolore magna aliqua. Ut enim ad minim veniam, quis nostrud exercitation ullamco laboris nisi ut aliquip ex ea commodo consequat. Duis aute irure dolor in reprehenderit in voluptate velit esse cillum dolore eu fugiat nulla pariatur. Lorem ipsum dolor sit amet conse ctetur adipisicing eli.\u003c\/p\u003e\n\u003cblockquote\u003e\n\u003cp\u003eTo create something exceptional, your mindset must be relentlessly focused on the smallest detail.\u003c\/p\u003e\n\u003csite\u003e— Giorgio Armani\u003c\/site\u003e\n\u003c\/blockquote\u003e\n\u003cp class=\"article-text\"\u003eIusmod tempor incididunt ut labore et dolore magna aliqua. Ut enim ad minim veniam, quis nostrud exercitation ullamco laboris nisi ut aliquip ex ea commodo consequat. Duis aute irure dolor in reprehenderit in voluptate velit esse cillum dolore eu fugiat nulla pariatur. Lorem ipsum dolor sit amet conse ctetur adipisicing elit, sed do eiusmod tempor incididunt ut labore et dolore magna aliqua. Ut enim ad minim veniam, quis nostrud exercitation ullamco laboris nisi ut aliquip ex ea commodo consequat. Duis aute irure dolor in reprehenderit in voluptate velit esse cillum dolore eu fugiat nulla pariatur. Lorem ipsum dolor sit amet conse ctetur adipisicing elit, sed do eiusmod tempor incididunt ut labore et dolore magna aliqua. Lorem ipsum dolor sit amet conse ctetur adipisicing eli. \u003cspan\u003eShella \u003c\/span\u003e\u003cspan\u003eS\u003c\/span\u003e\u003cspan\u003ehopify Theme. \u003c\/span\u003e\u003c\/p\u003e","blog_id":48024649781,"author":"Shopify API","user_id":null,"published_at":"2018-10-31T13:20:00-04:00","updated_at":"2019-09-11T09:14:36-04:00","summary_html":"\u003cspan\u003eLorem ipsum dolor sit amet conse ctetur adipisicing elit, sed do eiusmod tempor incididunt ut labore et dolore magna\u003c\/span\u003e","template_suffix":null,"handle":"high-street-cleansing-creams","tags":"","admin_graphql_api_id":"gid:\/\/shopify\/OnlineStoreArticle\/21573664821","image":{"created_at":"2019-09-11T09:14:35-04:00","alt":"","width":1540,"height":1124,"src":"https:\/\/cdn.shopify.com\/s\/files\/1\/0270\/2481\/8229\/articles\/13.jpg?v=1568207676"}},{"id":21573632053,"title":"One of the best?","created_at":"2019-09-11T09:14:33-04:00","body_html":"\u003cp class=\"article-text\"\u003eLorem ipsum dolor sit amet conse ctetur adipisicing elit, sed do eiusmod tempor incididunt ut labore et dolore magna aliqua. Ut enim ad minim veniam, quis nostrud exercitation ullamco laboris nisi ut aliquip ex ea commodo consequat. Duis aute irure dolor in reprehenderit in voluptate velit esse cillum dolore eu fugiat nulla pariatur. Lorem ipsum dolor sit amet conse ctetur adipisicing elit, sed do eiusmod tempor incididunt ut labore et dolore magna aliqua. Lorem ipsum dolor sit amet conse ctetur adipisicing eli. Shella Shopify Theme.  \u003c\/p\u003e\n\u003cp class=\"article-text\"\u003eNostrud exercitation ullamco laboris nisi ut aliquip ex ea commodo consequat. Duis aute irure dolor in reprehenderit in voluptate velit esse cillum dolore eu fugiat nulla pariatur. Lorem ipsum dolor sit amet conse ctetur. \u003cspan\u003eShella \u003c\/span\u003e\u003cspan\u003eS\u003c\/span\u003e\u003cspan\u003ehopify Theme. \u003c\/span\u003e\u003c\/p\u003e\n\u003ch3\u003eSample Paragraph Text With Images\u003c\/h3\u003e\n\u003cp class=\"article-text\"\u003eLorem ipsum dolor sit amet conse ctetur adipisicing elit, sed do eiusmod tempor incididunt ut labore et dolore magna aliqua. Ut enim ad minim veniam, quis nostrud exercitation ullamco laboris nisi ut aliquip ex ea commodo consequat. Duis aute irure dolor in reprehenderit in voluptate velit esse cillum dolore eu fugiat nulla pariatur. Lorem ipsum dolor sit \u003cspan\u003eamet conse ctetur \u003c\/span\u003eamet conse ctetur adipisicing eli.\u003c\/p\u003e\n\u003cp class=\"article-text\"\u003e\u003cimg src=\"\/\/cdn.shopify.com\/s\/files\/1\/0026\/2956\/6516\/files\/01_9ced00b0-22b8-437f-b3da-5e20738cdd34_large.png?v=1533832119\" alt=\"\" width=\"469\" height=\"343\" style=\"float: left;\" class=\"my-20 mr-sm-30\"\u003eLorem ipsum dolor sit amet conse ctetur adipisicing elit, sed do eiusmod tempor incididunt ut labore et dolore magna aliqua. Ut enim ad minim veniam, quis nostrud exercitation ullamco laboris nisi ut aliquip ex ea commodo consequat. Duis aute irure dolor in reprehenderit in voluptate velit esse cillum dolore eu fugiat nulla pariatur. Lorem ipsum dolor sit amet conse ctetur adipisicing elit, sed do eiusmod tempor incididunt ut labore et dolore magna aliqua. Lorem ipsum dolor sit amet conse ctetur adipisicing elit, sed do eiusmod tempor incididunt ut labore et dolore magna aliqua. Ut enim ad minim veniam, quis nostrud exercitation ullamco laboris nisi ut  Lorem ipsum dolor sit amet conse ctetur adipisicing elit, sed do eiusmod tempor incididunt ut labore et dolore magna aliqua. Ut enim ad minim veniam, quis nostrud exercitation ullamco laboris nisi ut aliquip ex ea commodo consequat. Duis aute irure dolor in reprehenderit in voluptate velit esse cillum dolore eu fugiat nulla pariatur \u003cspan\u003eamet conse ctetur \u003c\/span\u003e\u003cspan\u003eadipisicing elit, sed do eiusmod tempor incididunt ut labore et dolore magna.\u003c\/span\u003e\u003cimg src=\"\/\/cdn.shopify.com\/s\/files\/1\/0026\/2956\/6516\/files\/12_large.png?v=1533833654\" alt=\"\" width=\"272\" height=\"198\" style=\"float: right;\" class=\"my-20 ml-sm-30\"\u003eLorem ipsum dolor sit amet conse ctetur adipisicing elit, sed do eiusmod tempor incididunt ut labore et dolore magna aliqua. Ut enim ad minim veniam, quis nostrud exercitation ullamco laboris nisi ut aliquip ex ea commodo consequat. Duis aute irure dolor in reprehenderit in voluptate velit esse cillum dolore eu fugiat nulla pariatur. Lorem ipsum dolor sit amet conse ctetur adipisicing elit, sed do eiusmod tempor incididunt ut labore et dolore magna aliqua. Lorem ipsum dolor sit amet conse ctetur adipisicing elit, sed do eiusmod tempor incididunt ut labore et dolore magna aliqua. \u003cspan\u003eLorem ipsum dolor sit amet conse ctetur adipisicing elit, sed do eiusmod tempor incididunt ut labore et dolore magna aliqua.\u003c\/span\u003e\u003c\/p\u003e\n\u003ch3\u003eSample Unordered List\u003c\/h3\u003e\n\u003cul class=\"mb-25\"\u003e\n\u003cli\u003eLorem ipsum dolor sit amet conse ctetur adipisicing elit;\u003c\/li\u003e\n\u003cli\u003eSed do eiusmod tempor incididunt ut labore et dolore magna aliqua\u003c\/li\u003e\n\u003cli\u003eQuis nostrud exercitation ullamco laboris nisi ut aliquip.\u003c\/li\u003e\n\u003c\/ul\u003e\n\u003cp class=\"article-text\"\u003eLorem ipsum dolor sit amet conse ctetur adipisicing elit, sed do eiusmod tempor incididunt ut labore et dolore magna aliqua. Ut enim ad minim veniam, quis nostrud exercitation ullamco laboris nisi ut aliquip ex ea commodo consequat. Duis aute irure dolor in reprehenderit in voluptate velit esse cillum dolore eu fugiat nulla pariatur. Lorem ipsum dolor sit amet conse ctetur adipisicing eli.\u003c\/p\u003e\n\u003cblockquote\u003e\n\u003cp\u003eTo create something exceptional, your mindset must be relentlessly focused on the smallest detail.\u003c\/p\u003e\n\u003csite\u003e— Giorgio Armani\u003c\/site\u003e\n\u003c\/blockquote\u003e\n\u003cp class=\"article-text\"\u003eIusmod tempor incididunt ut labore et dolore magna aliqua. Ut enim ad minim veniam, quis nostrud exercitation ullamco laboris nisi ut aliquip ex ea commodo consequat. Duis aute irure dolor in reprehenderit in voluptate velit esse cillum dolore eu fugiat nulla pariatur. Lorem ipsum dolor sit amet conse ctetur adipisicing elit, sed do eiusmod tempor incididunt ut labore et dolore magna aliqua. Ut enim ad minim veniam, quis nostrud exercitation ullamco laboris nisi ut aliquip ex ea commodo consequat. Duis aute irure dolor in reprehenderit in voluptate velit esse cillum dolore eu fugiat nulla pariatur. Lorem ipsum dolor sit amet conse ctetur adipisicing elit, sed do eiusmod tempor incididunt ut labore et dolore magna aliqua. Lorem ipsum dolor sit amet conse ctetur adipisicing eli. \u003cspan\u003eShella \u003c\/span\u003e\u003cspan\u003eS\u003c\/span\u003e\u003cspan\u003ehopify Theme. \u003c\/span\u003e\u003c\/p\u003e","blog_id":48024649781,"author":"Shopify API","user_id":null,"published_at":"2018-10-31T13:20:00-04:00","updated_at":"2019-09-11T09:14:34-04:00","summary_html":"\u003cspan\u003eLorem ipsum dolor sit amet conse ctetur adipisicing elit, sed do eiusmod tempor incididunt ut labore et dolore magna aliqua.\u003c\/span\u003e","template_suffix":null,"handle":"one-of-the-best","tags":"","admin_graphql_api_id":"gid:\/\/shopify\/OnlineStoreArticle\/21573632053","image":{"created_at":"2019-09-11T09:14:33-04:00","alt":"","width":1540,"height":1124,"src":"https:\/\/cdn.shopify.com\/s\/files\/1\/0270\/2481\/8229\/articles\/08_9249c903-064e-470b-9d59-ea9cc02204ab.jpg?v=1568207674"}}]}