{"blogs":[{"id":48024617013,"handle":"article","title":"Article","updated_at":"2019-09-11T09:14:32-04:00","commentable":"no","feedburner":null,"feedburner_location":null,"created_at":"2019-09-11T09:14:32-04:00","template_suffix":null,"tags":"","admin_graphql_api_id":"gid:\/\/shopify\/OnlineStoreBlog\/48024617013"},{"id":48024649781,"handle":"blog","title":"Blog","updated_at":"2019-09-11T09:14:40-04:00","commentable":"no","feedburner":null,"feedburner_location":null,"created_at":"2019-09-11T09:14:32-04:00","template_suffix":null,"tags":"Vintage","admin_graphql_api_id":"gid:\/\/shopify\/OnlineStoreBlog\/48024649781"},{"id":48024682549,"handle":"masonry","title":"Masonry","updated_at":"2019-09-11T09:14:58-04:00","commentable":"moderate","feedburner":null,"feedburner_location":null,"created_at":"2019-09-11T09:14:41-04:00","template_suffix":null,"tags":"Beachwear, Winter, Sunglasses","admin_graphql_api_id":"gid:\/\/shopify\/OnlineStoreBlog\/48024682549"},{"id":48024387637,"handle":"news","title":"News","updated_at":"2019-09-11T09:15:06-04:00","commentable":"no","feedburner":null,"feedburner_location":null,"created_at":"2019-09-11T08:56:42-04:00","template_suffix":null,"tags":"","admin_graphql_api_id":"gid:\/\/shopify\/OnlineStoreBlog\/48024387637"}]}