{"blogs":[{"id":47002091604,"handle":"article","title":"Article","updated_at":"2019-07-16T11:13:34-04:00","commentable":"no","feedburner":null,"feedburner_location":null,"created_at":"2019-07-16T11:13:34-04:00","template_suffix":null,"tags":"","admin_graphql_api_id":"gid:\/\/shopify\/OnlineStoreBlog\/47002091604"},{"id":47002124372,"handle":"blog","title":"Blog","updated_at":"2019-07-16T11:13:42-04:00","commentable":"no","feedburner":null,"feedburner_location":null,"created_at":"2019-07-16T11:13:34-04:00","template_suffix":null,"tags":"Vintage","admin_graphql_api_id":"gid:\/\/shopify\/OnlineStoreBlog\/47002124372"},{"id":47002157140,"handle":"masonry","title":"Masonry","updated_at":"2019-07-16T11:13:58-04:00","commentable":"moderate","feedburner":null,"feedburner_location":null,"created_at":"2019-07-16T11:13:42-04:00","template_suffix":null,"tags":"Beachwear, Winter, Sunglasses","admin_graphql_api_id":"gid:\/\/shopify\/OnlineStoreBlog\/47002157140"},{"id":45909180500,"handle":"news","title":"News","updated_at":"2019-07-16T12:28:48-04:00","commentable":"no","feedburner":null,"feedburner_location":null,"created_at":"2019-05-22T01:49:19-04:00","template_suffix":null,"tags":"Summer, Awesome, Nice, Cool","admin_graphql_api_id":"gid:\/\/shopify\/OnlineStoreBlog\/45909180500"}]}