{"blogs":[{"id":45991592033,"handle":"article","title":"Article","updated_at":"2019-07-17T11:40:48-04:00","commentable":"no","feedburner":null,"feedburner_location":null,"created_at":"2019-07-17T11:40:48-04:00","template_suffix":null,"tags":"","admin_graphql_api_id":"gid:\/\/shopify\/OnlineStoreBlog\/45991592033"},{"id":45991624801,"handle":"blog","title":"Blog","updated_at":"2019-07-19T13:00:30-04:00","commentable":"no","feedburner":null,"feedburner_location":null,"created_at":"2019-07-17T11:40:48-04:00","template_suffix":null,"tags":"Vintage","admin_graphql_api_id":"gid:\/\/shopify\/OnlineStoreBlog\/45991624801"},{"id":45991657569,"handle":"masonry","title":"Masonry","updated_at":"2019-07-17T11:41:08-04:00","commentable":"moderate","feedburner":null,"feedburner_location":null,"created_at":"2019-07-17T11:40:55-04:00","template_suffix":null,"tags":"Beachwear, Winter, Sunglasses","admin_graphql_api_id":"gid:\/\/shopify\/OnlineStoreBlog\/45991657569"},{"id":45991297121,"handle":"news","title":"News","updated_at":"2019-07-17T11:41:28-04:00","commentable":"no","feedburner":null,"feedburner_location":null,"created_at":"2019-07-17T11:22:03-04:00","template_suffix":null,"tags":"Summer, Awesome, Nice, Cool","admin_graphql_api_id":"gid:\/\/shopify\/OnlineStoreBlog\/45991297121"}]}