{"blogs":[{"id":46485110858,"handle":"blog","title":"Blog","updated_at":"2019-07-16T13:54:14-04:00","commentable":"no","feedburner":null,"feedburner_location":null,"created_at":"2019-06-25T10:46:25-04:00","template_suffix":null,"tags":"","admin_graphql_api_id":"gid:\/\/shopify\/OnlineStoreBlog\/46485110858"},{"id":45836337226,"handle":"news","title":"News","updated_at":"2019-05-22T01:47:35-04:00","commentable":"no","feedburner":null,"feedburner_location":null,"created_at":"2019-05-22T01:47:35-04:00","template_suffix":null,"tags":"","admin_graphql_api_id":"gid:\/\/shopify\/OnlineStoreBlog\/45836337226"}]}