{"current":{"color_body_bg":"#ffffff","color_body_text":"#313131","color_button":"#000000","color_button_text":"#ffffff","color_sale_price":"#000000","color_sale_tag":"#000000","color_cart_dot":"#f75d44","color_cart_dot_text":"#ffffff","color_alt_bg":"#f9f9f9","color_alt_text":"#000000","color_announcement":"#000000","color_announcement_text":"#ffffff","color_newsletter":"#000000","color_newsletter_text":"#ffffff","color_drawer_background":"#ffffff","color_drawer_text":"#000000","color_image_text":"#ffffff","color_image_overlay":"#000000","color_image_overlay_opacity":0,"color_image_overlay_text_shadow":0,"color_small_image_bg":"#ffffff","color_large_image_bg":"#000000","type_header_font_family":"roboto_condensed_i7","type_header_capitalize":true,"type_header_spacing":-25,"type_header_base_size":35,"type_header_line_height":1,"type_base_font_family":"din_next_n3","type_product_capitalize":true,"type_base_spacing":-25,"type_base_size":15,"type_base_line_height":1.1,"button_type_style":"caps","button_style":"square","type_navigation_size":21,"heading_font_family":"gillsans-book","h1_font_size":20,"h1_letter_spacing":100,"h1_line_height":1.1,"h2_font_size":22,"h3_font_size":22,"h4_font_size":22,"h4_letter_spacing":50,"h5_font_size":22,"h6_font_size":22,"body_font_family":"gillsans-book","body_font_size":14,"body_letter_spacing":75,"body_line_height":1.6,"product_font_size ":32,"menu_font_size ":14,"menu_letter_spacing ":50,"animate_images":false,"animate_page_transitions":false,"logo_loader_image":"shopify:\/\/shop_images\/Crown_Saint_-_White_logo_no_background_for_Embroidery.png","desktop_loader_width":100,"mobile_loader_width":100,"product_hover_details":false,"product_hover_image":false,"product_image_scatter":false,"product_grid_image_size":"natural","additional_content_style":"expandable","product_content_1":"delivery-returns","product_content_2":"","social_enable":false,"cart_type":"drawer","cart_icon":"cart","cart_notes_enable":false,"social_instagram_link":"https:\/\/instagram.com\/crownsaintofficial","social_facebook_link":"https:\/\/www.facebook.com\/crownsaintofficial","social_pinterest_link":"","share_facebook":false,"share_twitter":false,"favicon":"shopify:\/\/shop_images\/favicon_6.png","checkout_header_image":"shopify:\/\/shop_images\/Untitled_design_-_2021-05-21T122728.108.jpg","checkout_logo_image":"shopify:\/\/shop_images\/Copy_of_Copy_of_CROWN_SAINT.png","checkout_logo_position":"center","checkout_logo_size":"small","checkout_body_background_color":"#fafafa","checkout_input_background_color_mode":"white","checkout_sidebar_background_color":"#fafafa","checkout_heading_font":"Helvetica Neue","checkout_body_font":"Helvetica Neue","checkout_accent_color":"#111111","checkout_button_color":"#111111","checkout_error_color":"#ff6d6d","product_letter_spacing ":100,"menu_font_size":13,"header_font_size":23,"balginfont":22,"animate_page_transition_style":"page-logo","checkout_banner_background_color":"#ffffff","checkout_call_to_action_color":"#a26b25","checkout_use_header_image":false,"product_video_style":"muted","reviews_layout":"full","sections":{"header":{"type":"header","settings":{"header_style":"bar","main_menu_alignment":"center-left","sticky_index":false,"sticky_collection":false,"header_search_enable":true,"logo":"shopify:\/\/shop_images\/Crown_Saint_-_black_logo_no_background_for_embroidery.png","logo-inverted":"shopify:\/\/shop_images\/Crown_Saint_-_White_logo_no_background_for_Embroidery.png","desktop_logo_width":210,"mobile_logo_width":190,"logo_hide_mobile":false,"main_menu_link_list":"main-menu","show_announcement":false,"show_announcement_home_only":false,"announcement_text":"","announcement_link":""}},"footer":{"type":"footer","settings":{"show_newsletter":false,"newsletter_title":"Join the club","newsletter_richtext":"","show_locale_selector":true,"show_currency_selector":true,"show_currency_flags":false,"show_social_icons":true,"menu":"footer","show_payment_icons":false,"show_copyright":true,"copyright_text":"All rights reserved."}},"collection-template":{"type":"collection-template","blocks":{"18bcb01e-8167-44bc-84ac-3f4d130b7dc9":{"type":"text","disabled":true,"settings":{"collectionname":"All","collectionurl":"shopify:\/\/collections\/casual-fits"}},"7f5f8e97-62ec-4e4a-9aa9-29c6eeedb9d8":{"type":"text","disabled":true,"settings":{"collectionname":"Going-out Fits","collectionurl":"shopify:\/\/collections\/going-out-fits"}},"c9d8a336-2184-4538-9685-0104a2db6e57":{"type":"text","disabled":true,"settings":{"collectionname":"Bottoms","collectionurl":"shopify:\/\/collections\/bottoms"}},"dd997659-0553-415c-9dac-b085a21d6bcd":{"type":"text","disabled":true,"settings":{"collectionname":"Jackets","collectionurl":"shopify:\/\/collections\/jackets"}},"e94d182b-d915-4c09-bc7f-6b71de5e3912":{"type":"text","disabled":true,"settings":{"collectionname":"Sets","collectionurl":"shopify:\/\/collections\/sets"}},"b85dc2ea-1f22-40d5-8203-9fa9537c5cdd":{"type":"text","disabled":true,"settings":{"collectionname":"Tops","collectionurl":"shopify:\/\/collections\/tops-1"}}},"block_order":["18bcb01e-8167-44bc-84ac-3f4d130b7dc9","7f5f8e97-62ec-4e4a-9aa9-29c6eeedb9d8","c9d8a336-2184-4538-9685-0104a2db6e57","dd997659-0553-415c-9dac-b085a21d6bcd","e94d182b-d915-4c09-bc7f-6b71de5e3912","b85dc2ea-1f22-40d5-8203-9fa9537c5cdd"],"settings":{"per_row_desktop":4,"per_row_mobile":"2","description_bottom":true}},"product-template":{"type":"product-template","blocks":{"78f32bf5-b253-4442-bafa-0155c4ae0abc":{"type":"Product_colors","settings":{"colorproduct":"beige-cargo-jacket","colorimage":"shopify:\/\/shop_images\/best_sellers_4.jpg","colorurl":"shopify:\/\/products\/navy-cargo-jacket","colorurlsecond":"","colorurlthird":"","colorurlfourth":"","colorurlfifth":"","colorurlsixth":"","colorurlseventh":""}}},"block_order":["78f32bf5-b253-4442-bafa-0155c4ae0abc"],"settings":{"product_image_size":"large","product_image_type":"stacked","product_zoom_enable":true,"enable_video_looping":true,"product_video_style":"muted","enable_payment_button":true,"product_shipping_callout":"","variant_type":"button","variant_labels_enable":true,"sku_enable":false,"inventory_enable":true,"inventory_threshold":2,"inventory_transfers_enable":false,"quantity_enable":false,"surface_pickup_enable":false,"social_enable":false}},"article-template":{"type":"article-template","settings":{"blog_show_image":true,"blog_show_tags":true,"blog_show_date":true,"blog_show_comments":true,"blog_show_author":false,"social_sharing_blog":true}},"blog-template":{"type":"blog-template","settings":{"blog_show_tag_filter":true,"blog_show_rss":false,"blog_show_tags":true,"blog_show_date":true,"blog_show_comments":true,"blog_show_author":false}},"product-sections":{"type":"product-sections","settings":{}},"page-sections-template":{"type":"page-sections-template","blocks":{"96deef41-7ece-4173-ac5c-31a042eb18bb":{"type":"image-hero","settings":{"title":"","title_size":80,"subheading":"","link_text":"","text_align":"vertical-center horizontal-center","image":"shopify:\/\/shop_images\/web_banner_59.jpg","desktop_size":0,"mobile_size":60,"focal_point":"center center"}},"071fba78-18c0-478b-bb3e-92058694787d":{"type":"custom-html","settings":{"full_width":false,"space_around":false,"alt":true,"code":"<h2>OUR VISION<\/h2><p>Before we ever produced a garment - we set the tone of the brand by establishing a clear vision. <br>We  wanted to produce modern silhouettes with clean aesthetics - using premium fabrics. <\/p><p> We focused on our core audience and what was currently missing from the market.  At the core, we ultimately wanted to produce garments that our audience would love and resonate with.  <i>\"Creating statements\"<\/i> is the ethos we live by.  And we embody this spirit in everything we do:  From the style of garments we make, the fit, the fabrics and even down to the visuals and imagery. <\/p><p> This led us to develop our first garment - the stretch pant. After months of going back and forth with the samples - we were thrilled with the finished article. From this, we went on to develop the rest of the launch collection. <\/p><p>\nOur focus for the near future is to continue to bring pieces you'll love through new and frequent drops - whilst maintaining the essence of Crown Saint.<\/p>"}}},"block_order":["96deef41-7ece-4173-ac5c-31a042eb18bb","071fba78-18c0-478b-bb3e-92058694787d"],"settings":{"page_title_enable":false,"page_content_enable":true}},"newsletter-popup":{"type":"newsletter-popup","settings":{"mode":"disabled","popup_seconds":5,"popup_days":30,"popup_title":"Sign up and save","popup_text":"<p>Entice customers to sign up for your mailing list with discounts or exclusive offers.<\/p>","enable_newsletter":true,"button_label":"","button_link":""}},"list-collections-template":{"type":"list-collections-template","settings":{"title_enable":true,"display_type":"all","sort":"alphabetical"}},"product-recommendations":{"type":"product-recommendations","settings":{"show_product_recommendations":true,"product_recommendations_heading":"You may also like","per_row":"small"}},"social":{"type":"social","settings":{"enable_home":false,"enable_product":false,"enable_collection":false,"title":"-","description":"<p>#C R E A T I N G  S T A T E M E N T S <\/p>"}},"collection-header":{"type":"collection-header","settings":{"collection_image_enable":true,"description_enable":false}},"collection-filters":{"type":"collection-filters","blocks":{"b1a667bf-21cf-4704-bd53-6a74644f0a77":{"type":"tags_group","settings":{"title":"Tag Group","tag_list":"First tag \nSecond tag \nThird tag"}}},"block_order":["b1a667bf-21cf-4704-bd53-6a74644f0a77"],"settings":{"filter_type":"none","tags_combine":false,"collection_sort_enable":false}},"custom-related-collections":{"type":"custom-related-collections","blocks":{"6bb4cb3b-6e8e-4b29-a2a6-2164f70bf55d":{"type":"collections","settings":{"title":"SETS","image":"shopify:\/\/shop_images\/Website_-_Catergory_Cards_45.jpg","link":"shopify:\/\/collections\/sets"}},"bea96028-da67-448b-b71a-d710e1087d55":{"type":"collections","settings":{"title":"JACKETS","image":"shopify:\/\/shop_images\/Website_-_Catergory_Cards_43.jpg","link":"shopify:\/\/collections\/jackets"}},"51e8fef5-6060-4ace-aa9b-3921a961aa66":{"type":"collections","settings":{"title":"TOPS","image":"shopify:\/\/shop_images\/Website_-_Catergory_Cards_40.jpg","link":"shopify:\/\/collections\/tops-1"}},"f76a726c-a2cd-4316-8dec-9e15627f4ea2":{"type":"collections","settings":{"title":"PANTS","image":"shopify:\/\/shop_images\/Website_-_Catergory_Cards_47.jpg","link":"shopify:\/\/collections\/bottoms"}}},"block_order":["6bb4cb3b-6e8e-4b29-a2a6-2164f70bf55d","bea96028-da67-448b-b71a-d710e1087d55","51e8fef5-6060-4ace-aa9b-3921a961aa66","f76a726c-a2cd-4316-8dec-9e15627f4ea2"],"settings":{"title":"SHOP BY COLLECTION"}},"16172955026c1407f4":{"type":"advanced-content","disabled":true,"blocks":{"16172955026c1407f4-0":{"type":"image","settings":{"image":"shopify:\/\/shop_images\/CROWN_SAINT_-_2021-06-23T103028.608.jpg","link":"shopify:\/\/collections\/sets","width":"50%","alignment":"top-middle"}},"40848a8b-f21e-44c5-aa97-c47008b770f1":{"type":"image","settings":{"image":"shopify:\/\/shop_images\/catergory-banner-mens-pants.jpg","link":"shopify:\/\/collections\/bottoms","width":"50%","alignment":"top-middle"}}},"block_order":["16172955026c1407f4-0","40848a8b-f21e-44c5-aa97-c47008b770f1"],"settings":{"full_width":false,"space_around":true,"alt":false}},"1618149225fb76f965":{"type":"advanced-content","disabled":true,"blocks":{"1618149225fb76f965-0":{"type":"image","settings":{"image":"shopify:\/\/shop_images\/Website_-_Catergory_Cards_13.jpg","link":"shopify:\/\/products\/beige-cargo-jacket","width":"33%","alignment":"top-middle"}},"ed9441bb-bce5-4daa-b42a-c96d202a733f":{"type":"image","settings":{"image":"shopify:\/\/shop_images\/Website_-_Catergory_Cards_12.jpg","link":"shopify:\/\/collections\/jackets","width":"33%","alignment":"top-middle"}},"6f490ae3-c45d-4be0-be88-2b2cfab7db35":{"type":"image","settings":{"image":"shopify:\/\/shop_images\/Website_-_Catergory_Cards_14.jpg","link":"shopify:\/\/collections\/bottoms","width":"33%","alignment":"top-middle"}}},"block_order":["1618149225fb76f965-0","ed9441bb-bce5-4daa-b42a-c96d202a733f","6f490ae3-c45d-4be0-be88-2b2cfab7db35"],"settings":{"full_width":true,"space_around":true,"alt":false}},"password-header":{"type":"password-header","settings":{"logo":"shopify:\/\/shop_images\/Crown_Saint_-_black_logo_no_background_for_embroidery_3d9bc52f-b489-4f39-ac71-2500f59ba336.png","desktop_logo_width":200,"mobile_logo_width":140}},"password-content":{"type":"password-content","settings":{"title":"BLACK FRIDAY - 24\/11","show_password_message":true,"text":"","newsletter_enable":false,"newsletter_placeholder":"enter email","newsletter_button_text":"Submit","show_share_buttons":false,"show_image":true,"image":"shopify:\/\/shop_images\/Untitled_design_-_2021-10-28T034031.239.jpg"}},"1625572016859b98de":{"type":"slideshow","blocks":{"c38b3df8-b668-4d6b-915d-0d39ee17ddb6":{"type":"image","settings":{"title":"","title_size":40,"subheading":"NEW IN","link":"shopify:\/\/products\/white-pleated-pullover","link_text":"knitwear","color_accent":"rgba(0,0,0,0)","text_align":"vertical-center horizontal-center","image":"shopify:\/\/shop_images\/homepage_8.jpg","image_mobile":"shopify:\/\/shop_images\/mobile_homepage_4.jpg","focal_point":"center center"}},"2933f37d-a719-4274-ac5b-94d6f0c77741":{"type":"image","settings":{"title":"","title_size":80,"subheading":"NEW IN","link":"shopify:\/\/products\/stone-stud-jacket","link_text":"The Stone Set","color_accent":"rgba(0,0,0,0)","text_align":"vertical-bottom horizontal-center","image":"shopify:\/\/shop_images\/homepage_5.jpg","image_mobile":"shopify:\/\/shop_images\/NEW_RELEASE_10.jpg","focal_point":"center center"}}},"block_order":["c38b3df8-b668-4d6b-915d-0d39ee17ddb6","2933f37d-a719-4274-ac5b-94d6f0c77741"],"settings":{"style":"minimal","desktop_size":0,"mobile_size":20,"autoplay":false,"autoplay_speed":7}},"163040804425adb6e1":{"type":"featured-collection-slider","disabled":true,"settings":{"title":"BEST-SELLERS","description":"","home_featured_products":"bestsellers","per_row":"medium","alt":false}},"16354538137af3a452":{"type":"slideshow","disabled":true,"blocks":{"f263e238-41bc-4102-b246-6c33c679b8cb":{"type":"image","settings":{"title":"","title_size":80,"subheading":"NEW IN:","link":"shopify:\/\/products\/marble-denim-jacket","link_text":"THE MARBLE JACKET","color_accent":"rgba(0,0,0,0)","text_align":"vertical-center horizontal-center","image":"shopify:\/\/shop_images\/01.jpg","image_mobile":"shopify:\/\/shop_images\/NEW_RELEASE_58_1_-2.jpg","focal_point":"center center"}}},"block_order":["f263e238-41bc-4102-b246-6c33c679b8cb"],"settings":{"style":"minimal","desktop_size":0,"mobile_size":30,"autoplay":false,"autoplay_speed":7}},"1640097289c5d4a114":{"type":"slideshow","disabled":true,"blocks":{"1640097289c5d4a114-0":{"type":"image","settings":{"title":"","title_size":80,"subheading":"","link":"","link_text":"behind the brand","color_accent":"rgba(0,0,0,0)","text_align":"vertical-bottom horizontal-center","image":"shopify:\/\/shop_images\/IG_FEED_2_2.jpg","focal_point":"center center"}}},"block_order":["1640097289c5d4a114-0"],"settings":{"style":"minimal","desktop_size":0,"mobile_size":0,"autoplay":false,"autoplay_speed":7}},"link_lists":{"type":"link_lists","blocks":{"d7f99589-2ffe-4b9a-90f4-09dbc4d8159b":{"type":"link","settings":{"linkurl":"shopify:\/\/collections\/casual-fits","linktext":"CASUAL FITS"}},"4838c872-8d87-498b-a750-d9c86e902a50":{"type":"link","settings":{"linkurl":"shopify:\/\/collections\/going-out-fits","linktext":"GOING-OUT FITS"}}},"block_order":["d7f99589-2ffe-4b9a-90f4-09dbc4d8159b","4838c872-8d87-498b-a750-d9c86e902a50"],"settings":{"title":"SHOP BY STYLE"}},"collection-view-settings":{"type":"collection-view-settings","blocks":{"84d4db8e-87b6-4133-8823-d4a3f203167b":{"type":"text","settings":{"collectionname":"all","showproductview":false}},"4eca4f6e-fa7a-4326-a6df-5b80ce1e21f1":{"type":"text","settings":{"collectionname":"bestsellers","showproductview":true}},"97d4968f-7587-4e86-99ed-cf8f02fc43d8":{"type":"text","settings":{"collectionname":"bottoms","showproductview":false}},"f9ecbdec-a24f-4e20-8631-4168e3c96e7a":{"type":"text","settings":{"collectionname":"casual-fits","showproductview":true}},"aea5f232-8a1a-4584-bdd8-17f1e9af07ba":{"type":"text","settings":{"collectionname":"jackets","showproductview":false}},"68d42101-4975-4450-8fc0-8bef820b913f":{"type":"text","settings":{"collectionname":"new-arrivals","showproductview":true}},"b049d254-6aa0-494b-a512-4b2fe68ca764":{"type":"text","settings":{"collectionname":"sets","showproductview":true}},"bc0ff51f-1cbe-494c-ba5f-747cc1d72752":{"type":"text","settings":{"collectionname":"tops-1","showproductview":false}},"e77f2a46-8e54-4b32-a2b1-71f22f8a147e":{"type":"text","settings":{"collectionname":"going-out-fits","showproductview":true}},"c67809d5-c2b3-48e5-88fe-5dc2874cce16":{"type":"text","settings":{"collectionname":"outlet","showproductview":true}}},"block_order":["84d4db8e-87b6-4133-8823-d4a3f203167b","4eca4f6e-fa7a-4326-a6df-5b80ce1e21f1","97d4968f-7587-4e86-99ed-cf8f02fc43d8","f9ecbdec-a24f-4e20-8631-4168e3c96e7a","aea5f232-8a1a-4584-bdd8-17f1e9af07ba","68d42101-4975-4450-8fc0-8bef820b913f","b049d254-6aa0-494b-a512-4b2fe68ca764","bc0ff51f-1cbe-494c-ba5f-747cc1d72752","e77f2a46-8e54-4b32-a2b1-71f22f8a147e","c67809d5-c2b3-48e5-88fe-5dc2874cce16"],"settings":{"buttonnamefirst":"Product View","buttonnamesecond":"Model View"}}},"content_for_index":["16354538137af3a452","1625572016859b98de","1618149225fb76f965","16172955026c1407f4","163040804425adb6e1","1640097289c5d4a114"]},"presets":{"Core":{"animate_images":true,"animate_page_transition_style":"page-logo","button_style":"round","button_type_style":"normal","cart_type":"sticky","checkout_accent_color":"#111111","checkout_banner_background_color":"#ffffff","checkout_body_background_color":"#ffffff","checkout_body_font":"Helvetica Neue","checkout_button_color":"#111111","checkout_call_to_action_color":"#a26b25","checkout_error_color":"#ff6d6d","checkout_heading_font":"Helvetica Neue","checkout_input_background_color_mode":"white","checkout_logo_position":"left","checkout_logo_size":"medium","checkout_sidebar_background_color":"#fafafa","checkout_use_header_image":false,"color_alt_bg":"#f9f9f9","color_alt_text":"#000000","color_announcement":"#000000","color_announcement_text":"#ffffff","color_body_bg":"#ffffff","color_body_text":"#000000","color_button":"#000000","color_button_text":"#ffffff","color_cart_dot":"#f75d44","color_cart_dot_text":"#ffffff","color_drawer_background":"#ffffff","color_drawer_text":"#000000","color_image_overlay":"#000000","color_image_overlay_opacity":10,"color_image_overlay_text_shadow":20,"color_image_text":"#ffffff","color_large_image_bg":"#000000","color_newsletter":"#000000","color_newsletter_text":"#fff","color_sale_price":"#000000","color_sale_tag":"#990000","color_small_image_bg":"#ffffff","desktop_loader_width":100,"mobile_loader_width":100,"product_grid_image_size":"natural","product_hover_details":false,"product_hover_image":true,"product_image_scatter":false,"product_video_style":"muted","reviews_layout":"full","social_facebook_link":"https:\/\/www.facebook.com\/shopify","social_instagram_link":"https:\/\/instagram.com\/shopify","social_pinterest_link":"https:\/\/www.pinterest.com\/shopify","type_base_font_family":"roboto_condensed_n4","type_base_line_height":1.6,"type_base_size":18,"type_base_spacing":"25","type_header_base_size":46,"type_header_capitalize":true,"type_header_font_family":"roboto_condensed_i7","type_header_line_height":1,"type_header_spacing":"-25","type_product_capitalize":false,"sections":{"header":{"type":"header","settings":{"sticky_index":true,"sticky_collection":false,"header_search_enable":true,"show_announcement":false,"show_announcement_home_only":false}},"footer":{"type":"footer","settings":{"show_newsletter":true,"show_social_icons":true,"menu":"footer","newsletter_title":"Join the club","newsletter_richtext":"","show_payment_icons":false,"show_copyright":false}},"collection-template":{"type":"collection-template","settings":{"per_row_desktop":3}},"product-template":{"type":"product-template","settings":{}},"article-template":{"type":"article-template","settings":{"blog_show_image":true,"blog_show_tags":true,"blog_show_date":true,"blog_show_comments":true,"blog_show_author":false,"social_sharing_blog":true}},"blog-template":{"type":"blog-template","settings":{"blog_show_tag_filter":true,"blog_show_rss":false,"blog_show_tags":true,"blog_show_date":true,"blog_show_comments":true,"blog_show_author":false}},"product-sections":{"type":"product-sections","blocks":{"product-text-columns":{"type":"text-columns","settings":{"title":"Why choose us?","align_text":"center","alt":true,"enable_image_1":false,"image_width_1":650,"title_1":"Reason one","text_1":"<p>Use this section to explain your company philosophy or standards. Add images for emphasis. This content will appear on all products.<\/p>","enable_image_2":false,"image_width_2":650,"title_2":"Reason two","text_2":"<p>Use this section to explain your company philosophy or standards. Add images for emphasis. This content will appear on all products.<\/p>","enable_image_3":false,"image_width_3":650,"title_3":"","text_3":""}},"product-text-and-image":{"type":"text-and-image","settings":{"image_width":700,"text":"<p>Pair large text with an image to tell a story, explain a detail about your products, or describe a new promotion.<\/p>","button_style":"primary","layout":"right"}},"product-background-image-text":{"type":"background-image-text","settings":{"layout":"right"}}},"block_order":["product-text-columns","product-text-and-image","product-background-image-text"],"settings":{}},"page-sections-template":{"type":"page-sections-template","blocks":{"1559681273277":{"type":"image-hero","settings":{"title_size":80,"text_align":"vertical-center horizontal-center"}},"1558643031646":{"type":"text-and-image","settings":{"image_width":450,"button_style":"primary","layout":"right"}},"1558643392013":{"type":"map","settings":{}},"1558643431127":{"type":"collection-slider","settings":{"per_row":"large"}},"1558643225272":{"type":"hero-video","settings":{"title":"Keep it short\nand sweet.","title_size":60,"subheading":"Explain your brand in more depth on your product pages","text_align":"vertical-center horizontal-center","section_height":"750px","mobile_height":"100vh"}}},"block_order":["1559681273277","1558643031646","1558643392013","1558643431127","1558643225272"],"settings":{"page_title_enable":false,"page_content_enable":true}},"newsletter-popup":{"type":"newsletter-popup","settings":{"mode":"disabled","popup_seconds":5,"popup_days":30,"enable_newsletter":true}},"1543003878234":{"type":"featured-collections","blocks":{"1543003878234-0":{"type":"collection","settings":{}},"1543003878234-1":{"type":"collection","settings":{}},"1543003878234-2":{"type":"collection","settings":{}},"1543003878234-3":{"type":"collection","settings":{}}},"block_order":["1543003878234-0","1543003878234-1","1543003878234-2","1543003878234-3"],"settings":{"alt":true,"title":"Shop all"}},"list-collections-template":{"type":"list-collections-template","settings":{}},"1556162802939":{"type":"featured-collection","settings":{"per_row_desktop":4,"per_row_mobile":"2","description":"For more traditional layouts"}},"1556162914490":{"type":"featured-collection-slider","settings":{"description":"With infinite scrolling"}},"1558626745581":{"type":"featured-content","settings":{"align_text":"center","narrow_column":true,"enlarge_text":true}},"1559096311192":{"type":"hero-animated","blocks":{"1559096311192-0":{"type":"image","settings":{}},"1559097202495":{"type":"image","settings":{}}},"block_order":["1559096311192-0","1559097202495"],"settings":{"style":"gif","title":"Make an impression","title_size":80,"text_align":"vertical-center horizontal-center"}},"1559098181700":{"type":"slideshow","blocks":{"1559098181700-0":{"type":"image","settings":{"title_size":80,"text_align":"vertical-bottom horizontal-left"}}},"block_order":["1559098181700-0"],"settings":{}},"1559321610782":{"type":"hero-video","settings":{"title":"Keep it short\nand sweet.","title_size":80,"subheading":"Explain your brand in more depth on your product pages","text_align":"vertical-bottom horizontal-center","section_height":"750px","mobile_height":"100vh"}},"product-recommendations":{"type":"product-recommendations","settings":{"show_product_recommendations":true}},"1559585995085":{"type":"featured-collection-slider","settings":{"description":"With infinite scrolling"}},"1559586187853":{"type":"marquee","settings":{"text":"Follow us for monthly apparel giveaways","text_size":36}},"1559687247066":{"type":"text-and-image","settings":{"image_width":700,"button_label":"Our story","button_style":"secondary","layout":"right"}},"1559687361077":{"type":"text-and-image","settings":{"image_width":700,"button_label":"Contact us","button_style":"secondary","layout":"left"}},"1559687710135":{"type":"map","settings":{}}},"content_for_index":["1559321610782","1559585995085","1558626745581","1559096311192","1556162914490","1559098181700","1556162802939","1543003878234","1559687247066","1559687361077","1559687710135","1559586187853"]},"Luxe":{"animate_images":true,"animate_page_transition_style":"page-logo","button_style":"shadow","cart_type":"sticky","checkout_accent_color":"#111111","checkout_banner_background_color":"#ffffff","checkout_body_background_color":"#ffffff","checkout_body_font":"Helvetica Neue","checkout_button_color":"#111111","checkout_call_to_action_color":"#a26b25","checkout_error_color":"#ff6d6d","checkout_heading_font":"Helvetica Neue","checkout_input_background_color_mode":"white","checkout_logo_position":"left","checkout_logo_size":"medium","checkout_sidebar_background_color":"#fafafa","checkout_use_header_image":false,"color_alt_bg":"#ffffff","color_alt_text":"#333029","color_announcement":"#c67066","color_announcement_text":"#ffffff","color_body_bg":"#fdfbfa","color_body_text":"#333029","color_button":"#c67066","color_button_text":"#ffffff","color_cart_dot":"#c67066","color_drawer_background":"#fdf9f5","color_drawer_text":"#333029","color_image_bg":"#000000","color_image_overlay":"#000000","color_image_overlay_opacity":10,"color_image_text":"#ffffff","color_large_image_bg":"#eee5e0","color_newsletter":"#c67066","color_newsletter_text":"#ffffff","color_sale_price":"#333029","color_sale_tag":"#c67066","color_small_image_bg":"#fdfbfa","desktop_loader_width":140,"mobile_loader_width":130,"product_grid_image_size":"natural","product_hover_details":true,"product_hover_image":true,"product_image_scatter":false,"product_video_style":"muted","reviews_layout":"full","social_facebook_link":"https:\/\/www.facebook.com\/shopify","social_instagram_link":"https:\/\/instagram.com\/shopify","social_pinterest_link":"https:\/\/www.pinterest.com\/shopify","type_base_font_family":"futura_n4","type_base_line_height":1.7,"type_base_size":18,"type_base_spacing":"25","type_header_base_size":50,"type_header_capitalize":false,"type_header_font_family":"itc_novarese_n5","type_header_line_height":1.1,"type_header_spacing":"0","type_product_capitalize":false,"sections":{"header":{"type":"header","settings":{"sticky_index":true,"sticky_collection":true,"header_search_enable":true,"show_announcement":true,"show_announcement_home_only":false}},"footer":{"type":"footer","settings":{"show_newsletter":true,"show_social_icons":true,"show_payment_icons":false,"show_copyright":false}},"collection-template":{"type":"collection-template","settings":{"per_row_desktop":3}},"product-template":{"type":"product-template","settings":{}},"article-template":{"type":"article-template","settings":{"blog_show_image":false,"blog_show_tags":true,"blog_show_date":false,"blog_show_comments":true,"blog_show_author":false,"social_sharing_blog":false}},"blog-template":{"type":"blog-template","settings":{"blog_show_tag_filter":true,"blog_show_rss":false,"blog_show_tags":true,"blog_show_date":false,"blog_show_comments":true,"blog_show_author":false}},"product-sections":{"type":"product-sections","blocks":{"product-text-columns":{"type":"text-columns","settings":{"title":"Why choose us?","align_text":"center","alt":true,"enable_image_1":false,"image_width_1":650,"title_1":"Reason one","text_1":"<p>Use this section to explain your company philosophy or standards. Add images for emphasis. This content will appear on all products.<\/p>","enable_image_2":false,"image_width_2":650,"title_2":"Reason two","text_2":"<p>Use this section to explain your company philosophy or standards. Add images for emphasis. This content will appear on all products.<\/p>","enable_image_3":false,"image_width_3":650,"title_3":"","text_3":""}},"product-text-and-image":{"type":"text-and-image","settings":{"image_width":700,"text":"<p>Pair large text with an image to tell a story, explain a detail about your products, or describe a new promotion.<\/p>","button_style":"primary","layout":"right"}},"product-background-image-text":{"type":"background-image-text","settings":{"layout":"right"}}},"block_order":["product-text-columns","product-text-and-image","product-background-image-text"],"settings":{}},"page-sections-template":{"type":"page-sections-template","blocks":{"1558643031646":{"type":"text-and-image","settings":{"image_width":400,"button_style":"primary","layout":"right"}},"1558643225272":{"type":"hero-video","settings":{"title":"Keep it short\nand sweet.","title_size":47,"subheading":"Explain your brand in more depth on your product pages","text_align":"vertical-center horizontal-center","section_height":"750px","mobile_height":"100vh"}},"1558643431127":{"type":"collection-slider","settings":{"per_row":"small"}},"1558643392013":{"type":"map","settings":{}}},"block_order":["1558643031646","1558643225272","1558643431127","1558643392013"],"settings":{"page_title_enable":true,"page_content_enable":true}},"newsletter-popup":{"type":"newsletter-popup","settings":{"mode":"disabled","popup_seconds":5,"popup_days":30,"enable_newsletter":true}},"list-collections-template":{"type":"list-collections-template","settings":{"title_enable":true,"display_type":"all"}},"1555097143929":{"type":"text-and-image","settings":{"image_width":700,"button_style":"btn","layout":"right"}},"1555439851826":{"type":"background-image-text","settings":{"color_border":"#4f1c3a","layout":"right"}},"1556162802939":{"type":"featured-collection-slider","settings":{}},"1556162914490":{"type":"featured-collection-slider","settings":{}},"1558625522348":{"type":"background-image-text","settings":{"color_border":"#4f1c3a","layout":"left"}},"1558626497917":{"type":"hero-video","settings":{"title":"Keep it short\nand sweet.","title_size":80,"subheading":"Explain your brand in more depth on your product pages","text_align":"vertical-center horizontal-center","section_height":"750px","mobile_height":"100vh"}},"1558626745581":{"type":"featured-content","settings":{"align_text":"center","narrow_column":true,"enlarge_text":true}},"1559155590855":{"type":"text-columns","blocks":{"1559155590855-0":{"type":"text_block","settings":{"enable_image":false,"title":"Reason one"}},"1559155590855-1":{"type":"text_block","settings":{"enable_image":false,"title":"Reason two"}}},"block_order":["1559155590855-0","1559155590855-1"],"settings":{"title":"Why choose us?","align_text":"center","alt":true}},"password-header":{"type":"password-header","settings":{}},"password-content":{"type":"password-content","settings":{"newsletter_enable":true,"show_share_buttons":false,"show_image":true}},"product-recommendations":{"type":"product-recommendations","settings":{"show_product_recommendations":true,"per_row":"small"}}},"content_for_index":["1558626497917","1556162914490","1558626745581","1555097143929","1555439851826","1559155590855","1556162802939","1558625522348"]},"Hype":{"animate_images":false,"animate_page_transition_style":"page-logo","button_style":"shadow","cart_type":"sticky","checkout_accent_color":"#111111","checkout_body_background_color":"#ffffff","checkout_body_font":"Helvetica Neue","checkout_button_color":"#111111","checkout_error_color":"#ff6d6d","checkout_heading_font":"Helvetica Neue","checkout_input_background_color_mode":"white","checkout_logo_position":"left","checkout_logo_size":"medium","checkout_sidebar_background_color":"#fafafa","color_alt_bg":"#000000","color_alt_text":"#ffffff","color_announcement":"#000000","color_announcement_text":"#ffffff","color_body_bg":"#ffffff","color_cart_dot":"#FF2300","color_drawer_background":"#ffffff","color_drawer_text":"#000000","color_image_bg":"#000000","color_image_overlay":"#000000","color_image_overlay_opacity":10,"color_image_text":"#ffffff","color_large_image_bg":"#000000","color_newsletter":"#000000","color_newsletter_text":"#ffffff","color_small_image_bg":"#f2f2f2","desktop_loader_width":190,"mobile_loader_width":180,"product_grid_image_size":"natural","product_hover_details":false,"product_hover_image":true,"product_image_scatter":true,"product_video_style":"muted","reviews_layout":"full","social_facebook_link":"https:\/\/www.facebook.com\/shopify","social_instagram_link":"https:\/\/instagram.com\/shopify","social_pinterest_link":"https:\/\/www.pinterest.com\/shopify","type_base_font_family":"basic_commercial_n7","type_base_line_height":1.3,"type_base_size":20,"type_base_spacing":"25","type_header_base_size":48,"type_header_capitalize":true,"type_header_font_family":"basic_commercial_n7","type_header_line_height":0.9,"type_header_spacing":"25","type_product_capitalize":true,"sections":{"header":{"type":"header","settings":{"sticky_index":true,"sticky_collection":true,"header_search_enable":true,"show_announcement":false}},"footer":{"type":"footer","settings":{"show_newsletter":false}},"collection-template":{"type":"collection-template","settings":{"per_row_desktop":3}},"product-template":{"type":"product-template","settings":{}},"article-template":{"type":"article-template","settings":{"blog_show_image":true,"blog_show_tags":true,"blog_show_date":true,"blog_show_comments":true,"blog_show_author":false,"social_sharing_blog":true}},"blog-template":{"type":"blog-template","settings":{"blog_show_tag_filter":true,"blog_show_rss":false,"blog_show_tags":true,"blog_show_date":true,"blog_show_comments":true,"blog_show_author":false}},"product-sections":{"type":"product-sections","blocks":{"product-text-columns":{"type":"text-columns","settings":{"title":"Why choose us?","align_text":"center","alt":true,"enable_image_1":false,"image_width_1":650,"title_1":"Reason one","text_1":"<p>Use this section to explain your company philosophy or standards. Add images for emphasis. This content will appear on all products.<\/p>","enable_image_2":false,"image_width_2":650,"title_2":"Reason two","text_2":"<p>Use this section to explain your company philosophy or standards. Add images for emphasis. This content will appear on all products.<\/p>","enable_image_3":false,"image_width_3":650,"title_3":"","text_3":""}},"product-text-and-image":{"type":"text-and-image","settings":{"image_width":700,"text":"<p>Pair large text with an image to tell a story, explain a detail about your products, or describe a new promotion.<\/p>","button_style":"primary","layout":"right"}},"product-background-image-text":{"type":"background-image-text","settings":{"layout":"right"}}},"block_order":["product-text-columns","product-text-and-image","product-background-image-text"],"settings":{}},"page-sections-template":{"type":"page-sections-template","blocks":{"1558643031646":{"type":"text-and-image","settings":{"image_width":400,"button_style":"primary","layout":"right"}},"1558643431127":{"type":"collection-slider","settings":{"per_row":"small"}}},"block_order":["1558643031646","1558643431127"],"settings":{"page_title_enable":true,"page_content_enable":true}},"newsletter-popup":{"type":"newsletter-popup","settings":{"mode":"disabled","popup_seconds":5,"popup_days":30,"enable_newsletter":true}},"list-collections-template":{"type":"list-collections-template","settings":{}},"1555097143929":{"type":"text-and-image","settings":{}},"1556162802939":{"type":"featured-collection-slider","settings":{}},"1556162914490":{"type":"featured-collection-slider","settings":{}},"1559240039950":{"type":"hero-animated","blocks":{"1559240039950-0":{"type":"image","settings":{}},"1559240039950-1":{"type":"image","settings":{}},"1559309176406":{"type":"image","settings":{}}},"block_order":["1559240039950-0","1559240039950-1","1559309176406"],"settings":{"style":"gif","title_size":72,"text_align":"vertical-bottom horizontal-right"}},"1559241610369":{"type":"marquee","settings":{"text":"☞ FREE SHIPPING AND RETURNS","text_size":70,"text_spacing":true,"color_scheme":"text","direction":"left"}},"product-recommendations":{"type":"product-recommendations","settings":{"show_product_recommendations":true,"per_row":"large"}},"1559249041610":{"type":"hero-video","settings":{"title":"Keep it short\nand sweet.","title_size":80,"subheading":"Explain your brand in more depth on your product pages","text_align":"vertical-bottom horizontal-left","section_height":"750px","mobile_height":"100vh"}}},"content_for_index":["1559240039950","1555097143929","1559241610369","1556162914490","1559249041610","1556162802939"]}}}