{"last_tab":"","custom-sidebars":["Shop Single Sidebar"],"google-api-key":"AIzaSyAFNkD_gFofuS_btxIFGL93-ti8xug6RS8&language=en","social-icon-enable":"1","social-identities":{"redux_repeater_data":[{"title":""},{"title":""},{"title":""},{"title":""}],"title":["Facebook","Twitter","Pinterest","Instagram"],"network":["fa-facebook","fa-twitter","fa-pinterest","fa-instagram"],"url":["#","#","#","#"]},"color-switcher":"","color-view":"","color-name":"","color":"","skin-sec-color":"","site-version":"modify","site-version-default":"v1","site-version-modify":"bw","site-layout":"wide","site-background-type":"","site-bar-bg":{"url":"","id":"","height":"","width":"","thumbnail":"","title":"","caption":"","alt":"","description":""},"site-bar-solid":"","site-bar-gradient":"","breadcrumb-enable":"1","opt-logo":{"url":"http:\/\/www.ckthemes.com\/flipmart-new\/flipmart\/bw\/wp-content\/uploads\/sites\/28\/2019\/05\/logo@2x.png","id":"5","height":"100","width":"308","thumbnail":"http:\/\/www.ckthemes.com\/flipmart-new\/flipmart\/bw\/wp-content\/uploads\/sites\/28\/2019\/05\/logo@2x-150x100.png","title":"logo@2x","caption":"","alt":"","description":""},"favicon":{"url":"","id":"","height":"","width":"","thumbnail":"","title":"","caption":"","alt":"","description":""},"iphone_icon":{"url":"","id":"","height":"","width":"","thumbnail":"","title":"","caption":"","alt":"","description":""},"iphone_icon_retina":{"url":"","id":"","height":"","width":"","thumbnail":"","title":"","caption":"","alt":"","description":""},"ipad_icon":{"url":"","id":"","height":"","width":"","thumbnail":"","title":"","caption":"","alt":"","description":""},"ipad_icon_retina":{"url":"","id":"","height":"","width":"","thumbnail":"","title":"","caption":"","alt":"","description":""},"bw-footer-logo":{"url":"http:\/\/www.ckthemes.com\/flipmart\/bw\/wp-content\/uploads\/sites\/28\/2019\/05\/logo@2x.png","id":"6","height":"41","width":"37","thumbnail":"http:\/\/www.ckthemes.com\/flipmart\/bw\/wp-content\/uploads\/sites\/28\/2019\/05\/logo@2x-150x100.png","title":"flogo","caption":"","alt":"","description":""},"bw-footer-copyright":"Copyright \u00a9 2019. Flipmart All Rights Reserved","page-opt-enable-global":"1","page-opt-sidebar":"","page-opt-sidebar-position":"right","blog-enable-global":"1","blog-sidebar":"","blog-sidebar-position":"right","blog-single-enable-global":"1","blog-single-sidebar":"","blog-single-sidebar-position":"right","blog-archive-enable-global":"1","blog-archive-sidebar":"","blog-archive-sidebar-position":"right","blog-search-enable-global":"1","search-sidebar":"","search-sidebar-position":"right","shop-enable-global":"1","shop-sidebar":"woocommerce","shop-sidebar-position":"left","product-enable-global":"1","product-sidebar":"shop-single-sidebar","product-sidebar-position":"right","body_typography":{"font-family":"PT Sans","font-options":"","google":"1","font-weight":"400","font-style":"","subsets":"","font-size":"13px","line-height":"1.5","letter-spacing":"0","color":"#747474"},"h1_typography":{"font-family":"Antic Slab","font-options":"","google":"1","font-weight":"400","font-style":"","subsets":"","font-size":"34px","line-height":"1.4","letter-spacing":"0","color":"#333333"},"h2_typography":{"font-family":"Antic Slab","font-options":"","google":"1","font-weight":"400","font-style":"","subsets":"","font-size":"18px","line-height":"1.5","letter-spacing":"0","color":"#333333"},"h3_typography":{"font-family":"Antic Slab","font-options":"","google":"1","font-weight":"400","font-style":"","subsets":"","font-size":"16px","line-height":"1.5","letter-spacing":"0","color":"#333333"},"h4_typography":{"font-family":"Antic Slab","font-options":"","google":"1","font-weight":"400","font-style":"","subsets":"","font-size":"13px","line-height":"1.5","letter-spacing":"0","color":"#333333"},"h5_typography":{"font-family":"Antic Slab","font-options":"","google":"1","font-weight":"400","font-style":"","subsets":"","font-size":"12px","line-height":"1.5","letter-spacing":"0","color":"#333333"},"h6_typography":{"font-family":"Antic Slab","font-options":"","google":"1","font-weight":"400","font-style":"","subsets":"","font-size":"11px","line-height":"1.5","letter-spacing":"0","color":"#333333"},"adds_google_font":{"font-family":"","font-options":"","google":"1","subsets":""},"adds_google_font_2":{"font-family":"","font-options":"","google":"1","subsets":""},"adds_google_font_3":{"font-family":"","font-options":"","google":"1","subsets":""},"blog-animation":"","blog-delay":"","post-social-share":"1","blog-author-box":"1","blog-single-animation":"","blog-single-delay":"","excerpt-by":"words","excerpt-length":"30","excerpt-ellipsis":"\u2026","excerpt-before":"<p>","excerpt-after":"<\/p>","excerpt-readmore":"1","excerpt-readmore-txt":"Read More","shop-layout":"grid","shop-column":"3","shop-limit":"12","top-bar":"1","shop-filter":"1","shop-pagination":"1","shop-sale-banner":"1","shop-banner":{"url":"http:\/\/www.ckthemes.com\/flipmart\/bw\/wp-content\/uploads\/sites\/28\/2019\/05\/slide1.jpg","id":"9","height":"956","width":"1700","thumbnail":"http:\/\/www.ckthemes.com\/flipmart\/bw\/wp-content\/uploads\/sites\/28\/2019\/05\/slide1-150x150.jpg","title":"slide1","caption":"","alt":"","description":""},"shop-banner-heading":"Big Sale","shop-banner-sub-heading":"Save up to 49% off","shop-banner-content":"Lorem ipsum dolor sit amet, consectetur adipiscing elit","shop-quick-view":"1","sale-tag":"1","sale-tag-text":"","new-tag":"1","new-tag-text":"","hot-tag":"1","hot-tag-text":"","stock-tag":"1","stock-tag-text":"","product-content-animation":"","product-content-delay":"","product-tab":"1","product-tab-animation":"","product-tab-delay":"","product-related":"1","product-rel-limit":"8","product-related-animation":"","product-related-delay":"","product-sell":"1","product-sell-limit":"8","product-sell-animation":"","product-sell-delay":"","product-cross":"1","product-cross-limit":"8","product-qr-code":"1","page-404-title":"404","page-404-subtitle":"Oops! the page you were looking for, couldn't be found.","page-404-body":"Try the search below to find matching pages:","error-404-enable-search":"on","error-404-search-title":"Search..","page-404-search-btn":"Go","page-404-back-btn":"Go To Homepage","enable-translation":"1","tr-blog-comment":"Comment","tr-blog-comments":"Comments","tr-blog-comment-off":"Comment Off","tr-blog-comment-reply":"Reply","tr-blog-search":"Search..","tr-blog-search-result":"Search Result of {d340b2a8279aa1772aeb54c5d8d65bf6e12741002149bf0454ba806e27d48e69}s","search-result-limit":"12","google_analytics":"","space_head":"","space_body":"","clear-static-files":"0","dynamic_css":"0","dynamic_css_compiler":"1","dynamic_css_db_caching":"0","cache_server_ip":"","custom_css":"","redux-backup":"1"}