{"articles":[{"id":36005052493,"title":"Our spring cover star trends for spring\/summer 2018 (image slider)","created_at":"2019-07-17T11:40:14-04:00","body_html":"\u003cp class=\"article-text\"\u003eLorem ipsum dolor sit amet conse ctetur adipisicing elit, sed do eiusmod tempor incididunt ut labore et dolore magna aliqua. Ut enim ad minim veniam, quis nostrud exercitation ullamco laboris nisi ut aliquip ex ea commodo consequat. Duis aute irure dolor in reprehenderit in voluptate velit esse cillum dolore eu fugiat nulla pariatur. Lorem ipsum dolor sit amet conse ctetur adipisicing elit, sed do eiusmod tempor incididunt ut labore et dolore magna aliqua. Lorem ipsum dolor sit amet conse ctetur adipisicing eli. Shella Shopify Theme.  \u003c\/p\u003e\n\u003cdiv id=\"article-slider\"\u003e\u003c\/div\u003e\n\u003cp class=\"article-text\"\u003eNostrud exercitation ullamco laboris nisi ut aliquip ex ea commodo consequat. Duis aute irure dolor in reprehenderit in voluptate velit esse cillum dolore eu fugiat nulla pariatur. Lorem ipsum dolor sit amet conse ctetur. \u003cspan\u003eShella \u003c\/span\u003e\u003cspan\u003eS\u003c\/span\u003e\u003cspan\u003ehopify Theme. \u003c\/span\u003e\u003c\/p\u003e\n\u003ch3\u003eSample Paragraph Text With Images\u003c\/h3\u003e\n\u003cp class=\"article-text\"\u003eLorem ipsum dolor sit amet conse ctetur adipisicing elit, sed do eiusmod tempor incididunt ut labore et dolore magna aliqua. Ut enim ad minim veniam, quis nostrud exercitation ullamco laboris nisi ut aliquip ex ea commodo consequat. Duis aute irure dolor in reprehenderit in voluptate velit esse cillum dolore eu fugiat nulla pariatur. Lorem ipsum dolor sit \u003cspan\u003eamet conse ctetur \u003c\/span\u003eamet conse ctetur adipisicing eli.\u003c\/p\u003e\n\u003cp class=\"article-text\"\u003e\u003cimg src=\"\/\/cdn.shopify.com\/s\/files\/1\/0026\/2956\/6516\/files\/01_9ced00b0-22b8-437f-b3da-5e20738cdd34_large.png?v=1533832119\" alt=\"\" width=\"469\" height=\"343\" style=\"float: left;\" class=\"my-20 mr-sm-30\"\u003eLorem ipsum dolor sit amet conse ctetur adipisicing elit, sed do eiusmod tempor incididunt ut labore et dolore magna aliqua. Ut enim ad minim veniam, quis nostrud exercitation ullamco laboris nisi ut aliquip ex ea commodo consequat. Duis aute irure dolor in reprehenderit in voluptate velit esse cillum dolore eu fugiat nulla pariatur. Lorem ipsum dolor sit amet conse ctetur adipisicing elit, sed do eiusmod tempor incididunt ut labore et dolore magna aliqua. Lorem ipsum dolor sit amet conse ctetur adipisicing elit, sed do eiusmod tempor incididunt ut labore et dolore magna aliqua. Ut enim ad minim veniam, quis nostrud exercitation ullamco laboris nisi ut  Lorem ipsum dolor sit amet conse ctetur adipisicing elit, sed do eiusmod tempor incididunt ut labore et dolore magna aliqua. Ut enim ad minim veniam, quis nostrud exercitation ullamco laboris nisi ut aliquip ex ea commodo consequat. Duis aute irure dolor in reprehenderit in voluptate velit esse cillum dolore eu fugiat nulla pariatur \u003cspan\u003eamet conse ctetur \u003c\/span\u003e\u003cspan\u003eadipisicing elit, sed do eiusmod tempor incididunt ut labore et dolore magna.\u003c\/span\u003e\u003cimg src=\"\/\/cdn.shopify.com\/s\/files\/1\/0026\/2956\/6516\/files\/12_large.png?v=1533833654\" alt=\"\" width=\"272\" height=\"198\" style=\"float: right;\" class=\"my-20 ml-sm-30\"\u003eLorem ipsum dolor sit amet conse ctetur adipisicing elit, sed do eiusmod tempor incididunt ut labore et dolore magna aliqua. Ut enim ad minim veniam, quis nostrud exercitation ullamco laboris nisi ut aliquip ex ea commodo consequat. Duis aute irure dolor in reprehenderit in voluptate velit esse cillum dolore eu fugiat nulla pariatur. Lorem ipsum dolor sit amet conse ctetur adipisicing elit, sed do eiusmod tempor incididunt ut labore et dolore magna aliqua. Lorem ipsum dolor sit amet conse ctetur adipisicing elit, sed do eiusmod tempor incididunt ut labore et dolore magna aliqua. \u003cspan\u003eLorem ipsum dolor sit amet conse ctetur adipisicing elit, sed do eiusmod tempor incididunt ut labore et dolore magna aliqua.\u003c\/span\u003e\u003c\/p\u003e\n\u003ch3\u003eSample Unordered List\u003c\/h3\u003e\n\u003cul class=\"mb-25\"\u003e\n\u003cli\u003eLorem ipsum dolor sit amet conse ctetur adipisicing elit;\u003c\/li\u003e\n\u003cli\u003eSed do eiusmod tempor incididunt ut labore et dolore magna aliqua\u003c\/li\u003e\n\u003cli\u003eQuis nostrud exercitation ullamco laboris nisi ut aliquip.\u003c\/li\u003e\n\u003c\/ul\u003e\n\u003cp class=\"article-text\"\u003eLorem ipsum dolor sit amet conse ctetur adipisicing elit, sed do eiusmod tempor incididunt ut labore et dolore magna aliqua. Ut enim ad minim veniam, quis nostrud exercitation ullamco laboris nisi ut aliquip ex ea commodo consequat. Duis aute irure dolor in reprehenderit in voluptate velit esse cillum dolore eu fugiat nulla pariatur. Lorem ipsum dolor sit amet conse ctetur adipisicing eli.\u003c\/p\u003e\n\u003cblockquote\u003e\n\u003cp\u003eTo create something exceptional, your mindset must be relentlessly focused on the smallest detail.\u003c\/p\u003e\n\u003csite\u003e— Giorgio Armani\u003c\/site\u003e\n\u003c\/blockquote\u003e\n\u003cp class=\"article-text\"\u003eIusmod tempor incididunt ut labore et dolore magna aliqua. Ut enim ad minim veniam, quis nostrud exercitation ullamco laboris nisi ut aliquip ex ea commodo consequat. Duis aute irure dolor in reprehenderit in voluptate velit esse cillum dolore eu fugiat nulla pariatur. Lorem ipsum dolor sit amet conse ctetur adipisicing elit, sed do eiusmod tempor incididunt ut labore et dolore magna aliqua. Ut enim ad minim veniam, quis nostrud exercitation ullamco laboris nisi ut aliquip ex ea commodo consequat. Duis aute irure dolor in reprehenderit in voluptate velit esse cillum dolore eu fugiat nulla pariatur. Lorem ipsum dolor sit amet conse ctetur adipisicing elit, sed do eiusmod tempor incididunt ut labore et dolore magna aliqua. Lorem ipsum dolor sit amet conse ctetur adipisicing eli. \u003cspan\u003eShella \u003c\/span\u003e\u003cspan\u003eS\u003c\/span\u003e\u003cspan\u003ehopify Theme. \u003c\/span\u003e\u003c\/p\u003e","blog_id":47421390925,"author":"s b","user_id":37332222029,"published_at":"2018-09-17T11:57:00-04:00","updated_at":"2019-10-04T10:19:27-04:00","summary_html":"\u003cspan\u003eLorem ipsum dolor sit amet conse ctetur adipisicing elit, sed do eiusmod tempor incididunt ut labore et dolore magna aliqua. Ut enim ad minim veniam, quis nostrud exercitation ullamco laboris nisi ut aliquip ex ea commodo consequat.\u003c\/span\u003e","template_suffix":null,"handle":"our-spring-cover-star-trends-for-spring-summer-2018-image-slider","tags":"Cool","admin_graphql_api_id":"gid:\/\/shopify\/OnlineStoreArticle\/36005052493","image":{"created_at":"2019-10-04T10:19:27-04:00","alt":"","width":1480,"height":1456,"src":"https:\/\/cdn.shopify.com\/s\/files\/1\/0241\/1639\/6109\/articles\/Rectangle.jpg?v=1570198767"}},{"id":36005019725,"title":"The Best Burn Bags For Understanding Fashion's Fanny Pack Craze","created_at":"2019-07-17T11:40:13-04:00","body_html":"\u003cp\u003eLorem ipsum dolor sit amet conse ctetur adipisicing elit, sed do eiusmod tempor incididunt ut labore et dolore magna aliqua. Ut enim ad minim veniam, quis nostrud exercitation ullamco laboris nisi ut aliquip ex ea commodo consequat. Duis aute irure dolor in reprehenderit in voluptate velit esse cillum dolore eu fugiat nulla pariatur. Lorem ipsum dolor sit amet conse ctetur adipisicing elit, sed do eiusmod tempor incididunt ut labore et dolore magna aliqua. Lorem ipsum dolor sit amet conse ctetur adipisicing eli.\u003c\/p\u003e\n\u003cp\u003e\u003cem\u003eNostrud exercitation ullamco laboris nisi ut aliquip ex ea commodo consequat. Duis aute irure dolor in reprehenderit in voluptate velit esse cillum dolore eu fugiat nulla pariatur. Lorem ipsum dolor sit amet conse cte\u003c\/em\u003etur. \u003cspan\u003eShella \u003c\/span\u003e\u003cspan\u003eS\u003c\/span\u003e\u003cspan\u003ehopify Theme. \u003c\/span\u003e\u003c\/p\u003e\n\u003ch4\u003eSample Paragraph\u003c\/h4\u003e\n\u003cp\u003eLorem ipsum dolor sit amet conse ctetur adipisicing elit, sed do eiusmod tempor incididunt ut labore et dolore magna aliqua. Ut enim ad minim veniam, quis nostrud exercitation ullamco laboris nisi ut aliquip ex ea commodo consequat. Duis aute irure dolor in reprehenderit in voluptate velit esse cillum dolore eu fugiat nulla pariatur. Lorem ipsum dolor sit amet conse ctetur adipisicing eli.\u003c\/p\u003e\n\u003cp\u003e\u003ciframe src=\"https:\/\/www.youtube.com\/embed\/MUCVB0TuQr4\" frameborder=\"0\" allow=\"autoplay; encrypted-media\" allowfullscreen=\"\"\u003e\u003c\/iframe\u003e\u003c\/p\u003e\n\u003cp\u003eIusmod tempor incididunt ut labore et dolore magna aliqua. Ut enim ad minim veniam, quis nostrud exercitation ullamco laboris nisi ut aliquip ex ea commodo consequat. Duis aute irure dolor in reprehenderit in voluptate velit esse cillum dolore eu fugiat nulla pariatur. Lorem ipsum dolor sit amet conse ctetur adipisicing elit, sed do eiusmod tempor incididunt ut labore et dolore magna aliqua. Ut enim ad minim veniam, quis nostrud exercitation ullamco laboris nisi ut aliquip ex ea commodo consequat. Duis aute irure dolor in reprehenderit in voluptate velit esse cillum dolore eu fugiat nulla pariatur. Lorem ipsum dolor sit amet conse ctetur adipisicing elit, sed do eiusmod tempor incididunt ut labore et dolore magna aliqua. Lorem ipsum dolor sit amet conse ctetur adipisicing eli..\u003c\/p\u003e\n\u003cp\u003e\u003cspan\u003e \u003c\/span\u003e\u003cspan\u003eShella \u003c\/span\u003e\u003cspan\u003eS\u003c\/span\u003e\u003cspan\u003ehopify Theme. \u003c\/span\u003e\u003c\/p\u003e","blog_id":47421390925,"author":"s b","user_id":37332222029,"published_at":"2018-09-17T11:58:00-04:00","updated_at":"2019-10-04T10:19:34-04:00","summary_html":"\u003cspan\u003eLorem ipsum dolor sit amet conse ctetur adipisicing elit, sed do eiusmod tempor incididunt ut labore et dolore magna aliqua. Ut enim ad minim veniam, quis nostrud exercitation ullamco laboris nisi ut aliquip ex ea commodo consequat.\u003c\/span\u003e","template_suffix":null,"handle":"the-best-burn-bags-for-understanding-fashions-fanny-pack-craze","tags":"Nice","admin_graphql_api_id":"gid:\/\/shopify\/OnlineStoreArticle\/36005019725","image":{"created_at":"2019-10-04T10:19:34-04:00","alt":"","width":1480,"height":1456,"src":"https:\/\/cdn.shopify.com\/s\/files\/1\/0241\/1639\/6109\/articles\/Rectangle-1.jpg?v=1570198774"}},{"id":36004986957,"title":"The Weekend Round-Up (video)","created_at":"2019-07-17T11:40:11-04:00","body_html":"\u003cp\u003eLorem ipsum dolor sit amet conse ctetur adipisicing elit, sed do eiusmod tempor incididunt ut labore et dolore magna aliqua. Ut enim ad minim veniam, quis nostrud exercitation ullamco laboris nisi ut aliquip ex ea commodo consequat. Duis aute irure dolor in reprehenderit in voluptate velit esse cillum dolore eu fugiat nulla pariatur. Lorem ipsum dolor sit amet conse ctetur adipisicing elit, sed do eiusmod tempor incididunt ut labore et dolore magna aliqua. Lorem ipsum dolor sit amet conse ctetur adipisicing eli.\u003c\/p\u003e\n\u003cp\u003e\u003cem\u003eNostrud exercitation ullamco laboris nisi ut aliquip ex ea commodo consequat. Duis aute irure dolor in reprehenderit in voluptate velit esse cillum dolore eu fugiat nulla pariatur. Lorem ipsum dolor sit amet conse cte\u003c\/em\u003etur. \u003cspan\u003eShella \u003c\/span\u003e\u003cspan\u003eS\u003c\/span\u003e\u003cspan\u003ehopify Theme. \u003c\/span\u003e\u003c\/p\u003e\n\u003ch4\u003eSample Paragraph\u003c\/h4\u003e\n\u003cp\u003eLorem ipsum dolor sit amet conse ctetur adipisicing elit, sed do eiusmod tempor incididunt ut labore et dolore magna aliqua. Ut enim ad minim veniam, quis nostrud exercitation ullamco laboris nisi ut aliquip ex ea commodo consequat. Duis aute irure dolor in reprehenderit in voluptate velit esse cillum dolore eu fugiat nulla pariatur. Lorem ipsum dolor sit amet conse ctetur adipisicing eli.\u003c\/p\u003e\n\u003cp\u003e\u003ciframe src=\"https:\/\/www.youtube.com\/embed\/MUCVB0TuQr4\" frameborder=\"0\" allow=\"autoplay; encrypted-media\" allowfullscreen=\"\"\u003e\u003c\/iframe\u003e\u003c\/p\u003e\n\u003cp\u003eIusmod tempor incididunt ut labore et dolore magna aliqua. Ut enim ad minim veniam, quis nostrud exercitation ullamco laboris nisi ut aliquip ex ea commodo consequat. Duis aute irure dolor in reprehenderit in voluptate velit esse cillum dolore eu fugiat nulla pariatur. Lorem ipsum dolor sit amet conse ctetur adipisicing elit, sed do eiusmod tempor incididunt ut labore et dolore magna aliqua. Ut enim ad minim veniam, quis nostrud exercitation ullamco laboris nisi ut aliquip ex ea commodo consequat. Duis aute irure dolor in reprehenderit in voluptate velit esse cillum dolore eu fugiat nulla pariatur. Lorem ipsum dolor sit amet conse ctetur adipisicing elit, sed do eiusmod tempor incididunt ut labore et dolore magna aliqua. Lorem ipsum dolor sit amet conse ctetur adipisicing eli..\u003c\/p\u003e\n\u003cp\u003e\u003cspan\u003e \u003c\/span\u003e\u003cspan\u003eShella \u003c\/span\u003e\u003cspan\u003eS\u003c\/span\u003e\u003cspan\u003ehopify Theme. \u003c\/span\u003e\u003c\/p\u003e","blog_id":47421390925,"author":"s b","user_id":37332222029,"published_at":"2018-10-04T11:57:00-04:00","updated_at":"2019-10-04T10:19:38-04:00","summary_html":"\u003cspan\u003eLorem ipsum dolor sit amet conse ctetur adipisicing elit, sed do eiusmod tempor incididunt ut labore et dolore magna aliqua. Ut enim ad minim veniam, quis nostrud exercitation ullamco laboris nisi ut aliquip ex ea commodo consequat\u003c\/span\u003e","template_suffix":null,"handle":"the-weekend-round-up-video","tags":"Awesome","admin_graphql_api_id":"gid:\/\/shopify\/OnlineStoreArticle\/36004986957","image":{"created_at":"2019-10-04T10:19:38-04:00","alt":"","width":1480,"height":1456,"src":"https:\/\/cdn.shopify.com\/s\/files\/1\/0241\/1639\/6109\/articles\/Rectangle-2.jpg?v=1570198778"}},{"id":36004954189,"title":"The best high-street cleansing creams","created_at":"2019-07-17T11:40:10-04:00","body_html":"\u003cp class=\"article-text\"\u003eLorem ipsum dolor sit amet conse ctetur adipisicing elit, sed do eiusmod tempor incididunt ut labore et dolore magna aliqua. Ut enim ad minim veniam, quis nostrud exercitation ullamco laboris nisi ut aliquip ex ea commodo consequat. Duis aute irure dolor in reprehenderit in voluptate velit esse cillum dolore eu fugiat nulla pariatur. Lorem ipsum dolor sit amet conse ctetur adipisicing elit, sed do eiusmod tempor incididunt ut labore et dolore magna aliqua. Lorem ipsum dolor sit amet conse ctetur adipisicing eli. Shella Shopify Theme.  \u003c\/p\u003e\n\u003cp class=\"article-text\"\u003eNostrud exercitation ullamco laboris nisi ut aliquip ex ea commodo consequat. Duis aute irure dolor in reprehenderit in voluptate velit esse cillum dolore eu fugiat nulla pariatur. Lorem ipsum dolor sit amet conse ctetur. \u003cspan\u003eShella \u003c\/span\u003e\u003cspan\u003eS\u003c\/span\u003e\u003cspan\u003ehopify Theme. \u003c\/span\u003e\u003c\/p\u003e\n\u003ch3\u003eSample Paragraph Text With Images\u003c\/h3\u003e\n\u003cp class=\"article-text\"\u003eLorem ipsum dolor sit amet conse ctetur adipisicing elit, sed do eiusmod tempor incididunt ut labore et dolore magna aliqua. Ut enim ad minim veniam, quis nostrud exercitation ullamco laboris nisi ut aliquip ex ea commodo consequat. Duis aute irure dolor in reprehenderit in voluptate velit esse cillum dolore eu fugiat nulla pariatur. Lorem ipsum dolor sit \u003cspan\u003eamet conse ctetur \u003c\/span\u003eamet conse ctetur adipisicing eli.\u003c\/p\u003e\n\u003cp class=\"article-text\"\u003e\u003cimg src=\"\/\/cdn.shopify.com\/s\/files\/1\/0026\/2956\/6516\/files\/01_9ced00b0-22b8-437f-b3da-5e20738cdd34_large.png?v=1533832119\" alt=\"\" width=\"469\" height=\"343\" style=\"float: left;\" class=\"my-20 mr-sm-30\"\u003eLorem ipsum dolor sit amet conse ctetur adipisicing elit, sed do eiusmod tempor incididunt ut labore et dolore magna aliqua. Ut enim ad minim veniam, quis nostrud exercitation ullamco laboris nisi ut aliquip ex ea commodo consequat. Duis aute irure dolor in reprehenderit in voluptate velit esse cillum dolore eu fugiat nulla pariatur. Lorem ipsum dolor sit amet conse ctetur adipisicing elit, sed do eiusmod tempor incididunt ut labore et dolore magna aliqua. Lorem ipsum dolor sit amet conse ctetur adipisicing elit, sed do eiusmod tempor incididunt ut labore et dolore magna aliqua. Ut enim ad minim veniam, quis nostrud exercitation ullamco laboris nisi ut  Lorem ipsum dolor sit amet conse ctetur adipisicing elit, sed do eiusmod tempor incididunt ut labore et dolore magna aliqua. Ut enim ad minim veniam, quis nostrud exercitation ullamco laboris nisi ut aliquip ex ea commodo consequat. Duis aute irure dolor in reprehenderit in voluptate velit esse cillum dolore eu fugiat nulla pariatur \u003cspan\u003eamet conse ctetur \u003c\/span\u003e\u003cspan\u003eadipisicing elit, sed do eiusmod tempor incididunt ut labore et dolore magna.\u003c\/span\u003e\u003cimg src=\"\/\/cdn.shopify.com\/s\/files\/1\/0026\/2956\/6516\/files\/12_large.png?v=1533833654\" alt=\"\" width=\"272\" height=\"198\" style=\"float: right;\" class=\"my-20 ml-sm-30\"\u003eLorem ipsum dolor sit amet conse ctetur adipisicing elit, sed do eiusmod tempor incididunt ut labore et dolore magna aliqua. Ut enim ad minim veniam, quis nostrud exercitation ullamco laboris nisi ut aliquip ex ea commodo consequat. Duis aute irure dolor in reprehenderit in voluptate velit esse cillum dolore eu fugiat nulla pariatur. Lorem ipsum dolor sit amet conse ctetur adipisicing elit, sed do eiusmod tempor incididunt ut labore et dolore magna aliqua. Lorem ipsum dolor sit amet conse ctetur adipisicing elit, sed do eiusmod tempor incididunt ut labore et dolore magna aliqua. \u003cspan\u003eLorem ipsum dolor sit amet conse ctetur adipisicing elit, sed do eiusmod tempor incididunt ut labore et dolore magna aliqua.\u003c\/span\u003e\u003c\/p\u003e\n\u003ch3\u003eSample Unordered List\u003c\/h3\u003e\n\u003cul class=\"mb-25\"\u003e\n\u003cli\u003eLorem ipsum dolor sit amet conse ctetur adipisicing elit;\u003c\/li\u003e\n\u003cli\u003eSed do eiusmod tempor incididunt ut labore et dolore magna aliqua\u003c\/li\u003e\n\u003cli\u003eQuis nostrud exercitation ullamco laboris nisi ut aliquip.\u003c\/li\u003e\n\u003c\/ul\u003e\n\u003cp class=\"article-text\"\u003eLorem ipsum dolor sit amet conse ctetur adipisicing elit, sed do eiusmod tempor incididunt ut labore et dolore magna aliqua. Ut enim ad minim veniam, quis nostrud exercitation ullamco laboris nisi ut aliquip ex ea commodo consequat. Duis aute irure dolor in reprehenderit in voluptate velit esse cillum dolore eu fugiat nulla pariatur. Lorem ipsum dolor sit amet conse ctetur adipisicing eli.\u003c\/p\u003e\n\u003cblockquote\u003e\n\u003cp\u003eTo create something exceptional, your mindset must be relentlessly focused on the smallest detail.\u003c\/p\u003e\n\u003csite\u003e— Giorgio Armani\u003c\/site\u003e\n\u003c\/blockquote\u003e\n\u003cp class=\"article-text\"\u003eIusmod tempor incididunt ut labore et dolore magna aliqua. Ut enim ad minim veniam, quis nostrud exercitation ullamco laboris nisi ut aliquip ex ea commodo consequat. Duis aute irure dolor in reprehenderit in voluptate velit esse cillum dolore eu fugiat nulla pariatur. Lorem ipsum dolor sit amet conse ctetur adipisicing elit, sed do eiusmod tempor incididunt ut labore et dolore magna aliqua. Ut enim ad minim veniam, quis nostrud exercitation ullamco laboris nisi ut aliquip ex ea commodo consequat. Duis aute irure dolor in reprehenderit in voluptate velit esse cillum dolore eu fugiat nulla pariatur. Lorem ipsum dolor sit amet conse ctetur adipisicing elit, sed do eiusmod tempor incididunt ut labore et dolore magna aliqua. Lorem ipsum dolor sit amet conse ctetur adipisicing eli. \u003cspan\u003eShella \u003c\/span\u003e\u003cspan\u003eS\u003c\/span\u003e\u003cspan\u003ehopify Theme. \u003c\/span\u003e\u003c\/p\u003e","blog_id":47421390925,"author":"s b","user_id":37332222029,"published_at":"2018-10-04T12:06:00-04:00","updated_at":"2019-10-04T10:19:44-04:00","summary_html":"\u003cspan\u003eLorem ipsum dolor sit amet conse ctetur adipisicing elit, sed do eiusmod tempor incididunt ut labore et dolore magna aliqua. \u003c\/span\u003e","template_suffix":null,"handle":"the-best-high-street-cleansing-creams-1","tags":"Summer","admin_graphql_api_id":"gid:\/\/shopify\/OnlineStoreArticle\/36004954189","image":{"created_at":"2019-10-04T10:19:44-04:00","alt":"","width":1480,"height":1456,"src":"https:\/\/cdn.shopify.com\/s\/files\/1\/0241\/1639\/6109\/articles\/Rectangle-3.jpg?v=1570198784"}},{"id":36004921421,"title":"Blast from the past: check out the 90s fashion revival","created_at":"2019-07-17T11:40:09-04:00","body_html":"\u003cp class=\"article-text\"\u003eLorem ipsum dolor sit amet conse ctetur adipisicing elit, sed do eiusmod tempor incididunt ut labore et dolore magna aliqua. Ut enim ad minim veniam, quis nostrud exercitation ullamco laboris nisi ut aliquip ex ea commodo consequat. Duis aute irure dolor in reprehenderit in voluptate velit esse cillum dolore eu fugiat nulla pariatur. Lorem ipsum dolor sit amet conse ctetur adipisicing elit, sed do eiusmod tempor incididunt ut labore et dolore magna aliqua. Lorem ipsum dolor sit amet conse ctetur adipisicing eli. Shella Shopify Theme.  \u003c\/p\u003e\n\u003cp class=\"article-text\"\u003eNostrud exercitation ullamco laboris nisi ut aliquip ex ea commodo consequat. Duis aute irure dolor in reprehenderit in voluptate velit esse cillum dolore eu fugiat nulla pariatur. Lorem ipsum dolor sit amet conse ctetur. \u003cspan\u003eShella \u003c\/span\u003e\u003cspan\u003eS\u003c\/span\u003e\u003cspan\u003ehopify Theme. \u003c\/span\u003e\u003c\/p\u003e\n\u003ch3\u003eSample Paragraph Text With Images\u003c\/h3\u003e\n\u003cp class=\"article-text\"\u003eLorem ipsum dolor sit amet conse ctetur adipisicing elit, sed do eiusmod tempor incididunt ut labore et dolore magna aliqua. Ut enim ad minim veniam, quis nostrud exercitation ullamco laboris nisi ut aliquip ex ea commodo consequat. Duis aute irure dolor in reprehenderit in voluptate velit esse cillum dolore eu fugiat nulla pariatur. Lorem ipsum dolor sit \u003cspan\u003eamet conse ctetur \u003c\/span\u003eamet conse ctetur adipisicing eli.\u003c\/p\u003e\n\u003cp class=\"article-text\"\u003e\u003cimg src=\"\/\/cdn.shopify.com\/s\/files\/1\/0026\/2956\/6516\/files\/01_9ced00b0-22b8-437f-b3da-5e20738cdd34_large.png?v=1533832119\" alt=\"\" width=\"469\" height=\"343\" style=\"float: left;\" class=\"my-20 mr-sm-30\"\u003eLorem ipsum dolor sit amet conse ctetur adipisicing elit, sed do eiusmod tempor incididunt ut labore et dolore magna aliqua. Ut enim ad minim veniam, quis nostrud exercitation ullamco laboris nisi ut aliquip ex ea commodo consequat. Duis aute irure dolor in reprehenderit in voluptate velit esse cillum dolore eu fugiat nulla pariatur. Lorem ipsum dolor sit amet conse ctetur adipisicing elit, sed do eiusmod tempor incididunt ut labore et dolore magna aliqua. Lorem ipsum dolor sit amet conse ctetur adipisicing elit, sed do eiusmod tempor incididunt ut labore et dolore magna aliqua. Ut enim ad minim veniam, quis nostrud exercitation ullamco laboris nisi ut  Lorem ipsum dolor sit amet conse ctetur adipisicing elit, sed do eiusmod tempor incididunt ut labore et dolore magna aliqua. Ut enim ad minim veniam, quis nostrud exercitation ullamco laboris nisi ut aliquip ex ea commodo consequat. Duis aute irure dolor in reprehenderit in voluptate velit esse cillum dolore eu fugiat nulla pariatur \u003cspan\u003eamet conse ctetur \u003c\/span\u003e\u003cspan\u003eadipisicing elit, sed do eiusmod tempor incididunt ut labore et dolore magna.\u003c\/span\u003e\u003cimg src=\"\/\/cdn.shopify.com\/s\/files\/1\/0026\/2956\/6516\/files\/12_large.png?v=1533833654\" alt=\"\" width=\"272\" height=\"198\" style=\"float: right;\" class=\"my-20 ml-sm-30\"\u003eLorem ipsum dolor sit amet conse ctetur adipisicing elit, sed do eiusmod tempor incididunt ut labore et dolore magna aliqua. Ut enim ad minim veniam, quis nostrud exercitation ullamco laboris nisi ut aliquip ex ea commodo consequat. Duis aute irure dolor in reprehenderit in voluptate velit esse cillum dolore eu fugiat nulla pariatur. Lorem ipsum dolor sit amet conse ctetur adipisicing elit, sed do eiusmod tempor incididunt ut labore et dolore magna aliqua. Lorem ipsum dolor sit amet conse ctetur adipisicing elit, sed do eiusmod tempor incididunt ut labore et dolore magna aliqua. \u003cspan\u003eLorem ipsum dolor sit amet conse ctetur adipisicing elit, sed do eiusmod tempor incididunt ut labore et dolore magna aliqua.\u003c\/span\u003e\u003c\/p\u003e\n\u003ch3\u003eSample Unordered List\u003c\/h3\u003e\n\u003cul class=\"mb-25\"\u003e\n\u003cli\u003eLorem ipsum dolor sit amet conse ctetur adipisicing elit;\u003c\/li\u003e\n\u003cli\u003eSed do eiusmod tempor incididunt ut labore et dolore magna aliqua\u003c\/li\u003e\n\u003cli\u003eQuis nostrud exercitation ullamco laboris nisi ut aliquip.\u003c\/li\u003e\n\u003c\/ul\u003e\n\u003cp class=\"article-text\"\u003eLorem ipsum dolor sit amet conse ctetur adipisicing elit, sed do eiusmod tempor incididunt ut labore et dolore magna aliqua. Ut enim ad minim veniam, quis nostrud exercitation ullamco laboris nisi ut aliquip ex ea commodo consequat. Duis aute irure dolor in reprehenderit in voluptate velit esse cillum dolore eu fugiat nulla pariatur. Lorem ipsum dolor sit amet conse ctetur adipisicing eli.\u003c\/p\u003e\n\u003cblockquote\u003e\n\u003cp\u003eTo create something exceptional, your mindset must be relentlessly focused on the smallest detail.\u003c\/p\u003e\n\u003csite\u003e— Giorgio Armani\u003c\/site\u003e\n\u003c\/blockquote\u003e\n\u003cp class=\"article-text\"\u003eIusmod tempor incididunt ut labore et dolore magna aliqua. Ut enim ad minim veniam, quis nostrud exercitation ullamco laboris nisi ut aliquip ex ea commodo consequat. Duis aute irure dolor in reprehenderit in voluptate velit esse cillum dolore eu fugiat nulla pariatur. Lorem ipsum dolor sit amet conse ctetur adipisicing elit, sed do eiusmod tempor incididunt ut labore et dolore magna aliqua. Ut enim ad minim veniam, quis nostrud exercitation ullamco laboris nisi ut aliquip ex ea commodo consequat. Duis aute irure dolor in reprehenderit in voluptate velit esse cillum dolore eu fugiat nulla pariatur. Lorem ipsum dolor sit amet conse ctetur adipisicing elit, sed do eiusmod tempor incididunt ut labore et dolore magna aliqua. Lorem ipsum dolor sit amet conse ctetur adipisicing eli. \u003cspan\u003eShella \u003c\/span\u003e\u003cspan\u003eS\u003c\/span\u003e\u003cspan\u003ehopify Theme. \u003c\/span\u003e\u003c\/p\u003e","blog_id":47421390925,"author":"s b","user_id":37332222029,"published_at":"2018-10-30T11:33:00-04:00","updated_at":"2019-10-04T10:19:54-04:00","summary_html":"\u003cspan\u003eLorem ipsum dolor sit amet conse ctetur adipisicing elit, sed do eiusmod tempor incididunt ut labore \u003c\/span\u003e","template_suffix":null,"handle":"blast-from-the-past-check-out-the-90s-fashion-revival","tags":"","admin_graphql_api_id":"gid:\/\/shopify\/OnlineStoreArticle\/36004921421","image":{"created_at":"2019-10-04T10:19:54-04:00","alt":"","width":1480,"height":1456,"src":"https:\/\/cdn.shopify.com\/s\/files\/1\/0241\/1639\/6109\/articles\/Rectangle-4.jpg?v=1570198794"}},{"id":36004888653,"title":"Three of the best red lipsticks for spring","created_at":"2019-07-17T11:40:07-04:00","body_html":"\u003cp class=\"article-text\"\u003eLorem ipsum dolor sit amet conse ctetur adipisicing elit, sed do eiusmod tempor incididunt ut labore et dolore magna aliqua. Ut enim ad minim veniam, quis nostrud exercitation ullamco laboris nisi ut aliquip ex ea commodo consequat. Duis aute irure dolor in reprehenderit in voluptate velit esse cillum dolore eu fugiat nulla pariatur. Lorem ipsum dolor sit amet conse ctetur adipisicing elit, sed do eiusmod tempor incididunt ut labore et dolore magna aliqua. Lorem ipsum dolor sit amet conse ctetur adipisicing eli. Shella Shopify Theme.  \u003c\/p\u003e\n\u003cp class=\"article-text\"\u003eNostrud exercitation ullamco laboris nisi ut aliquip ex ea commodo consequat. Duis aute irure dolor in reprehenderit in voluptate velit esse cillum dolore eu fugiat nulla pariatur. Lorem ipsum dolor sit amet conse ctetur. \u003cspan\u003eShella \u003c\/span\u003e\u003cspan\u003eS\u003c\/span\u003e\u003cspan\u003ehopify Theme. \u003c\/span\u003e\u003c\/p\u003e\n\u003ch3\u003eSample Paragraph Text With Images\u003c\/h3\u003e\n\u003cp class=\"article-text\"\u003eLorem ipsum dolor sit amet conse ctetur adipisicing elit, sed do eiusmod tempor incididunt ut labore et dolore magna aliqua. Ut enim ad minim veniam, quis nostrud exercitation ullamco laboris nisi ut aliquip ex ea commodo consequat. Duis aute irure dolor in reprehenderit in voluptate velit esse cillum dolore eu fugiat nulla pariatur. Lorem ipsum dolor sit \u003cspan\u003eamet conse ctetur \u003c\/span\u003eamet conse ctetur adipisicing eli.\u003c\/p\u003e\n\u003cp class=\"article-text\"\u003e\u003cimg src=\"\/\/cdn.shopify.com\/s\/files\/1\/0026\/2956\/6516\/files\/01_9ced00b0-22b8-437f-b3da-5e20738cdd34_large.png?v=1533832119\" alt=\"\" width=\"469\" height=\"343\" style=\"float: left;\" class=\"my-20 mr-sm-30\"\u003eLorem ipsum dolor sit amet conse ctetur adipisicing elit, sed do eiusmod tempor incididunt ut labore et dolore magna aliqua. Ut enim ad minim veniam, quis nostrud exercitation ullamco laboris nisi ut aliquip ex ea commodo consequat. Duis aute irure dolor in reprehenderit in voluptate velit esse cillum dolore eu fugiat nulla pariatur. Lorem ipsum dolor sit amet conse ctetur adipisicing elit, sed do eiusmod tempor incididunt ut labore et dolore magna aliqua. Lorem ipsum dolor sit amet conse ctetur adipisicing elit, sed do eiusmod tempor incididunt ut labore et dolore magna aliqua. Ut enim ad minim veniam, quis nostrud exercitation ullamco laboris nisi ut  Lorem ipsum dolor sit amet conse ctetur adipisicing elit, sed do eiusmod tempor incididunt ut labore et dolore magna aliqua. Ut enim ad minim veniam, quis nostrud exercitation ullamco laboris nisi ut aliquip ex ea commodo consequat. Duis aute irure dolor in reprehenderit in voluptate velit esse cillum dolore eu fugiat nulla pariatur \u003cspan\u003eamet conse ctetur \u003c\/span\u003e\u003cspan\u003eadipisicing elit, sed do eiusmod tempor incididunt ut labore et dolore magna.\u003c\/span\u003e\u003cimg src=\"\/\/cdn.shopify.com\/s\/files\/1\/0026\/2956\/6516\/files\/12_large.png?v=1533833654\" alt=\"\" width=\"272\" height=\"198\" style=\"float: right;\" class=\"my-20 ml-sm-30\"\u003eLorem ipsum dolor sit amet conse ctetur adipisicing elit, sed do eiusmod tempor incididunt ut labore et dolore magna aliqua. Ut enim ad minim veniam, quis nostrud exercitation ullamco laboris nisi ut aliquip ex ea commodo consequat. Duis aute irure dolor in reprehenderit in voluptate velit esse cillum dolore eu fugiat nulla pariatur. Lorem ipsum dolor sit amet conse ctetur adipisicing elit, sed do eiusmod tempor incididunt ut labore et dolore magna aliqua. Lorem ipsum dolor sit amet conse ctetur adipisicing elit, sed do eiusmod tempor incididunt ut labore et dolore magna aliqua. \u003cspan\u003eLorem ipsum dolor sit amet conse ctetur adipisicing elit, sed do eiusmod tempor incididunt ut labore et dolore magna aliqua.\u003c\/span\u003e\u003c\/p\u003e\n\u003ch3\u003eSample Unordered List\u003c\/h3\u003e\n\u003cul class=\"mb-25\"\u003e\n\u003cli\u003eLorem ipsum dolor sit amet conse ctetur adipisicing elit;\u003c\/li\u003e\n\u003cli\u003eSed do eiusmod tempor incididunt ut labore et dolore magna aliqua\u003c\/li\u003e\n\u003cli\u003eQuis nostrud exercitation ullamco laboris nisi ut aliquip.\u003c\/li\u003e\n\u003c\/ul\u003e\n\u003cp class=\"article-text\"\u003eLorem ipsum dolor sit amet conse ctetur adipisicing elit, sed do eiusmod tempor incididunt ut labore et dolore magna aliqua. Ut enim ad minim veniam, quis nostrud exercitation ullamco laboris nisi ut aliquip ex ea commodo consequat. Duis aute irure dolor in reprehenderit in voluptate velit esse cillum dolore eu fugiat nulla pariatur. Lorem ipsum dolor sit amet conse ctetur adipisicing eli.\u003c\/p\u003e\n\u003cblockquote\u003e\n\u003cp\u003eTo create something exceptional, your mindset must be relentlessly focused on the smallest detail.\u003c\/p\u003e\n\u003csite\u003e— Giorgio Armani\u003c\/site\u003e\n\u003c\/blockquote\u003e\n\u003cp class=\"article-text\"\u003eIusmod tempor incididunt ut labore et dolore magna aliqua. Ut enim ad minim veniam, quis nostrud exercitation ullamco laboris nisi ut aliquip ex ea commodo consequat. Duis aute irure dolor in reprehenderit in voluptate velit esse cillum dolore eu fugiat nulla pariatur. Lorem ipsum dolor sit amet conse ctetur adipisicing elit, sed do eiusmod tempor incididunt ut labore et dolore magna aliqua. Ut enim ad minim veniam, quis nostrud exercitation ullamco laboris nisi ut aliquip ex ea commodo consequat. Duis aute irure dolor in reprehenderit in voluptate velit esse cillum dolore eu fugiat nulla pariatur. Lorem ipsum dolor sit amet conse ctetur adipisicing elit, sed do eiusmod tempor incididunt ut labore et dolore magna aliqua. Lorem ipsum dolor sit amet conse ctetur adipisicing eli. \u003cspan\u003eShella \u003c\/span\u003e\u003cspan\u003eS\u003c\/span\u003e\u003cspan\u003ehopify Theme. \u003c\/span\u003e\u003c\/p\u003e","blog_id":47421390925,"author":"s b","user_id":37332222029,"published_at":"2018-10-30T11:33:00-04:00","updated_at":"2019-10-04T10:20:01-04:00","summary_html":"\u003cspan\u003eLorem ipsum dolor sit amet conse ctetur adipisicing elit, sed do eiusmod tempor incididunt ut labore et dolore \u003c\/span\u003e","template_suffix":null,"handle":"three-of-the-best-red-lipsticks-for-spring","tags":"","admin_graphql_api_id":"gid:\/\/shopify\/OnlineStoreArticle\/36004888653","image":{"created_at":"2019-10-04T10:20:01-04:00","alt":"","width":1480,"height":1456,"src":"https:\/\/cdn.shopify.com\/s\/files\/1\/0241\/1639\/6109\/articles\/Rectangle-5.jpg?v=1570198801"}},{"id":36004855885,"title":"How To Layer Sweaters For Extra Warmth \u0026 Style","created_at":"2019-07-17T11:40:06-04:00","body_html":"\u003cp class=\"article-text\"\u003eLorem ipsum dolor sit amet conse ctetur adipisicing elit, sed do eiusmod tempor incididunt ut labore et dolore magna aliqua. Ut enim ad minim veniam, quis nostrud exercitation ullamco laboris nisi ut aliquip ex ea commodo consequat. Duis aute irure dolor in reprehenderit in voluptate velit esse cillum dolore eu fugiat nulla pariatur. Lorem ipsum dolor sit amet conse ctetur adipisicing elit, sed do eiusmod tempor incididunt ut labore et dolore magna aliqua. Lorem ipsum dolor sit amet conse ctetur adipisicing eli. Shella Shopify Theme.  \u003c\/p\u003e\n\u003cp class=\"article-text\"\u003eNostrud exercitation ullamco laboris nisi ut aliquip ex ea commodo consequat. Duis aute irure dolor in reprehenderit in voluptate velit esse cillum dolore eu fugiat nulla pariatur. Lorem ipsum dolor sit amet conse ctetur. \u003cspan\u003eShella \u003c\/span\u003e\u003cspan\u003eS\u003c\/span\u003e\u003cspan\u003ehopify Theme. \u003c\/span\u003e\u003c\/p\u003e\n\u003ch3\u003eSample Paragraph Text With Images\u003c\/h3\u003e\n\u003cp class=\"article-text\"\u003eLorem ipsum dolor sit amet conse ctetur adipisicing elit, sed do eiusmod tempor incididunt ut labore et dolore magna aliqua. Ut enim ad minim veniam, quis nostrud exercitation ullamco laboris nisi ut aliquip ex ea commodo consequat. Duis aute irure dolor in reprehenderit in voluptate velit esse cillum dolore eu fugiat nulla pariatur. Lorem ipsum dolor sit \u003cspan\u003eamet conse ctetur \u003c\/span\u003eamet conse ctetur adipisicing eli.\u003c\/p\u003e\n\u003cp class=\"article-text\"\u003e\u003cimg src=\"\/\/cdn.shopify.com\/s\/files\/1\/0026\/2956\/6516\/files\/01_9ced00b0-22b8-437f-b3da-5e20738cdd34_large.png?v=1533832119\" alt=\"\" width=\"469\" height=\"343\" style=\"float: left;\" class=\"my-20 mr-sm-30\"\u003eLorem ipsum dolor sit amet conse ctetur adipisicing elit, sed do eiusmod tempor incididunt ut labore et dolore magna aliqua. Ut enim ad minim veniam, quis nostrud exercitation ullamco laboris nisi ut aliquip ex ea commodo consequat. Duis aute irure dolor in reprehenderit in voluptate velit esse cillum dolore eu fugiat nulla pariatur. Lorem ipsum dolor sit amet conse ctetur adipisicing elit, sed do eiusmod tempor incididunt ut labore et dolore magna aliqua. Lorem ipsum dolor sit amet conse ctetur adipisicing elit, sed do eiusmod tempor incididunt ut labore et dolore magna aliqua. Ut enim ad minim veniam, quis nostrud exercitation ullamco laboris nisi ut  Lorem ipsum dolor sit amet conse ctetur adipisicing elit, sed do eiusmod tempor incididunt ut labore et dolore magna aliqua. Ut enim ad minim veniam, quis nostrud exercitation ullamco laboris nisi ut aliquip ex ea commodo consequat. Duis aute irure dolor in reprehenderit in voluptate velit esse cillum dolore eu fugiat nulla pariatur \u003cspan\u003eamet conse ctetur \u003c\/span\u003e\u003cspan\u003eadipisicing elit, sed do eiusmod tempor incididunt ut labore et dolore magna.\u003c\/span\u003e\u003cimg src=\"\/\/cdn.shopify.com\/s\/files\/1\/0026\/2956\/6516\/files\/12_large.png?v=1533833654\" alt=\"\" width=\"272\" height=\"198\" style=\"float: right;\" class=\"my-20 ml-sm-30\"\u003eLorem ipsum dolor sit amet conse ctetur adipisicing elit, sed do eiusmod tempor incididunt ut labore et dolore magna aliqua. Ut enim ad minim veniam, quis nostrud exercitation ullamco laboris nisi ut aliquip ex ea commodo consequat. Duis aute irure dolor in reprehenderit in voluptate velit esse cillum dolore eu fugiat nulla pariatur. Lorem ipsum dolor sit amet conse ctetur adipisicing elit, sed do eiusmod tempor incididunt ut labore et dolore magna aliqua. Lorem ipsum dolor sit amet conse ctetur adipisicing elit, sed do eiusmod tempor incididunt ut labore et dolore magna aliqua. \u003cspan\u003eLorem ipsum dolor sit amet conse ctetur adipisicing elit, sed do eiusmod tempor incididunt ut labore et dolore magna aliqua.\u003c\/span\u003e\u003c\/p\u003e\n\u003ch3\u003eSample Unordered List\u003c\/h3\u003e\n\u003cul class=\"mb-25\"\u003e\n\u003cli\u003eLorem ipsum dolor sit amet conse ctetur adipisicing elit;\u003c\/li\u003e\n\u003cli\u003eSed do eiusmod tempor incididunt ut labore et dolore magna aliqua\u003c\/li\u003e\n\u003cli\u003eQuis nostrud exercitation ullamco laboris nisi ut aliquip.\u003c\/li\u003e\n\u003c\/ul\u003e\n\u003cp class=\"article-text\"\u003eLorem ipsum dolor sit amet conse ctetur adipisicing elit, sed do eiusmod tempor incididunt ut labore et dolore magna aliqua. Ut enim ad minim veniam, quis nostrud exercitation ullamco laboris nisi ut aliquip ex ea commodo consequat. Duis aute irure dolor in reprehenderit in voluptate velit esse cillum dolore eu fugiat nulla pariatur. Lorem ipsum dolor sit amet conse ctetur adipisicing eli.\u003c\/p\u003e\n\u003cblockquote\u003e\n\u003cp\u003eTo create something exceptional, your mindset must be relentlessly focused on the smallest detail.\u003c\/p\u003e\n\u003csite\u003e— Giorgio Armani\u003c\/site\u003e\n\u003c\/blockquote\u003e\n\u003cp class=\"article-text\"\u003eIusmod tempor incididunt ut labore et dolore magna aliqua. Ut enim ad minim veniam, quis nostrud exercitation ullamco laboris nisi ut aliquip ex ea commodo consequat. Duis aute irure dolor in reprehenderit in voluptate velit esse cillum dolore eu fugiat nulla pariatur. Lorem ipsum dolor sit amet conse ctetur adipisicing elit, sed do eiusmod tempor incididunt ut labore et dolore magna aliqua. Ut enim ad minim veniam, quis nostrud exercitation ullamco laboris nisi ut aliquip ex ea commodo consequat. Duis aute irure dolor in reprehenderit in voluptate velit esse cillum dolore eu fugiat nulla pariatur. Lorem ipsum dolor sit amet conse ctetur adipisicing elit, sed do eiusmod tempor incididunt ut labore et dolore magna aliqua. Lorem ipsum dolor sit amet conse ctetur adipisicing eli. \u003cspan\u003eShella \u003c\/span\u003e\u003cspan\u003eS\u003c\/span\u003e\u003cspan\u003ehopify Theme. \u003c\/span\u003e\u003c\/p\u003e","blog_id":47421390925,"author":"s b","user_id":37332222029,"published_at":"2018-10-30T11:33:00-04:00","updated_at":"2019-10-04T10:20:09-04:00","summary_html":"\u003cspan\u003eLorem ipsum dolor sit amet conse ctetur adipisicing elit, sed do eiusmod tempor incididunt ut la\u003c\/span\u003e","template_suffix":null,"handle":"how-to-layer-sweaters-for-extra-warmth-style","tags":"","admin_graphql_api_id":"gid:\/\/shopify\/OnlineStoreArticle\/36004855885","image":{"created_at":"2019-10-04T10:20:09-04:00","alt":"","width":1480,"height":1456,"src":"https:\/\/cdn.shopify.com\/s\/files\/1\/0241\/1639\/6109\/articles\/Rectangle-6.jpg?v=1570198809"}},{"id":36004823117,"title":"What I wore this week: white jeans","created_at":"2019-07-17T11:40:04-04:00","body_html":"\u003cp class=\"article-text\"\u003eLorem ipsum dolor sit amet conse ctetur adipisicing elit, sed do eiusmod tempor incididunt ut labore et dolore magna aliqua. Ut enim ad minim veniam, quis nostrud exercitation ullamco laboris nisi ut aliquip ex ea commodo consequat. Duis aute irure dolor in reprehenderit in voluptate velit esse cillum dolore eu fugiat nulla pariatur. Lorem ipsum dolor sit amet conse ctetur adipisicing elit, sed do eiusmod tempor incididunt ut labore et dolore magna aliqua. Lorem ipsum dolor sit amet conse ctetur adipisicing eli. Shella Shopify Theme.  \u003c\/p\u003e\n\u003cp class=\"article-text\"\u003eNostrud exercitation ullamco laboris nisi ut aliquip ex ea commodo consequat. Duis aute irure dolor in reprehenderit in voluptate velit esse cillum dolore eu fugiat nulla pariatur. Lorem ipsum dolor sit amet conse ctetur. \u003cspan\u003eShella \u003c\/span\u003e\u003cspan\u003eS\u003c\/span\u003e\u003cspan\u003ehopify Theme. \u003c\/span\u003e\u003c\/p\u003e\n\u003ch3\u003eSample Paragraph Text With Images\u003c\/h3\u003e\n\u003cp class=\"article-text\"\u003eLorem ipsum dolor sit amet conse ctetur adipisicing elit, sed do eiusmod tempor incididunt ut labore et dolore magna aliqua. Ut enim ad minim veniam, quis nostrud exercitation ullamco laboris nisi ut aliquip ex ea commodo consequat. Duis aute irure dolor in reprehenderit in voluptate velit esse cillum dolore eu fugiat nulla pariatur. Lorem ipsum dolor sit \u003cspan\u003eamet conse ctetur \u003c\/span\u003eamet conse ctetur adipisicing eli.\u003c\/p\u003e\n\u003cp class=\"article-text\"\u003e\u003cimg src=\"\/\/cdn.shopify.com\/s\/files\/1\/0026\/2956\/6516\/files\/01_9ced00b0-22b8-437f-b3da-5e20738cdd34_large.png?v=1533832119\" alt=\"\" width=\"469\" height=\"343\" style=\"float: left;\" class=\"my-20 mr-sm-30\"\u003eLorem ipsum dolor sit amet conse ctetur adipisicing elit, sed do eiusmod tempor incididunt ut labore et dolore magna aliqua. Ut enim ad minim veniam, quis nostrud exercitation ullamco laboris nisi ut aliquip ex ea commodo consequat. Duis aute irure dolor in reprehenderit in voluptate velit esse cillum dolore eu fugiat nulla pariatur. Lorem ipsum dolor sit amet conse ctetur adipisicing elit, sed do eiusmod tempor incididunt ut labore et dolore magna aliqua. Lorem ipsum dolor sit amet conse ctetur adipisicing elit, sed do eiusmod tempor incididunt ut labore et dolore magna aliqua. Ut enim ad minim veniam, quis nostrud exercitation ullamco laboris nisi ut  Lorem ipsum dolor sit amet conse ctetur adipisicing elit, sed do eiusmod tempor incididunt ut labore et dolore magna aliqua. Ut enim ad minim veniam, quis nostrud exercitation ullamco laboris nisi ut aliquip ex ea commodo consequat. Duis aute irure dolor in reprehenderit in voluptate velit esse cillum dolore eu fugiat nulla pariatur \u003cspan\u003eamet conse ctetur \u003c\/span\u003e\u003cspan\u003eadipisicing elit, sed do eiusmod tempor incididunt ut labore et dolore magna.\u003c\/span\u003e\u003cimg src=\"\/\/cdn.shopify.com\/s\/files\/1\/0026\/2956\/6516\/files\/12_large.png?v=1533833654\" alt=\"\" width=\"272\" height=\"198\" style=\"float: right;\" class=\"my-20 ml-sm-30\"\u003eLorem ipsum dolor sit amet conse ctetur adipisicing elit, sed do eiusmod tempor incididunt ut labore et dolore magna aliqua. Ut enim ad minim veniam, quis nostrud exercitation ullamco laboris nisi ut aliquip ex ea commodo consequat. Duis aute irure dolor in reprehenderit in voluptate velit esse cillum dolore eu fugiat nulla pariatur. Lorem ipsum dolor sit amet conse ctetur adipisicing elit, sed do eiusmod tempor incididunt ut labore et dolore magna aliqua. Lorem ipsum dolor sit amet conse ctetur adipisicing elit, sed do eiusmod tempor incididunt ut labore et dolore magna aliqua. \u003cspan\u003eLorem ipsum dolor sit amet conse ctetur adipisicing elit, sed do eiusmod tempor incididunt ut labore et dolore magna aliqua.\u003c\/span\u003e\u003c\/p\u003e\n\u003ch3\u003eSample Unordered List\u003c\/h3\u003e\n\u003cul class=\"mb-25\"\u003e\n\u003cli\u003eLorem ipsum dolor sit amet conse ctetur adipisicing elit;\u003c\/li\u003e\n\u003cli\u003eSed do eiusmod tempor incididunt ut labore et dolore magna aliqua\u003c\/li\u003e\n\u003cli\u003eQuis nostrud exercitation ullamco laboris nisi ut aliquip.\u003c\/li\u003e\n\u003c\/ul\u003e\n\u003cp class=\"article-text\"\u003eLorem ipsum dolor sit amet conse ctetur adipisicing elit, sed do eiusmod tempor incididunt ut labore et dolore magna aliqua. Ut enim ad minim veniam, quis nostrud exercitation ullamco laboris nisi ut aliquip ex ea commodo consequat. Duis aute irure dolor in reprehenderit in voluptate velit esse cillum dolore eu fugiat nulla pariatur. Lorem ipsum dolor sit amet conse ctetur adipisicing eli.\u003c\/p\u003e\n\u003cblockquote\u003e\n\u003cp\u003eTo create something exceptional, your mindset must be relentlessly focused on the smallest detail.\u003c\/p\u003e\n\u003csite\u003e— Giorgio Armani\u003c\/site\u003e\n\u003c\/blockquote\u003e\n\u003cp class=\"article-text\"\u003eIusmod tempor incididunt ut labore et dolore magna aliqua. Ut enim ad minim veniam, quis nostrud exercitation ullamco laboris nisi ut aliquip ex ea commodo consequat. Duis aute irure dolor in reprehenderit in voluptate velit esse cillum dolore eu fugiat nulla pariatur. Lorem ipsum dolor sit amet conse ctetur adipisicing elit, sed do eiusmod tempor incididunt ut labore et dolore magna aliqua. Ut enim ad minim veniam, quis nostrud exercitation ullamco laboris nisi ut aliquip ex ea commodo consequat. Duis aute irure dolor in reprehenderit in voluptate velit esse cillum dolore eu fugiat nulla pariatur. Lorem ipsum dolor sit amet conse ctetur adipisicing elit, sed do eiusmod tempor incididunt ut labore et dolore magna aliqua. Lorem ipsum dolor sit amet conse ctetur adipisicing eli. \u003cspan\u003eShella \u003c\/span\u003e\u003cspan\u003eS\u003c\/span\u003e\u003cspan\u003ehopify Theme. \u003c\/span\u003e\u003c\/p\u003e","blog_id":47421390925,"author":"s b","user_id":37332222029,"published_at":"2018-10-30T11:33:00-04:00","updated_at":"2019-10-04T10:20:12-04:00","summary_html":"\u003cspan\u003eLorem ipsum dolor sit amet conse ctetur adipisicing elit, sed do eiusmod tempor incididunt ut labore et dolore magna aliqua.\u003c\/span\u003e","template_suffix":null,"handle":"what-i-wore-this-week-white-jeans","tags":"","admin_graphql_api_id":"gid:\/\/shopify\/OnlineStoreArticle\/36004823117","image":{"created_at":"2019-10-04T10:20:12-04:00","alt":"","width":1480,"height":1456,"src":"https:\/\/cdn.shopify.com\/s\/files\/1\/0241\/1639\/6109\/articles\/Rectangle-7.jpg?v=1570198812"}},{"id":36004790349,"title":"The Top 10 Trends Of Autumn\/Winter 2018","created_at":"2019-07-17T11:40:02-04:00","body_html":"\u003cp class=\"article-text\"\u003eLorem ipsum dolor sit amet conse ctetur adipisicing elit, sed do eiusmod tempor incididunt ut labore et dolore magna aliqua. Ut enim ad minim veniam, quis nostrud exercitation ullamco laboris nisi ut aliquip ex ea commodo consequat. Duis aute irure dolor in reprehenderit in voluptate velit esse cillum dolore eu fugiat nulla pariatur. Lorem ipsum dolor sit amet conse ctetur adipisicing elit, sed do eiusmod tempor incididunt ut labore et dolore magna aliqua. Lorem ipsum dolor sit amet conse ctetur adipisicing eli. Shella Shopify Theme.  \u003c\/p\u003e\n\u003cp class=\"article-text\"\u003eNostrud exercitation ullamco laboris nisi ut aliquip ex ea commodo consequat. Duis aute irure dolor in reprehenderit in voluptate velit esse cillum dolore eu fugiat nulla pariatur. Lorem ipsum dolor sit amet conse ctetur. \u003cspan\u003eShella \u003c\/span\u003e\u003cspan\u003eS\u003c\/span\u003e\u003cspan\u003ehopify Theme. \u003c\/span\u003e\u003c\/p\u003e\n\u003ch3\u003eSample Paragraph Text With Images\u003c\/h3\u003e\n\u003cp class=\"article-text\"\u003eLorem ipsum dolor sit amet conse ctetur adipisicing elit, sed do eiusmod tempor incididunt ut labore et dolore magna aliqua. Ut enim ad minim veniam, quis nostrud exercitation ullamco laboris nisi ut aliquip ex ea commodo consequat. Duis aute irure dolor in reprehenderit in voluptate velit esse cillum dolore eu fugiat nulla pariatur. Lorem ipsum dolor sit \u003cspan\u003eamet conse ctetur \u003c\/span\u003eamet conse ctetur adipisicing eli.\u003c\/p\u003e\n\u003cp class=\"article-text\"\u003e\u003cimg src=\"\/\/cdn.shopify.com\/s\/files\/1\/0026\/2956\/6516\/files\/01_9ced00b0-22b8-437f-b3da-5e20738cdd34_large.png?v=1533832119\" alt=\"\" width=\"469\" height=\"343\" style=\"float: left;\" class=\"my-20 mr-sm-30\"\u003eLorem ipsum dolor sit amet conse ctetur adipisicing elit, sed do eiusmod tempor incididunt ut labore et dolore magna aliqua. Ut enim ad minim veniam, quis nostrud exercitation ullamco laboris nisi ut aliquip ex ea commodo consequat. Duis aute irure dolor in reprehenderit in voluptate velit esse cillum dolore eu fugiat nulla pariatur. Lorem ipsum dolor sit amet conse ctetur adipisicing elit, sed do eiusmod tempor incididunt ut labore et dolore magna aliqua. Lorem ipsum dolor sit amet conse ctetur adipisicing elit, sed do eiusmod tempor incididunt ut labore et dolore magna aliqua. Ut enim ad minim veniam, quis nostrud exercitation ullamco laboris nisi ut  Lorem ipsum dolor sit amet conse ctetur adipisicing elit, sed do eiusmod tempor incididunt ut labore et dolore magna aliqua. Ut enim ad minim veniam, quis nostrud exercitation ullamco laboris nisi ut aliquip ex ea commodo consequat. Duis aute irure dolor in reprehenderit in voluptate velit esse cillum dolore eu fugiat nulla pariatur \u003cspan\u003eamet conse ctetur \u003c\/span\u003e\u003cspan\u003eadipisicing elit, sed do eiusmod tempor incididunt ut labore et dolore magna.\u003c\/span\u003e\u003cimg src=\"\/\/cdn.shopify.com\/s\/files\/1\/0026\/2956\/6516\/files\/12_large.png?v=1533833654\" alt=\"\" width=\"272\" height=\"198\" style=\"float: right;\" class=\"my-20 ml-sm-30\"\u003eLorem ipsum dolor sit amet conse ctetur adipisicing elit, sed do eiusmod tempor incididunt ut labore et dolore magna aliqua. Ut enim ad minim veniam, quis nostrud exercitation ullamco laboris nisi ut aliquip ex ea commodo consequat. Duis aute irure dolor in reprehenderit in voluptate velit esse cillum dolore eu fugiat nulla pariatur. Lorem ipsum dolor sit amet conse ctetur adipisicing elit, sed do eiusmod tempor incididunt ut labore et dolore magna aliqua. Lorem ipsum dolor sit amet conse ctetur adipisicing elit, sed do eiusmod tempor incididunt ut labore et dolore magna aliqua. \u003cspan\u003eLorem ipsum dolor sit amet conse ctetur adipisicing elit, sed do eiusmod tempor incididunt ut labore et dolore magna aliqua.\u003c\/span\u003e\u003c\/p\u003e\n\u003ch3\u003eSample Unordered List\u003c\/h3\u003e\n\u003cul class=\"mb-25\"\u003e\n\u003cli\u003eLorem ipsum dolor sit amet conse ctetur adipisicing elit;\u003c\/li\u003e\n\u003cli\u003eSed do eiusmod tempor incididunt ut labore et dolore magna aliqua\u003c\/li\u003e\n\u003cli\u003eQuis nostrud exercitation ullamco laboris nisi ut aliquip.\u003c\/li\u003e\n\u003c\/ul\u003e\n\u003cp class=\"article-text\"\u003eLorem ipsum dolor sit amet conse ctetur adipisicing elit, sed do eiusmod tempor incididunt ut labore et dolore magna aliqua. Ut enim ad minim veniam, quis nostrud exercitation ullamco laboris nisi ut aliquip ex ea commodo consequat. Duis aute irure dolor in reprehenderit in voluptate velit esse cillum dolore eu fugiat nulla pariatur. Lorem ipsum dolor sit amet conse ctetur adipisicing eli.\u003c\/p\u003e\n\u003cblockquote\u003e\n\u003cp\u003eTo create something exceptional, your mindset must be relentlessly focused on the smallest detail.\u003c\/p\u003e\n\u003csite\u003e— Giorgio Armani\u003c\/site\u003e\n\u003c\/blockquote\u003e\n\u003cp class=\"article-text\"\u003eIusmod tempor incididunt ut labore et dolore magna aliqua. Ut enim ad minim veniam, quis nostrud exercitation ullamco laboris nisi ut aliquip ex ea commodo consequat. Duis aute irure dolor in reprehenderit in voluptate velit esse cillum dolore eu fugiat nulla pariatur. Lorem ipsum dolor sit amet conse ctetur adipisicing elit, sed do eiusmod tempor incididunt ut labore et dolore magna aliqua. Ut enim ad minim veniam, quis nostrud exercitation ullamco laboris nisi ut aliquip ex ea commodo consequat. Duis aute irure dolor in reprehenderit in voluptate velit esse cillum dolore eu fugiat nulla pariatur. Lorem ipsum dolor sit amet conse ctetur adipisicing elit, sed do eiusmod tempor incididunt ut labore et dolore magna aliqua. Lorem ipsum dolor sit amet conse ctetur adipisicing eli. \u003cspan\u003eShella \u003c\/span\u003e\u003cspan\u003eS\u003c\/span\u003e\u003cspan\u003ehopify Theme. \u003c\/span\u003e\u003c\/p\u003e","blog_id":47421390925,"author":"s b","user_id":37332222029,"published_at":"2018-10-30T11:33:00-04:00","updated_at":"2019-10-04T10:21:19-04:00","summary_html":"\u003cspan\u003eLorem ipsum dolor sit amet conse ctetur adipisicing elit, sed do eiusmod tempor incididunt ut labore et dol\u003c\/span\u003e","template_suffix":null,"handle":"the-top-10-trends-of-autumn-winter-2018","tags":"","admin_graphql_api_id":"gid:\/\/shopify\/OnlineStoreArticle\/36004790349","image":{"created_at":"2019-10-04T10:21:19-04:00","alt":"","width":1480,"height":1456,"src":"https:\/\/cdn.shopify.com\/s\/files\/1\/0241\/1639\/6109\/articles\/Rectangle-2_593c498e-5aa9-4d46-9522-2b38114f68ec.jpg?v=1570198879"}},{"id":36004757581,"title":"How To Layer Sweaters","created_at":"2019-07-17T11:40:01-04:00","body_html":"\u003cp class=\"article-text\"\u003eLorem ipsum dolor sit amet conse ctetur adipisicing elit, sed do eiusmod tempor incididunt ut labore et dolore magna aliqua. Ut enim ad minim veniam, quis nostrud exercitation ullamco laboris nisi ut aliquip ex ea commodo consequat. Duis aute irure dolor in reprehenderit in voluptate velit esse cillum dolore eu fugiat nulla pariatur. Lorem ipsum dolor sit amet conse ctetur adipisicing elit, sed do eiusmod tempor incididunt ut labore et dolore magna aliqua. Lorem ipsum dolor sit amet conse ctetur adipisicing eli. Shella Shopify Theme.  \u003c\/p\u003e\n\u003cp class=\"article-text\"\u003eNostrud exercitation ullamco laboris nisi ut aliquip ex ea commodo consequat. Duis aute irure dolor in reprehenderit in voluptate velit esse cillum dolore eu fugiat nulla pariatur. Lorem ipsum dolor sit amet conse ctetur. \u003cspan\u003eShella \u003c\/span\u003e\u003cspan\u003eS\u003c\/span\u003e\u003cspan\u003ehopify Theme. \u003c\/span\u003e\u003c\/p\u003e\n\u003ch3\u003eSample Paragraph Text With Images\u003c\/h3\u003e\n\u003cp class=\"article-text\"\u003eLorem ipsum dolor sit amet conse ctetur adipisicing elit, sed do eiusmod tempor incididunt ut labore et dolore magna aliqua. Ut enim ad minim veniam, quis nostrud exercitation ullamco laboris nisi ut aliquip ex ea commodo consequat. Duis aute irure dolor in reprehenderit in voluptate velit esse cillum dolore eu fugiat nulla pariatur. Lorem ipsum dolor sit \u003cspan\u003eamet conse ctetur \u003c\/span\u003eamet conse ctetur adipisicing eli.\u003c\/p\u003e\n\u003cp class=\"article-text\"\u003e\u003cimg src=\"\/\/cdn.shopify.com\/s\/files\/1\/0026\/2956\/6516\/files\/01_9ced00b0-22b8-437f-b3da-5e20738cdd34_large.png?v=1533832119\" alt=\"\" width=\"469\" height=\"343\" style=\"float: left;\" class=\"my-20 mr-sm-30\"\u003eLorem ipsum dolor sit amet conse ctetur adipisicing elit, sed do eiusmod tempor incididunt ut labore et dolore magna aliqua. Ut enim ad minim veniam, quis nostrud exercitation ullamco laboris nisi ut aliquip ex ea commodo consequat. Duis aute irure dolor in reprehenderit in voluptate velit esse cillum dolore eu fugiat nulla pariatur. Lorem ipsum dolor sit amet conse ctetur adipisicing elit, sed do eiusmod tempor incididunt ut labore et dolore magna aliqua. Lorem ipsum dolor sit amet conse ctetur adipisicing elit, sed do eiusmod tempor incididunt ut labore et dolore magna aliqua. Ut enim ad minim veniam, quis nostrud exercitation ullamco laboris nisi ut  Lorem ipsum dolor sit amet conse ctetur adipisicing elit, sed do eiusmod tempor incididunt ut labore et dolore magna aliqua. Ut enim ad minim veniam, quis nostrud exercitation ullamco laboris nisi ut aliquip ex ea commodo consequat. Duis aute irure dolor in reprehenderit in voluptate velit esse cillum dolore eu fugiat nulla pariatur \u003cspan\u003eamet conse ctetur \u003c\/span\u003e\u003cspan\u003eadipisicing elit, sed do eiusmod tempor incididunt ut labore et dolore magna.\u003c\/span\u003e\u003cimg src=\"\/\/cdn.shopify.com\/s\/files\/1\/0026\/2956\/6516\/files\/12_large.png?v=1533833654\" alt=\"\" width=\"272\" height=\"198\" style=\"float: right;\" class=\"my-20 ml-sm-30\"\u003eLorem ipsum dolor sit amet conse ctetur adipisicing elit, sed do eiusmod tempor incididunt ut labore et dolore magna aliqua. Ut enim ad minim veniam, quis nostrud exercitation ullamco laboris nisi ut aliquip ex ea commodo consequat. Duis aute irure dolor in reprehenderit in voluptate velit esse cillum dolore eu fugiat nulla pariatur. Lorem ipsum dolor sit amet conse ctetur adipisicing elit, sed do eiusmod tempor incididunt ut labore et dolore magna aliqua. Lorem ipsum dolor sit amet conse ctetur adipisicing elit, sed do eiusmod tempor incididunt ut labore et dolore magna aliqua. \u003cspan\u003eLorem ipsum dolor sit amet conse ctetur adipisicing elit, sed do eiusmod tempor incididunt ut labore et dolore magna aliqua.\u003c\/span\u003e\u003c\/p\u003e\n\u003ch3\u003eSample Unordered List\u003c\/h3\u003e\n\u003cul class=\"mb-25\"\u003e\n\u003cli\u003eLorem ipsum dolor sit amet conse ctetur adipisicing elit;\u003c\/li\u003e\n\u003cli\u003eSed do eiusmod tempor incididunt ut labore et dolore magna aliqua\u003c\/li\u003e\n\u003cli\u003eQuis nostrud exercitation ullamco laboris nisi ut aliquip.\u003c\/li\u003e\n\u003c\/ul\u003e\n\u003cp class=\"article-text\"\u003eLorem ipsum dolor sit amet conse ctetur adipisicing elit, sed do eiusmod tempor incididunt ut labore et dolore magna aliqua. Ut enim ad minim veniam, quis nostrud exercitation ullamco laboris nisi ut aliquip ex ea commodo consequat. Duis aute irure dolor in reprehenderit in voluptate velit esse cillum dolore eu fugiat nulla pariatur. Lorem ipsum dolor sit amet conse ctetur adipisicing eli.\u003c\/p\u003e\n\u003cblockquote\u003e\n\u003cp\u003eTo create something exceptional, your mindset must be relentlessly focused on the smallest detail.\u003c\/p\u003e\n\u003csite\u003e— Giorgio Armani\u003c\/site\u003e\n\u003c\/blockquote\u003e\n\u003cp class=\"article-text\"\u003eIusmod tempor incididunt ut labore et dolore magna aliqua. Ut enim ad minim veniam, quis nostrud exercitation ullamco laboris nisi ut aliquip ex ea commodo consequat. Duis aute irure dolor in reprehenderit in voluptate velit esse cillum dolore eu fugiat nulla pariatur. Lorem ipsum dolor sit amet conse ctetur adipisicing elit, sed do eiusmod tempor incididunt ut labore et dolore magna aliqua. Ut enim ad minim veniam, quis nostrud exercitation ullamco laboris nisi ut aliquip ex ea commodo consequat. Duis aute irure dolor in reprehenderit in voluptate velit esse cillum dolore eu fugiat nulla pariatur. Lorem ipsum dolor sit amet conse ctetur adipisicing elit, sed do eiusmod tempor incididunt ut labore et dolore magna aliqua. Lorem ipsum dolor sit amet conse ctetur adipisicing eli. \u003cspan\u003eShella \u003c\/span\u003e\u003cspan\u003eS\u003c\/span\u003e\u003cspan\u003ehopify Theme. \u003c\/span\u003e\u003c\/p\u003e","blog_id":47421390925,"author":"s b","user_id":37332222029,"published_at":"2018-10-30T11:40:00-04:00","updated_at":"2019-10-04T10:20:25-04:00","summary_html":"\u003cspan\u003eLorem ipsum dolor sit amet conse ctetur adipisicing elit, sed do eiusmod tempor incididunt ut labore et dolore magna aliqua.\u003c\/span\u003e","template_suffix":null,"handle":"how-to-layer-sweaters","tags":"","admin_graphql_api_id":"gid:\/\/shopify\/OnlineStoreArticle\/36004757581","image":{"created_at":"2019-10-04T10:20:25-04:00","alt":"","width":1480,"height":1456,"src":"https:\/\/cdn.shopify.com\/s\/files\/1\/0241\/1639\/6109\/articles\/Rectangle-8.jpg?v=1570198825"}},{"id":36004724813,"title":"Three of the best?","created_at":"2019-07-17T11:39:59-04:00","body_html":"\u003cp class=\"article-text\"\u003eLorem ipsum dolor sit amet conse ctetur adipisicing elit, sed do eiusmod tempor incididunt ut labore et dolore magna aliqua. Ut enim ad minim veniam, quis nostrud exercitation ullamco laboris nisi ut aliquip ex ea commodo consequat. Duis aute irure dolor in reprehenderit in voluptate velit esse cillum dolore eu fugiat nulla pariatur. Lorem ipsum dolor sit amet conse ctetur adipisicing elit, sed do eiusmod tempor incididunt ut labore et dolore magna aliqua. Lorem ipsum dolor sit amet conse ctetur adipisicing eli. Shella Shopify Theme.  \u003c\/p\u003e\n\u003cp class=\"article-text\"\u003eNostrud exercitation ullamco laboris nisi ut aliquip ex ea commodo consequat. Duis aute irure dolor in reprehenderit in voluptate velit esse cillum dolore eu fugiat nulla pariatur. Lorem ipsum dolor sit amet conse ctetur. \u003cspan\u003eShella \u003c\/span\u003e\u003cspan\u003eS\u003c\/span\u003e\u003cspan\u003ehopify Theme. \u003c\/span\u003e\u003c\/p\u003e\n\u003ch3\u003eSample Paragraph Text With Images\u003c\/h3\u003e\n\u003cp class=\"article-text\"\u003eLorem ipsum dolor sit amet conse ctetur adipisicing elit, sed do eiusmod tempor incididunt ut labore et dolore magna aliqua. Ut enim ad minim veniam, quis nostrud exercitation ullamco laboris nisi ut aliquip ex ea commodo consequat. Duis aute irure dolor in reprehenderit in voluptate velit esse cillum dolore eu fugiat nulla pariatur. Lorem ipsum dolor sit \u003cspan\u003eamet conse ctetur \u003c\/span\u003eamet conse ctetur adipisicing eli.\u003c\/p\u003e\n\u003cp class=\"article-text\"\u003e\u003cimg src=\"\/\/cdn.shopify.com\/s\/files\/1\/0026\/2956\/6516\/files\/01_9ced00b0-22b8-437f-b3da-5e20738cdd34_large.png?v=1533832119\" alt=\"\" width=\"469\" height=\"343\" style=\"float: left;\" class=\"my-20 mr-sm-30\"\u003eLorem ipsum dolor sit amet conse ctetur adipisicing elit, sed do eiusmod tempor incididunt ut labore et dolore magna aliqua. Ut enim ad minim veniam, quis nostrud exercitation ullamco laboris nisi ut aliquip ex ea commodo consequat. Duis aute irure dolor in reprehenderit in voluptate velit esse cillum dolore eu fugiat nulla pariatur. Lorem ipsum dolor sit amet conse ctetur adipisicing elit, sed do eiusmod tempor incididunt ut labore et dolore magna aliqua. Lorem ipsum dolor sit amet conse ctetur adipisicing elit, sed do eiusmod tempor incididunt ut labore et dolore magna aliqua. Ut enim ad minim veniam, quis nostrud exercitation ullamco laboris nisi ut  Lorem ipsum dolor sit amet conse ctetur adipisicing elit, sed do eiusmod tempor incididunt ut labore et dolore magna aliqua. Ut enim ad minim veniam, quis nostrud exercitation ullamco laboris nisi ut aliquip ex ea commodo consequat. Duis aute irure dolor in reprehenderit in voluptate velit esse cillum dolore eu fugiat nulla pariatur \u003cspan\u003eamet conse ctetur \u003c\/span\u003e\u003cspan\u003eadipisicing elit, sed do eiusmod tempor incididunt ut labore et dolore magna.\u003c\/span\u003e\u003cimg src=\"\/\/cdn.shopify.com\/s\/files\/1\/0026\/2956\/6516\/files\/12_large.png?v=1533833654\" alt=\"\" width=\"272\" height=\"198\" style=\"float: right;\" class=\"my-20 ml-sm-30\"\u003eLorem ipsum dolor sit amet conse ctetur adipisicing elit, sed do eiusmod tempor incididunt ut labore et dolore magna aliqua. Ut enim ad minim veniam, quis nostrud exercitation ullamco laboris nisi ut aliquip ex ea commodo consequat. Duis aute irure dolor in reprehenderit in voluptate velit esse cillum dolore eu fugiat nulla pariatur. Lorem ipsum dolor sit amet conse ctetur adipisicing elit, sed do eiusmod tempor incididunt ut labore et dolore magna aliqua. Lorem ipsum dolor sit amet conse ctetur adipisicing elit, sed do eiusmod tempor incididunt ut labore et dolore magna aliqua. \u003cspan\u003eLorem ipsum dolor sit amet conse ctetur adipisicing elit, sed do eiusmod tempor incididunt ut labore et dolore magna aliqua.\u003c\/span\u003e\u003c\/p\u003e\n\u003ch3\u003eSample Unordered List\u003c\/h3\u003e\n\u003cul class=\"mb-25\"\u003e\n\u003cli\u003eLorem ipsum dolor sit amet conse ctetur adipisicing elit;\u003c\/li\u003e\n\u003cli\u003eSed do eiusmod tempor incididunt ut labore et dolore magna aliqua\u003c\/li\u003e\n\u003cli\u003eQuis nostrud exercitation ullamco laboris nisi ut aliquip.\u003c\/li\u003e\n\u003c\/ul\u003e\n\u003cp class=\"article-text\"\u003eLorem ipsum dolor sit amet conse ctetur adipisicing elit, sed do eiusmod tempor incididunt ut labore et dolore magna aliqua. Ut enim ad minim veniam, quis nostrud exercitation ullamco laboris nisi ut aliquip ex ea commodo consequat. Duis aute irure dolor in reprehenderit in voluptate velit esse cillum dolore eu fugiat nulla pariatur. Lorem ipsum dolor sit amet conse ctetur adipisicing eli.\u003c\/p\u003e\n\u003cblockquote\u003e\n\u003cp\u003eTo create something exceptional, your mindset must be relentlessly focused on the smallest detail.\u003c\/p\u003e\n\u003csite\u003e— Giorgio Armani\u003c\/site\u003e\n\u003c\/blockquote\u003e\n\u003cp class=\"article-text\"\u003eIusmod tempor incididunt ut labore et dolore magna aliqua. Ut enim ad minim veniam, quis nostrud exercitation ullamco laboris nisi ut aliquip ex ea commodo consequat. Duis aute irure dolor in reprehenderit in voluptate velit esse cillum dolore eu fugiat nulla pariatur. Lorem ipsum dolor sit amet conse ctetur adipisicing elit, sed do eiusmod tempor incididunt ut labore et dolore magna aliqua. Ut enim ad minim veniam, quis nostrud exercitation ullamco laboris nisi ut aliquip ex ea commodo consequat. Duis aute irure dolor in reprehenderit in voluptate velit esse cillum dolore eu fugiat nulla pariatur. Lorem ipsum dolor sit amet conse ctetur adipisicing elit, sed do eiusmod tempor incididunt ut labore et dolore magna aliqua. Lorem ipsum dolor sit amet conse ctetur adipisicing eli. \u003cspan\u003eShella \u003c\/span\u003e\u003cspan\u003eS\u003c\/span\u003e\u003cspan\u003ehopify Theme. \u003c\/span\u003e\u003c\/p\u003e","blog_id":47421390925,"author":"s b","user_id":37332222029,"published_at":"2018-10-30T11:40:00-04:00","updated_at":"2019-10-04T10:20:31-04:00","summary_html":"\u003cspan\u003eLorem ipsum dolor sit amet conse ctetur adipisicing elit, sed do eiusmod tempor incididunt ut labore et dolore magna aliqua. Ut enim \u003c\/span\u003e","template_suffix":null,"handle":"three-of-the-best","tags":"","admin_graphql_api_id":"gid:\/\/shopify\/OnlineStoreArticle\/36004724813","image":{"created_at":"2019-10-04T10:20:31-04:00","alt":"","width":1480,"height":1456,"src":"https:\/\/cdn.shopify.com\/s\/files\/1\/0241\/1639\/6109\/articles\/Rectangle_e3998cf4-c8de-49b2-804c-5dbe3ad28de8.jpg?v=1570198831"}},{"id":36004692045,"title":"The best high-street cleansing creams","created_at":"2019-07-17T11:39:58-04:00","body_html":"\u003cp class=\"article-text\"\u003eLorem ipsum dolor sit amet conse ctetur adipisicing elit, sed do eiusmod tempor incididunt ut labore et dolore magna aliqua. Ut enim ad minim veniam, quis nostrud exercitation ullamco laboris nisi ut aliquip ex ea commodo consequat. Duis aute irure dolor in reprehenderit in voluptate velit esse cillum dolore eu fugiat nulla pariatur. Lorem ipsum dolor sit amet conse ctetur adipisicing elit, sed do eiusmod tempor incididunt ut labore et dolore magna aliqua. Lorem ipsum dolor sit amet conse ctetur adipisicing eli. Shella Shopify Theme.  \u003c\/p\u003e\n\u003cp class=\"article-text\"\u003eNostrud exercitation ullamco laboris nisi ut aliquip ex ea commodo consequat. Duis aute irure dolor in reprehenderit in voluptate velit esse cillum dolore eu fugiat nulla pariatur. Lorem ipsum dolor sit amet conse ctetur. \u003cspan\u003eShella \u003c\/span\u003e\u003cspan\u003eS\u003c\/span\u003e\u003cspan\u003ehopify Theme. \u003c\/span\u003e\u003c\/p\u003e\n\u003ch3\u003eSample Paragraph Text With Images\u003c\/h3\u003e\n\u003cp class=\"article-text\"\u003eLorem ipsum dolor sit amet conse ctetur adipisicing elit, sed do eiusmod tempor incididunt ut labore et dolore magna aliqua. Ut enim ad minim veniam, quis nostrud exercitation ullamco laboris nisi ut aliquip ex ea commodo consequat. Duis aute irure dolor in reprehenderit in voluptate velit esse cillum dolore eu fugiat nulla pariatur. Lorem ipsum dolor sit \u003cspan\u003eamet conse ctetur \u003c\/span\u003eamet conse ctetur adipisicing eli.\u003c\/p\u003e\n\u003cp class=\"article-text\"\u003e\u003cimg src=\"\/\/cdn.shopify.com\/s\/files\/1\/0026\/2956\/6516\/files\/01_9ced00b0-22b8-437f-b3da-5e20738cdd34_large.png?v=1533832119\" alt=\"\" width=\"469\" height=\"343\" style=\"float: left;\" class=\"my-20 mr-sm-30\"\u003eLorem ipsum dolor sit amet conse ctetur adipisicing elit, sed do eiusmod tempor incididunt ut labore et dolore magna aliqua. Ut enim ad minim veniam, quis nostrud exercitation ullamco laboris nisi ut aliquip ex ea commodo consequat. Duis aute irure dolor in reprehenderit in voluptate velit esse cillum dolore eu fugiat nulla pariatur. Lorem ipsum dolor sit amet conse ctetur adipisicing elit, sed do eiusmod tempor incididunt ut labore et dolore magna aliqua. Lorem ipsum dolor sit amet conse ctetur adipisicing elit, sed do eiusmod tempor incididunt ut labore et dolore magna aliqua. Ut enim ad minim veniam, quis nostrud exercitation ullamco laboris nisi ut  Lorem ipsum dolor sit amet conse ctetur adipisicing elit, sed do eiusmod tempor incididunt ut labore et dolore magna aliqua. Ut enim ad minim veniam, quis nostrud exercitation ullamco laboris nisi ut aliquip ex ea commodo consequat. Duis aute irure dolor in reprehenderit in voluptate velit esse cillum dolore eu fugiat nulla pariatur \u003cspan\u003eamet conse ctetur \u003c\/span\u003e\u003cspan\u003eadipisicing elit, sed do eiusmod tempor incididunt ut labore et dolore magna.\u003c\/span\u003e\u003cimg src=\"\/\/cdn.shopify.com\/s\/files\/1\/0026\/2956\/6516\/files\/12_large.png?v=1533833654\" alt=\"\" width=\"272\" height=\"198\" style=\"float: right;\" class=\"my-20 ml-sm-30\"\u003eLorem ipsum dolor sit amet conse ctetur adipisicing elit, sed do eiusmod tempor incididunt ut labore et dolore magna aliqua. Ut enim ad minim veniam, quis nostrud exercitation ullamco laboris nisi ut aliquip ex ea commodo consequat. Duis aute irure dolor in reprehenderit in voluptate velit esse cillum dolore eu fugiat nulla pariatur. Lorem ipsum dolor sit amet conse ctetur adipisicing elit, sed do eiusmod tempor incididunt ut labore et dolore magna aliqua. Lorem ipsum dolor sit amet conse ctetur adipisicing elit, sed do eiusmod tempor incididunt ut labore et dolore magna aliqua. \u003cspan\u003eLorem ipsum dolor sit amet conse ctetur adipisicing elit, sed do eiusmod tempor incididunt ut labore et dolore magna aliqua.\u003c\/span\u003e\u003c\/p\u003e\n\u003ch3\u003eSample Unordered List\u003c\/h3\u003e\n\u003cul class=\"mb-25\"\u003e\n\u003cli\u003eLorem ipsum dolor sit amet conse ctetur adipisicing elit;\u003c\/li\u003e\n\u003cli\u003eSed do eiusmod tempor incididunt ut labore et dolore magna aliqua\u003c\/li\u003e\n\u003cli\u003eQuis nostrud exercitation ullamco laboris nisi ut aliquip.\u003c\/li\u003e\n\u003c\/ul\u003e\n\u003cp class=\"article-text\"\u003eLorem ipsum dolor sit amet conse ctetur adipisicing elit, sed do eiusmod tempor incididunt ut labore et dolore magna aliqua. Ut enim ad minim veniam, quis nostrud exercitation ullamco laboris nisi ut aliquip ex ea commodo consequat. Duis aute irure dolor in reprehenderit in voluptate velit esse cillum dolore eu fugiat nulla pariatur. Lorem ipsum dolor sit amet conse ctetur adipisicing eli.\u003c\/p\u003e\n\u003cblockquote\u003e\n\u003cp\u003eTo create something exceptional, your mindset must be relentlessly focused on the smallest detail.\u003c\/p\u003e\n\u003csite\u003e— Giorgio Armani\u003c\/site\u003e\n\u003c\/blockquote\u003e\n\u003cp class=\"article-text\"\u003eIusmod tempor incididunt ut labore et dolore magna aliqua. Ut enim ad minim veniam, quis nostrud exercitation ullamco laboris nisi ut aliquip ex ea commodo consequat. Duis aute irure dolor in reprehenderit in voluptate velit esse cillum dolore eu fugiat nulla pariatur. Lorem ipsum dolor sit amet conse ctetur adipisicing elit, sed do eiusmod tempor incididunt ut labore et dolore magna aliqua. Ut enim ad minim veniam, quis nostrud exercitation ullamco laboris nisi ut aliquip ex ea commodo consequat. Duis aute irure dolor in reprehenderit in voluptate velit esse cillum dolore eu fugiat nulla pariatur. Lorem ipsum dolor sit amet conse ctetur adipisicing elit, sed do eiusmod tempor incididunt ut labore et dolore magna aliqua. Lorem ipsum dolor sit amet conse ctetur adipisicing eli. \u003cspan\u003eShella \u003c\/span\u003e\u003cspan\u003eS\u003c\/span\u003e\u003cspan\u003ehopify Theme. \u003c\/span\u003e\u003c\/p\u003e","blog_id":47421390925,"author":"s b","user_id":37332222029,"published_at":"2018-10-30T11:40:00-04:00","updated_at":"2019-10-04T10:21:26-04:00","summary_html":"\u003cspan\u003eLorem ipsum dolor sit amet conse ctetur adipisicing elit, sed do eiusmod tempor incididunt ut\u003c\/span\u003e","template_suffix":null,"handle":"the-best-high-street-cleansing-creams","tags":"","admin_graphql_api_id":"gid:\/\/shopify\/OnlineStoreArticle\/36004692045","image":{"created_at":"2019-10-04T10:21:26-04:00","alt":"","width":1480,"height":1456,"src":"https:\/\/cdn.shopify.com\/s\/files\/1\/0241\/1639\/6109\/articles\/Rectangle-4_99f7d0e6-6e44-4fd5-bd9c-003f0cb16b74.jpg?v=1570198886"}}]}