{
  "current": {
    "purchase_code": "",
    "presentation_enable": true,
    "logo_types": "svg",
    "logo_svg_file": "svg-logo-fashion",
    "logo_image": "",
    "logo_width": 138,
    "logo_mobile_svg_file": "",
    "logo_mobile_image": "",
    "logo_mobile_width": 34,
    "logo_sticky_svg_file": "svg-logo-fashion",
    "logo_sticky_image": "",
    "logo_sticky_width": 138,
    "logo_footer_svg_file": "",
    "logo_footer_image": "",
    "logo_footer_width": 64,
    "logo_footer_mobile_svg_file": "",
    "logo_footer_mobile_image": "",
    "logo_footer_mobile_width": 64,
    "favicon": "shopify:\/\/shop_images\/favicon_de2ad637-bccc-4911-b8dd-0e43eec34251.png",
    "layout_container": "fullwidth",
    "layout_show_breadcrumbs": true,
    "layout_pagination_type": "button_load_more",
    "layout_enable_rtl": false,
    "layout_images_lazyload": true,
    "layout_settings_file": "skin-1",
    "color_skin": "skin-1",
    "color_theme": "",
    "color_theme2": "",
    "color_theme3": "",
    "color_theme4": "",
    "color_theme5": "",
    "color_theme6": "",
    "color_theme7": "",
    "color_theme8": "",
    "color_theme9": "",
    "color_theme10": "",
    "color_theme11": "",
    "color_theme_primary": "",
    "color_theme_body": "",
    "color_theme_c": "",
    "color_theme_paragraph_c": "",
    "color_theme_head_c": "",
    "color_theme_link_c": "",
    "color_theme_link_act_c": "",
    "typography_skin": "skin-1",
    "font_base": "futura_n4",
    "font_base_apply_to_all": true,
    "font_base_type": "bold",
    "font_size_body": 13,
    "font_heading": "basic_commercial_n4",
    "font_heading_type": "none",
    "font_size_h1": 44,
    "font_size_h2": 32,
    "font_size_h3": 24,
    "font_size_h4": 18,
    "font_size_h5": 15,
    "font_size_h6": 13,
    "font_button": "basic_commercial_n4",
    "font_size_button": 13,
    "font_size_input": 13,
    "font_menu": "basic_commercial_n4",
    "font_size_menu": 13,
    "font_size_menu_list": 13,
    "font_size_menu_title": 15,
    "font_size_menu_mobile": 15,
    "font_load_alternative": true,
    "font_alternative": "playfair_display_n7",
    "font_alternative_type": "none",
    "collection_show_sidebar": "desktop_and_mobile",
    "collection_sidebar_position": "left",
    "collection_enable_sticky": true,
    "collection_tag_filters_logic": "and",
    "collection_only_available": false,
    "collection_enable_fullwidth_head_section": false,
    "collection_enable_product_carousel_section": false,
    "collection_builder_mode": "",
    "product_format_pjpg": false,
    "product_show_review_loading": false,
    "product_button_addtocart_size": "default",
    "product_cursor": "",
    "product_show_custom_options": true,
    "product_enable_variants_section": true,
    "product_hide_options_without_availability_variants": true,
    "product_variant_auto_select": "enable",
    "product_auto_selected_options": "",
    "product_variant_change_on_hover": false,
    "product_options_listing_visibility": "all",
    "product_options_type_circle_color": "Color|Colour",
    "product_options_type_circle_image": "",
    "product_options_type_square_color": "",
    "product_options_type_square_image": "",
    "product_options_type_select": "",
    "product_options_type_large_text": "",
    "product_collection_image_height_percent": 128,
    "product_collection_image_size": "contain",
    "product_collection_image_border_radius": 0,
    "product_replace_images_hover": true,
    "product_collection_show_label_in_stock": false,
    "product_collection_show_label_out_stock": true,
    "product_collection_show_label_sale": true,
    "product_collection_show_label_new": true,
    "product_collection_show_label_hot": true,
    "product_collection_centered_info": false,
    "product_collection_more_info_type": "type",
    "product_collection_show_title": true,
    "product_collection_show_price": true,
    "product_collection_show_button_quick_view": true,
    "product_collection_show_countdown": true,
    "product_collection_show_images_navigation": true,
    "product_collection_show_options": false,
    "product_collection_show_quantity": false,
    "product_collection_show_button_add_to_cart": false,
    "product_collection_show_button_add_to_wishlist": true,
    "product_collection_show_button_add_to_compare": true,
    "product_collection_show_reviews": false,
    "product_collection_hide_reviews_counter": true,
    "product_collection_hide_reviews_mobile_counter": true,
    "product_collection_hide_empty_reviews": true,
    "product_collection_show_sku": true,
    "product_collection_show_barcode": false,
    "product_collection_show_availability": true,
    "product_collection_show_type": true,
    "product_collection_show_vendor": true,
    "product_collection_show_description": true,
    "product_info_layout": "3",
    "product_info_show_arrows": true,
    "product_info_show_btn_fullscreen": true,
    "product_info_show_btn_video": true,
    "product_info_video_autoplay": true,
    "product_info_enable_zoom": true,
    "product_info_gallery_height_percent": 128,
    "product_info_show_label_in_stock": false,
    "product_info_show_label_out_stock": true,
    "product_info_show_label_sale": true,
    "product_info_show_label_new": true,
    "product_info_show_label_hot": true,
    "product_info_show_collections": false,
    "product_info_show_title": true,
    "product_info_show_price": true,
    "product_info_show_sale_details": true,
    "product_info_show_taxes": false,
    "product_info_show_sku": true,
    "product_info_show_barcode": false,
    "product_info_show_availability": false,
    "product_info_show_type": false,
    "product_info_show_vendor": true,
    "product_info_show_reviews": true,
    "product_info_hide_reviews_counter": false,
    "product_info_hide_empty_reviews": true,
    "product_info_show_countdown": false,
    "product_info_show_options": true,
    "product_info_show_quantity": true,
    "product_info_show_notes": false,
    "product_info_show_size_guide": true,
    "product_info_size_guide_page_content": "",
    "product_info_show_delivery_return": true,
    "product_info_delivery_return_page_content": "",
    "product_info_button_layout": "1",
    "product_info_show_button_add_to_cart": true,
    "product_info_show_button_add_to_wishlist": true,
    "product_info_show_button_add_to_compare": true,
    "product_info_show_payments": false,
    "product_info_payments_type": "dark",
    "product_info_page_enable_sticky_gallery": true,
    "product_info_page_show_button_dynamic_checkout": false,
    "product_info_page_show_dynamic_checkout_confirmation": true,
    "product_info_page_styled_dynamic_checkout": true,
    "product_info_page_show_related_products": false,
    "product_info_page_show_usage_info_sidebar": false,
    "product_info_page_sidebar": "off",
    "product_info_page_enable_sticky_sidebar": true,
    "product_footbar_enable": false,
    "product_footbar_show_title": true,
    "product_footbar_show_price": true,
    "product_footbar_show_reviews": true,
    "product_footbar_show_options": true,
    "product_footbar_show_quantity": true,
    "product_footbar_show_button_add_to_cart": true,
    "product_info_quick_show_full_details": true,
    "product_info_show_stock_countdown": false,
    "product_info_show_stock_countdown_range": true,
    "product_stock_countdown_min": 10,
    "product_info_show_text_countdown": false,
    "product_text_countdown_reset_time": 2,
    "product_text_countdown_delivery_time": 3,
    "product_text_countdown_delivery_format": "Day DD\/MM\/YYYY",
    "product_text_countdown_delivery_excludes": "Saturday, Sunday",
    "product_info_show_visitors": false,
    "product_visitors_min": 10,
    "product_visitors_max": 25,
    "product_visitors_stroke": 4,
    "product_visitors_interval_min": 2,
    "product_visitors_interval_max": 6,
    "search_show": true,
    "search_show_only_products": false,
    "search_ajax": true,
    "price_show_sale_separator": false,
    "show_multiple_currencies": false,
    "currency_format": "money_with_currency_format",
    "supported_currencies": "USD EUR GBP",
    "supported_currencies_short_names": "US($)|UE(€)|BP(£)",
    "supported_currencies_full_names": "USD - US Dollar|EUR - Euro|GBP - British Pound",
    "default_currency": "USD",
    "cart_show_header_button": true,
    "cart_popup_enable": true,
    "cart_ajax": true,
    "cart_icon": "",
    "cart_show_vendor": false,
    "cart_show_notes": true,
    "cart_show_free_shipping": false,
    "cart_free_shipping_value": "20000",
    "shipping_calculator": "Enabled",
    "shipping_calculator_default_country": "United States",
    "wishlist_enable": true,
    "compare_enable": false,
    "compare_show_description": true,
    "compare_show_collection": true,
    "compare_show_availability": true,
    "compare_show_product_type": true,
    "compare_show_vendor": true,
    "compare_show_sku": true,
    "compare_show_barcode": true,
    "compare_show_options": true,
    "compare_description_max_size": 100,
    "payment_footer_sequence": "1,2,3,4,5,6,7,8,9",
    "payment_product_sequence": "10,11,12,1,2,3,4,5,6,7,8,9",
    "payment_icon_1_show": true,
    "payment_icon_1_code": "",
    "payment_icon_1_image": "",
    "payment_icon_1_url": "",
    "payment_icon_1_tooltip": "",
    "payment_icon_2_show": true,
    "payment_icon_2_code": "",
    "payment_icon_2_image": "",
    "payment_icon_2_url": "",
    "payment_icon_2_tooltip": "",
    "payment_icon_3_show": true,
    "payment_icon_3_code": "",
    "payment_icon_3_image": "",
    "payment_icon_3_url": "",
    "payment_icon_3_tooltip": "",
    "payment_icon_4_show": true,
    "payment_icon_4_code": "",
    "payment_icon_4_image": "",
    "payment_icon_4_url": "",
    "payment_icon_4_tooltip": "",
    "payment_icon_5_show": true,
    "payment_icon_5_code": "",
    "payment_icon_5_image": "",
    "payment_icon_5_url": "",
    "payment_icon_5_tooltip": "",
    "payment_icon_6_show": true,
    "payment_icon_6_code": "",
    "payment_icon_6_image": "",
    "payment_icon_6_url": "",
    "payment_icon_6_tooltip": "",
    "payment_icon_7_show": true,
    "payment_icon_7_code": "",
    "payment_icon_7_image": "",
    "payment_icon_7_url": "",
    "payment_icon_7_tooltip": "",
    "payment_icon_8_show": true,
    "payment_icon_8_code": "",
    "payment_icon_8_image": "",
    "payment_icon_8_url": "",
    "payment_icon_8_tooltip": "",
    "payment_icon_9_show": true,
    "payment_icon_9_code": "",
    "payment_icon_9_image": "",
    "payment_icon_9_url": "",
    "payment_icon_9_tooltip": "",
    "payment_icon_10_show": true,
    "payment_icon_10_code": "",
    "payment_icon_10_image": "",
    "payment_icon_10_url": "",
    "payment_icon_10_tooltip": "",
    "payment_icon_11_show": true,
    "payment_icon_11_code": "",
    "payment_icon_11_image": "",
    "payment_icon_11_url": "",
    "payment_icon_11_tooltip": "",
    "payment_icon_12_show": true,
    "payment_icon_12_code": "",
    "payment_icon_12_image": "",
    "payment_icon_12_url": "",
    "payment_icon_12_tooltip": "",
    "social_share_image": "",
    "social_facebook": "https:\/\/www.facebook.com\/",
    "social_twitter": "https:\/\/twitter.com\/",
    "social_instagram": "https:\/\/www.instagram.com\/",
    "social_pinterest": "https:\/\/www.youtube.com\/",
    "social_youtube": "https:\/\/www.instagram.com\/",
    "social_behance": "https:\/\/www.behance.net\/",
    "social_skype": "https:\/\/www.skype.com\/",
    "subscription_method": "shopify",
    "subscription_mailchimp_form_action": "\/\/myshopify.us18.list-manage.com\/subscribe\/post?u=8a50b61e56896303a04d0243e&amp;id=3c3d06b907",
    "subscription_popup_enable": true,
    "subscription_popup_layout": "2",
    "subscription_popup_show_icon": true,
    "subscription_popup_text_line_01": "Subscribe and Enjoy",
    "subscription_popup_text_line_02": "10% <br>Discount",
    "subscription_popup_text_line_03": "Get 10% off by signing up to<br>our newsletter.",
    "subscription_popup_text_line_04": "I don’t want to see this website.",
    "subscription_popup_show_form": true,
    "subscription_popup_text_input_placeholder": "Enter please your email address",
    "subscription_popup_text_submit_button_text": "SUBSCRIBE!",
    "subscription_popup_text_button": "",
    "subscription_popup_text_dont_show_again": "",
    "subscription_popup_text_close": "NO, THANK YOU",
    "subscription_popup_image": "shopify:\/\/shop_images\/1_x2_73c0e275-0fc6-466e-b0fc-f0dbcd0008c1.png",
    "subscription_popup_image_width": 600,
    "subscription_popup_image_format_pjpg": true,
    "subscription_popup_insert_image": "",
    "subscription_popup_insert_image_width": 200,
    "subscription_popup_insert_image_format_pjpg": false,
    "subscription_popup_link": "shopify:\/\/collections\/clothing-dresses-jumpsuits",
    "subscription_popup_show_once": "true",
    "subscription_popup_delay": 3,
    "subscription_popup_cookies_life": "1",
    "subscription_confirmation_popup_enable": true,
    "subscription_confirmation_popup_success_message": "Thanks for subscribing!",
    "subscription_confirmation_popup_success_button": "Continue shopping",
    "blog_show_sidebar": "hide",
    "blog_sidebar_position": "right",
    "blog_enable_sticky": true,
    "article_show_sidebar": "hide",
    "article_sidebar_position": "right",
    "article_enable_sticky": true,
    "account_show_header_button": true,
    "account_popup_enable": true,
    "account_popup_sign_up_info_page_content": "",
    "account_popup_show_subscription": true,
    "account_page_sing_up_page_content": "",
    "services_show_header_button": false,
    "services_popup_enable": true,
    "services_popup_page_content": "",
    "javascript_loader_jquery_first": false,
    "app_language": "none",
    "app_language_link_list": "",
    "button_border_radius": 0,
    "input_border_radius": 0,
    "promobox_image_border_radius": 0,
    "promobox_format_pjpg": true,
    "notification_cookies_enable": false,
    "notification_cookies_button_information_link": "",
    "notification_cookies_delay": 0,
    "notification_cookies_show_once": true,
    "notification_cookies_cookies_life": "1",
    "notification_products_enable": false,
    "notification_products_collection": "",
    "notification_products_range_min": 2,
    "notification_products_range_max": 20,
    "notification_products_delay": 8,
    "notification_products_interval_min": 10,
    "notification_products_interval_max": 18,
    "notification_products_time_life": 14,
    "layout_enable_preloader": false,
    "layout_preloader_image": "",
    "layout_preloader_image_size": 100,
    "layout_preloader_opacity": 0.8,
    "promobox_animation_duration": 0.5,
    "tooltips_enable": false,
    "tooltips_animation_type": "scale",
    "header_animation_sticky_opacity": 0.9,
    "header_tape_animation_duration": 0.3,
    "product_hover_animation_type": "fade",
    "buttons_animation_icon_enable": true,
    "dev_enable_custom_css": false,
    "dev_enable_custom_js": false,
    "dev_enable_content_for_header": true,
    "checkout_header_image": "",
    "checkout_logo_image": "",
    "checkout_logo_position": "left",
    "checkout_logo_size": "medium",
    "checkout_body_background_image": "",
    "checkout_body_background_color": "#fff",
    "checkout_input_background_color_mode": "white",
    "checkout_sidebar_background_image": "",
    "checkout_sidebar_background_color": "#fafafa",
    "checkout_heading_font": "-apple-system, BlinkMacSystemFont, 'Segoe UI', Roboto, Helvetica, Arial, sans-serif, 'Apple Color Emoji', 'Segoe UI Emoji', 'Segoe UI Symbol'",
    "checkout_body_font": "-apple-system, BlinkMacSystemFont, 'Segoe UI', Roboto, Helvetica, Arial, sans-serif, 'Apple Color Emoji', 'Segoe UI Emoji', 'Segoe UI Symbol'",
    "checkout_accent_color": "#197bbd",
    "checkout_button_color": "#197bbd",
    "checkout_error_color": "#e32c2b",
    "subscription_confirmation_popup_button_type": "1",
    "sections": {
      "header": {
        "type": "header",
        "settings": {
          "type": "2",
          "style": "1",
          "menu": "main-menu",
          "show_menu_arrows": false,
          "show_menu_hover_underline": false,
          "vertical_menu": "",
          "fixed_vertical_menu": false,
          "additional_line_info_page_content": "",
          "sticky": "desktop_and_mobile",
          "desktop_sticky_type": "slim"
        }
      },
      "footer": {
        "type": "footer",
        "blocks": {
          "1588707824966": {
            "type": "menu",
            "settings": {
              "title": "",
              "show_title_on_desktop": true,
              "menu": "shop",
              "size": 0,
              "rows_limit": 0
            }
          },
          "1588707829149": {
            "type": "menu",
            "settings": {
              "title": "",
              "show_title_on_desktop": true,
              "menu": "information",
              "size": 0,
              "rows_limit": 0
            }
          },
          "1588707831350": {
            "type": "menu",
            "settings": {
              "title": "",
              "show_title_on_desktop": true,
              "menu": "order",
              "size": 0,
              "rows_limit": 0
            }
          },
          "1588707855446": {
            "type": "subscription",
            "settings": {
              "title": "Newsletter subscription",
              "paragraph": "Sign up for Shella updates to receive information about new arrivals, future events and specials.",
              "placeholder": "Enter Your Email Address",
              "button_text": "SUBSCRIBE!"
            }
          },
          "1588707863814": {
            "type": "social_media",
            "settings": {
              "title": "Follow us",
              "show_facebook": true,
              "show_twitter": false,
              "show_instagram": true,
              "show_pinterest": true,
              "show_youtube": false,
              "show_behance": false,
              "show_skype": false
            }
          },
          "1588707870746": {
            "type": "copyright",
            "settings": {
              "page_content": "include-footer-copyright-2"
            }
          }
        },
        "block_order": [
          "1588707824966",
          "1588707829149",
          "1588707831350",
          "1588707855446",
          "1588707863814",
          "1588707870746"
        ],
        "settings": {
          "type": "2",
          "style": "1",
          "show_logo": false,
          "show_button_back_to_top": true,
          "enable_fixed": true
        }
      },
      "1588708359953": {
        "type": "home-builder",
        "blocks": {
          "1588708365597": {
            "type": "promobox",
            "settings": {
              "url": "shopify:\/\/collections\/clothing",
              "image": "",
              "image_size": 1450,
              "image_mobile": "",
              "image_mobile_size": 550,
              "image_position_x": 50,
              "color_image_mask": "",
              "image_mask_opacity": 0.5,
              "text_line_1": "FINAL CLEARANCE: Take 20% off ‘Sale Must-Haves'",
              "text_line_2": "Text line #2",
              "text_line_3": "Text line #3",
              "style": "5",
              "button_1": "Button #1 text",
              "button_1_url": "",
              "color_button_type_1": "default-transparent",
              "button_2": "Button #2 text",
              "button_2_url": "",
              "color_button_type_2": "default-transparent",
              "list_1": "",
              "custom_html": "",
              "video_external_url": "",
              "video_mp4_url": "",
              "video_autoplay": true,
              "video_controls": false,
              "type": "text-2",
              "content_position": "center",
              "content_align": "center",
              "content_width": 100,
              "height": "auto",
              "min_height": 0,
              "size_of_column": "auto",
              "visible": "desktop_mobile",
              "parallax": "disable",
              "animation_to": "none",
              "animation_from": "none",
              "animation_opacity": "none",
              "animation_text": "none",
              "customization_class": "font-700-text-1"
            }
          }
        },
        "block_order": [
          "1588708365597"
        ],
        "settings": {
          "title": "",
          "container": "boxed",
          "size_of_columns": "1",
          "margins_for_columns": "none",
          "align_of_columns": "top_center",
          "disable_column_paddings": false,
          "precedence": "",
          "customization_class": "builder---modification-1 py-4"
        }
      },
      "1588711159483": {
        "type": "spacer",
        "settings": {
          "margin_top": 60,
          "margin_bottom": 0,
          "margin_top_mobile": 10,
          "margin_bottom_mobile": 0,
          "container": "boxed",
          "show_separator": false
        }
      },
      "1588711170819": {
        "type": "home-builder",
        "blocks": {
          "1588711175613": {
            "type": "promobox",
            "settings": {
              "url": "shopify:\/\/collections\/clothing",
              "image": "shopify:\/\/shop_images\/slide.png",
              "image_size": 1450,
              "image_mobile": "shopify:\/\/shop_images\/Rectangle_8.jpg",
              "image_mobile_size": 550,
              "image_position_x": 40,
              "color_image_mask": "",
              "image_mask_opacity": 0.5,
              "text_line_1": "FINAL <br>CLEARANCE",
              "text_line_2": "Take 20% off ‘Sale Must-Haves'",
              "text_line_3": "Text line #3",
              "style": "2",
              "button_1": "DISCOVER MORE",
              "button_1_url": "",
              "color_button_type_1": "secondary",
              "button_2": "Button #2 text",
              "button_2_url": "",
              "color_button_type_2": "default-transparent",
              "list_1": "",
              "custom_html": "",
              "video_external_url": "",
              "video_mp4_url": "",
              "video_autoplay": true,
              "video_controls": false,
              "type": "type-1-4",
              "content_position": "center",
              "content_align": "center",
              "content_width": 100,
              "height": "preset_1",
              "min_height": 0,
              "size_of_column": "auto",
              "visible": "desktop_mobile",
              "parallax": "disable",
              "animation_to": "none",
              "animation_from": "none",
              "animation_opacity": "none",
              "animation_text": "translate-top",
              "customization_class": "promobox--modification-1 font-alternative-text-1"
            }
          }
        },
        "block_order": [
          "1588711175613"
        ],
        "settings": {
          "title": "",
          "container": "boxed",
          "size_of_columns": "1",
          "margins_for_columns": "none",
          "align_of_columns": "top_center",
          "disable_column_paddings": false,
          "precedence": "",
          "customization_class": ""
        }
      },
      "1588711813394": {
        "type": "spacer",
        "settings": {
          "margin_top": 55,
          "margin_bottom": 0,
          "margin_top_mobile": 45,
          "margin_bottom_mobile": 0,
          "container": "boxed",
          "show_separator": false
        }
      },
      "1588711829530": {
        "type": "home-builder",
        "blocks": {
          "1588711859800": {
            "type": "promobox",
            "settings": {
              "url": "shopify:\/\/collections\/new",
              "image": "shopify:\/\/shop_images\/02.png",
              "image_size": 1450,
              "image_mobile": "",
              "image_mobile_size": 550,
              "image_position_x": 50,
              "color_image_mask": "",
              "image_mask_opacity": 0.5,
              "text_line_1": "NEW",
              "text_line_2": "25 Products",
              "text_line_3": "Text line #3",
              "style": "3",
              "button_1": "",
              "button_1_url": "",
              "color_button_type_1": "default-transparent",
              "button_2": "Button #2 text",
              "button_2_url": "",
              "color_button_type_2": "default-transparent",
              "list_1": "",
              "custom_html": "",
              "video_external_url": "",
              "video_mp4_url": "",
              "video_autoplay": true,
              "video_controls": false,
              "type": "type-2-5",
              "content_position": "center",
              "content_align": "center",
              "content_width": 100,
              "height": "auto",
              "min_height": 0,
              "size_of_column": "auto",
              "visible": "desktop_mobile",
              "parallax": "disable",
              "animation_to": "center",
              "animation_from": "none",
              "animation_opacity": "hover",
              "animation_text": "none",
              "customization_class": "font-alternative-text-1"
            }
          },
          "1588711862056": {
            "type": "promobox",
            "settings": {
              "url": "shopify:\/\/collections\/clothing",
              "image": "shopify:\/\/shop_images\/03.png",
              "image_size": 1450,
              "image_mobile": "",
              "image_mobile_size": 550,
              "image_position_x": 50,
              "color_image_mask": "",
              "image_mask_opacity": 0.5,
              "text_line_1": "CLOTHING",
              "text_line_2": "20 Products",
              "text_line_3": "Text line #3",
              "style": "3",
              "button_1": "",
              "button_1_url": "",
              "color_button_type_1": "default-transparent",
              "button_2": "Button #2 text",
              "button_2_url": "",
              "color_button_type_2": "default-transparent",
              "list_1": "",
              "custom_html": "",
              "video_external_url": "",
              "video_mp4_url": "",
              "video_autoplay": true,
              "video_controls": false,
              "type": "type-2-5",
              "content_position": "center",
              "content_align": "center",
              "content_width": 100,
              "height": "auto",
              "min_height": 0,
              "size_of_column": "auto",
              "visible": "desktop_mobile",
              "parallax": "disable",
              "animation_to": "center",
              "animation_from": "none",
              "animation_opacity": "hover",
              "animation_text": "none",
              "customization_class": "font-alternative-text-1"
            }
          },
          "1588711864912": {
            "type": "promobox",
            "settings": {
              "url": "shopify:\/\/collections\/shoes",
              "image": "shopify:\/\/shop_images\/04.png",
              "image_size": 1450,
              "image_mobile": "",
              "image_mobile_size": 550,
              "image_position_x": 50,
              "color_image_mask": "",
              "image_mask_opacity": 0.5,
              "text_line_1": "SHOES",
              "text_line_2": "32 Products",
              "text_line_3": "Text line #3",
              "style": "3",
              "button_1": "",
              "button_1_url": "",
              "color_button_type_1": "default-transparent",
              "button_2": "Button #2 text",
              "button_2_url": "",
              "color_button_type_2": "default-transparent",
              "list_1": "",
              "custom_html": "",
              "video_external_url": "",
              "video_mp4_url": "",
              "video_autoplay": true,
              "video_controls": false,
              "type": "type-2-5",
              "content_position": "center",
              "content_align": "center",
              "content_width": 100,
              "height": "auto",
              "min_height": 0,
              "size_of_column": "auto",
              "visible": "desktop_mobile",
              "parallax": "disable",
              "animation_to": "center",
              "animation_from": "none",
              "animation_opacity": "hover",
              "animation_text": "none",
              "customization_class": "font-alternative-text-1"
            }
          },
          "1588711868161": {
            "type": "promobox",
            "settings": {
              "url": "shopify:\/\/collections\/accessories",
              "image": "shopify:\/\/shop_images\/05.png",
              "image_size": 1450,
              "image_mobile": "",
              "image_mobile_size": 550,
              "image_position_x": 50,
              "color_image_mask": "",
              "image_mask_opacity": 0.5,
              "text_line_1": "ACCESSORIES",
              "text_line_2": "15 Products",
              "text_line_3": "Text line #3",
              "style": "3",
              "button_1": "",
              "button_1_url": "",
              "color_button_type_1": "default-transparent",
              "button_2": "Button #2 text",
              "button_2_url": "",
              "color_button_type_2": "default-transparent",
              "list_1": "",
              "custom_html": "",
              "video_external_url": "",
              "video_mp4_url": "",
              "video_autoplay": true,
              "video_controls": false,
              "type": "type-2-5",
              "content_position": "center",
              "content_align": "center",
              "content_width": 100,
              "height": "auto",
              "min_height": 0,
              "size_of_column": "auto",
              "visible": "desktop_mobile",
              "parallax": "disable",
              "animation_to": "center",
              "animation_from": "none",
              "animation_opacity": "hover",
              "animation_text": "none",
              "customization_class": "font-alternative-text-1"
            }
          }
        },
        "block_order": [
          "1588711859800",
          "1588711862056",
          "1588711864912",
          "1588711868161"
        ],
        "settings": {
          "title": "<p>Shop by Category<\/p>",
          "container": "boxed",
          "size_of_columns": "4",
          "margins_for_columns": "preset_2",
          "align_of_columns": "top_center",
          "disable_column_paddings": false,
          "precedence": "",
          "customization_class": ""
        }
      },
      "1588712832928": {
        "type": "home-builder",
        "blocks": {
          "1589399301849": {
            "type": "slick_slider",
            "settings": {
              "height": "preset_1",
              "min_height": 0,
              "size_of_column": "auto",
              "arrows": false,
              "bullets": true,
              "speed": 4
            }
          },
          "1589399315304": {
            "type": "slick_slide",
            "settings": {
              "url": "",
              "image": "shopify:\/\/shop_images\/06.png",
              "image_size": 900,
              "image_mobile": "shopify:\/\/shop_images\/Rectangle_8-2.jpg",
              "image_mobile_size": 550,
              "image_position_x": 50,
              "color_image_mask": "",
              "image_mask_opacity": 0.5,
              "text_line_1": "THE NAVY BLAZER",
              "text_line_2": "Spring Layers to Wear Now",
              "text_line_3": "Text line #3",
              "style": "2",
              "button_1": "DISCOVER MORE",
              "button_1_url": "shopify:\/\/collections\/clothing",
              "color_button_type_1": "secondary",
              "button_2": "Button #2 text",
              "button_2_url": "",
              "color_button_type_2": "default-transparent",
              "custom_html": "",
              "video_external_url": "",
              "video_mp4_url": "",
              "video_autoplay": true,
              "video_controls": false,
              "type": "type-1-4",
              "content_position": "center_left",
              "content_align": "left",
              "content_width": 75,
              "animation_text": "translate-left",
              "customization_class": "promobox--modification-1 font-alternative-text-1"
            }
          },
          "1589399320228": {
            "type": "slick_slide",
            "settings": {
              "url": "",
              "image": "shopify:\/\/shop_images\/07.png",
              "image_size": 900,
              "image_mobile": "shopify:\/\/shop_images\/Rectangle_8-3.jpg",
              "image_mobile_size": 550,
              "image_position_x": 46,
              "color_image_mask": "",
              "image_mask_opacity": 0.5,
              "text_line_1": "THE PANT",
              "text_line_2": "Spring Layers to Wear Now",
              "text_line_3": "Text line #3",
              "style": "2",
              "button_1": "DISCOVER MORE",
              "button_1_url": "shopify:\/\/collections\/new",
              "color_button_type_1": "secondary",
              "button_2": "Button #2 text",
              "button_2_url": "",
              "color_button_type_2": "default-transparent",
              "custom_html": "",
              "video_external_url": "",
              "video_mp4_url": "",
              "video_autoplay": true,
              "video_controls": false,
              "type": "type-1-4",
              "content_position": "center_left",
              "content_align": "left",
              "content_width": 75,
              "animation_text": "translate-left",
              "customization_class": "promobox--modification-1 font-alternative-text-1"
            }
          },
          "1589399323360": {
            "type": "slick_slide",
            "settings": {
              "url": "",
              "image": "shopify:\/\/shop_images\/08.png",
              "image_size": 900,
              "image_mobile": "shopify:\/\/shop_images\/Rectangle_8-4.jpg",
              "image_mobile_size": 550,
              "image_position_x": 28,
              "color_image_mask": "",
              "image_mask_opacity": 0.5,
              "text_line_1": "THE TRENCH COAT",
              "text_line_2": "Spring Layers to Wear Now",
              "text_line_3": "Text line #3",
              "style": "7",
              "button_1": "DISCOVER MORE",
              "button_1_url": "shopify:\/\/collections\/shoes",
              "color_button_type_1": "secondary",
              "button_2": "Button #2 text",
              "button_2_url": "",
              "color_button_type_2": "default-transparent",
              "custom_html": "",
              "video_external_url": "",
              "video_mp4_url": "",
              "video_autoplay": true,
              "video_controls": false,
              "type": "type-1-4",
              "content_position": "center_left",
              "content_align": "left",
              "content_width": 75,
              "animation_text": "translate-left",
              "customization_class": "promobox--modification-1 font-alternative-text-1"
            }
          }
        },
        "block_order": [
          "1589399301849",
          "1589399315304",
          "1589399320228",
          "1589399323360"
        ],
        "settings": {
          "title": "",
          "container": "boxed",
          "size_of_columns": "1",
          "margins_for_columns": "none",
          "align_of_columns": "top_center",
          "disable_column_paddings": false,
          "precedence": "",
          "customization_class": ""
        }
      },
      "1588712983386": {
        "type": "spacer",
        "settings": {
          "margin_top": 60,
          "margin_bottom": 0,
          "margin_top_mobile": 10,
          "margin_bottom_mobile": 0,
          "container": "boxed",
          "show_separator": false
        }
      },
      "1588712991852": {
        "type": "home-builder",
        "blocks": {
          "1588713005383": {
            "type": "promobox",
            "settings": {
              "url": "shopify:\/\/collections",
              "image": "shopify:\/\/shop_images\/09.png",
              "image_size": 1450,
              "image_mobile": "",
              "image_mobile_size": 550,
              "image_position_x": 50,
              "color_image_mask": "",
              "image_mask_opacity": 0.5,
              "text_line_1": "SPRING 2020",
              "text_line_2": "DISCOVER MORE",
              "text_line_3": "Text line #3",
              "style": "4",
              "button_1": "",
              "button_1_url": "",
              "color_button_type_1": "default-transparent",
              "button_2": "Button #2 text",
              "button_2_url": "",
              "color_button_type_2": "default-transparent",
              "list_1": "",
              "custom_html": "",
              "video_external_url": "",
              "video_mp4_url": "",
              "video_autoplay": true,
              "video_controls": false,
              "type": "type-2-6",
              "content_position": "center",
              "content_align": "center",
              "content_width": 100,
              "height": "auto",
              "min_height": 0,
              "size_of_column": "auto",
              "visible": "desktop_mobile",
              "parallax": "disable",
              "animation_to": "center",
              "animation_from": "none",
              "animation_opacity": "hover",
              "animation_text": "none",
              "customization_class": "font-alternative-text-1"
            }
          },
          "1588713007882": {
            "type": "promobox",
            "settings": {
              "url": "shopify:\/\/collections\/clothing-dresses-jumpsuits",
              "image": "shopify:\/\/shop_images\/10.png",
              "image_size": 1450,
              "image_mobile": "",
              "image_mobile_size": 550,
              "image_position_x": 50,
              "color_image_mask": "",
              "image_mask_opacity": 0.5,
              "text_line_1": "DRESSES",
              "text_line_2": "DISCOVER MORE",
              "text_line_3": "Text line #3",
              "style": "4",
              "button_1": "",
              "button_1_url": "",
              "color_button_type_1": "default-transparent",
              "button_2": "Button #2 text",
              "button_2_url": "",
              "color_button_type_2": "default-transparent",
              "list_1": "",
              "custom_html": "",
              "video_external_url": "",
              "video_mp4_url": "",
              "video_autoplay": true,
              "video_controls": false,
              "type": "type-2-6",
              "content_position": "center",
              "content_align": "center",
              "content_width": 100,
              "height": "auto",
              "min_height": 0,
              "size_of_column": "auto",
              "visible": "desktop_mobile",
              "parallax": "disable",
              "animation_to": "center",
              "animation_from": "none",
              "animation_opacity": "hover",
              "animation_text": "none",
              "customization_class": "font-alternative-text-1"
            }
          },
          "1588713010065": {
            "type": "promobox",
            "settings": {
              "url": "shopify:\/\/collections\/clothing-blazers",
              "image": "shopify:\/\/shop_images\/11.png",
              "image_size": 1450,
              "image_mobile": "",
              "image_mobile_size": 550,
              "image_position_x": 50,
              "color_image_mask": "",
              "image_mask_opacity": 0.5,
              "text_line_1": "JACKETS",
              "text_line_2": "DISCOVER MORE",
              "text_line_3": "Text line #3",
              "style": "4",
              "button_1": "",
              "button_1_url": "",
              "color_button_type_1": "default-transparent",
              "button_2": "Button #2 text",
              "button_2_url": "",
              "color_button_type_2": "default-transparent",
              "list_1": "",
              "custom_html": "",
              "video_external_url": "",
              "video_mp4_url": "",
              "video_autoplay": true,
              "video_controls": false,
              "type": "type-2-6",
              "content_position": "center",
              "content_align": "center",
              "content_width": 100,
              "height": "auto",
              "min_height": 0,
              "size_of_column": "auto",
              "visible": "desktop_mobile",
              "parallax": "disable",
              "animation_to": "center",
              "animation_from": "none",
              "animation_opacity": "hover",
              "animation_text": "none",
              "customization_class": "font-alternative-text-1"
            }
          }
        },
        "block_order": [
          "1588713005383",
          "1588713007882",
          "1588713010065"
        ],
        "settings": {
          "title": "",
          "container": "boxed",
          "size_of_columns": "3",
          "margins_for_columns": "preset_2",
          "align_of_columns": "top_center",
          "disable_column_paddings": false,
          "precedence": "",
          "customization_class": ""
        }
      },
      "product": {
        "type": "product",
        "settings": {
          "show_tabs": true,
          "show_tab_description": true,
          "show_tab_reviews": true
        }
      },
      "carousel-related-products": {
        "type": "carousel-related-products",
        "settings": {
          "type": "related",
          "title": "Related Products",
          "size_of_columns": "4",
          "max_count": 6,
          "autoplay": true,
          "speed": 5,
          "infinite": true,
          "arrows": true,
          "bullets": true
        }
      },
      "product-fixed-sizebar": {
        "type": "product-fixed-sizebar",
        "settings": {
        }
      },
      "product-variants": {
        "type": "product-variants",
        "blocks": {
          "1588786860925": {
            "type": "option_colors",
            "settings": {
              "product": "",
              "property_value_1": "Color|Scottsdale Blue",
              "color_1": "#6e9ce3",
              "property_value_2": "Color|Neon Yellow",
              "color_2": "#f3f5b0",
              "property_value_3": "Color|Navy",
              "color_3": "#252638",
              "property_value_4": "Color|Red\/White",
              "color_4": "#f2838d",
              "property_value_5": "Color|Navy\/white",
              "color_5": "#464f78",
              "property_value_6": "Color|Grey\/cream Houndstooth",
              "color_6": "#b9b9b9",
              "property_value_7": "Color|Indigo",
              "color_7": "#527396",
              "property_value_8": "Color|Jade",
              "color_8": "#29d2dd",
              "property_value_9": "Color|Martin Red",
              "color_9": "#e00729",
              "property_value_10": "Color|Flag Sailboat Print",
              "color_10": "#b91f2a"
            }
          },
          "1588787046690": {
            "type": "option_colors",
            "settings": {
              "product": "",
              "property_value_1": "Color|Rl Navy",
              "color_1": "#2e2b4c",
              "property_value_2": "Color|Midnight",
              "color_2": "#3e3753",
              "property_value_3": "Color|Portuguese Blue",
              "color_3": "#029bec",
              "property_value_4": "Color|Leslie Wash",
              "color_4": "#445c74",
              "property_value_5": "",
              "color_5": "",
              "property_value_6": "",
              "color_6": "",
              "property_value_7": "",
              "color_7": "",
              "property_value_8": "",
              "color_8": "",
              "property_value_9": "",
              "color_9": "",
              "property_value_10": "",
              "color_10": ""
            }
          }
        },
        "block_order": [
          "1588786860925",
          "1588787046690"
        ],
        "settings": {
        }
      },
      "collection-head": {
        "type": "collection-head",
        "blocks": {
          "1588800343331": {
            "type": "promobox",
            "settings": {
              "for_collection": "test-sub-collections",
              "url": "shopify:\/\/collections\/accessories",
              "image": "shopify:\/\/shop_images\/woven_greenhouse_sg-20_2808x_59a79343-84ad-4367-9f4c-6ff9e81aa376.jpg",
              "image_size": 900,
              "image_mobile": "",
              "image_mobile_size": 900,
              "image_position_x": 50,
              "color_image_mask": "",
              "image_mask_opacity": 0.5,
              "text_line_1": "Just released",
              "text_line_2": "PASTEL TOPS",
              "text_line_3": "Text line #3",
              "style": "5",
              "button_1": "View the Collection",
              "button_1_url": "",
              "color_button_type_1": "secondary",
              "button_2": "Button #2 text",
              "button_2_url": "",
              "color_button_type_2": "default-transparent",
              "list_1": "",
              "custom_html": "",
              "video_external_url": "",
              "video_mp4_url": "",
              "video_autoplay": true,
              "video_controls": false,
              "type": "type-1-4",
              "content_position": "center",
              "content_align": "center",
              "content_width": 100,
              "height": "auto",
              "min_height": 0,
              "size_of_column": "12",
              "visible": "desktop_mobile",
              "parallax": "disable",
              "animation_to": "none",
              "animation_from": "none",
              "animation_opacity": "none",
              "animation_text": "none",
              "customization_class": ""
            }
          },
          "1588800346325": {
            "type": "promobox",
            "settings": {
              "for_collection": "test-sub-collections",
              "url": "shopify:\/\/collections\/acc-belts",
              "image": "shopify:\/\/shop_images\/T2195-Heather-Gray-1_1728x_d794cc08-06e3-4ca7-97b0-33df1e9a7d68.jpg",
              "image_size": 900,
              "image_mobile": "",
              "image_mobile_size": 900,
              "image_position_x": 50,
              "color_image_mask": "",
              "image_mask_opacity": 0.5,
              "text_line_1": "Short Sleeve",
              "text_line_2": "",
              "text_line_3": "Text line #3",
              "style": "2",
              "button_1": "Button #1 text",
              "button_1_url": "",
              "color_button_type_1": "default-transparent",
              "button_2": "Button #2 text",
              "button_2_url": "",
              "color_button_type_2": "default-transparent",
              "list_1": "",
              "custom_html": "",
              "video_external_url": "",
              "video_mp4_url": "",
              "video_autoplay": true,
              "video_controls": false,
              "type": "type-3",
              "content_position": "center",
              "content_align": "center",
              "content_width": 100,
              "height": "auto",
              "min_height": 0,
              "size_of_column": "3",
              "visible": "desktop_mobile",
              "parallax": "disable",
              "animation_to": "none",
              "animation_from": "none",
              "animation_opacity": "none",
              "animation_text": "none",
              "customization_class": ""
            }
          },
          "1588800349004": {
            "type": "promobox",
            "settings": {
              "for_collection": "test-sub-collections",
              "url": "shopify:\/\/collections\/acc-handbags",
              "image": "shopify:\/\/shop_images\/WTY437-Dove-Gray-1_1728x_6c1d77c8-c4ea-4b54-b9fd-5de6f8c234f0.jpg",
              "image_size": 900,
              "image_mobile": "",
              "image_mobile_size": 900,
              "image_position_x": 50,
              "color_image_mask": "",
              "image_mask_opacity": 0.5,
              "text_line_1": "Sleeveless",
              "text_line_2": "",
              "text_line_3": "Text line #3",
              "style": "2",
              "button_1": "Button #1 text",
              "button_1_url": "",
              "color_button_type_1": "default-transparent",
              "button_2": "Button #2 text",
              "button_2_url": "",
              "color_button_type_2": "default-transparent",
              "list_1": "",
              "custom_html": "",
              "video_external_url": "",
              "video_mp4_url": "",
              "video_autoplay": true,
              "video_controls": false,
              "type": "type-3",
              "content_position": "center",
              "content_align": "center",
              "content_width": 100,
              "height": "auto",
              "min_height": 0,
              "size_of_column": "3",
              "visible": "desktop_mobile",
              "parallax": "disable",
              "animation_to": "none",
              "animation_from": "none",
              "animation_opacity": "none",
              "animation_text": "none",
              "customization_class": ""
            }
          },
          "1588800351174": {
            "type": "promobox",
            "settings": {
              "for_collection": "test-sub-collections",
              "url": "shopify:\/\/collections\/acc-hats-scarves-gloves",
              "image": "shopify:\/\/shop_images\/T2898-Heather-Gray-1_400x_79a97916-32b0-4592-bbab-33c9a1417d25.jpg",
              "image_size": 900,
              "image_mobile": "",
              "image_mobile_size": 900,
              "image_position_x": 50,
              "color_image_mask": "",
              "image_mask_opacity": 0.5,
              "text_line_1": "3 \/ 4 SLEEVE",
              "text_line_2": "",
              "text_line_3": "Text line #3",
              "style": "2",
              "button_1": "Button #1 text",
              "button_1_url": "",
              "color_button_type_1": "default-transparent",
              "button_2": "Button #2 text",
              "button_2_url": "",
              "color_button_type_2": "default-transparent",
              "list_1": "",
              "custom_html": "",
              "video_external_url": "",
              "video_mp4_url": "",
              "video_autoplay": true,
              "video_controls": false,
              "type": "type-3",
              "content_position": "center",
              "content_align": "center",
              "content_width": 100,
              "height": "auto",
              "min_height": 0,
              "size_of_column": "3",
              "visible": "desktop_mobile",
              "parallax": "disable",
              "animation_to": "none",
              "animation_from": "none",
              "animation_opacity": "none",
              "animation_text": "none",
              "customization_class": ""
            }
          },
          "1588800353524": {
            "type": "promobox",
            "settings": {
              "for_collection": "test-sub-collections",
              "url": "shopify:\/\/products\/copy-of-halter-dress",
              "image": "shopify:\/\/shop_images\/T185143-Heather-1_1728x_e6af975e-dbf3-4733-a579-3f15fae54660.jpg",
              "image_size": 900,
              "image_mobile": "",
              "image_mobile_size": 900,
              "image_position_x": 50,
              "color_image_mask": "",
              "image_mask_opacity": 0.5,
              "text_line_1": "LONG SLEEVE",
              "text_line_2": "",
              "text_line_3": "Text line #3",
              "style": "2",
              "button_1": "Button #1 text",
              "button_1_url": "",
              "color_button_type_1": "default-transparent",
              "button_2": "Button #2 text",
              "button_2_url": "",
              "color_button_type_2": "default-transparent",
              "list_1": "",
              "custom_html": "",
              "video_external_url": "",
              "video_mp4_url": "",
              "video_autoplay": true,
              "video_controls": false,
              "type": "type-3",
              "content_position": "center",
              "content_align": "center",
              "content_width": 100,
              "height": "auto",
              "min_height": 0,
              "size_of_column": "3",
              "visible": "desktop_mobile",
              "parallax": "disable",
              "animation_to": "none",
              "animation_from": "none",
              "animation_opacity": "none",
              "animation_text": "none",
              "customization_class": ""
            }
          },
          "1588800356415": {
            "type": "promobox",
            "settings": {
              "for_collection": "test-sub-collections",
              "url": "shopify:\/\/collections\/shoes-1",
              "image": "shopify:\/\/shop_images\/floral-separator_1080x_0ebc2eba-3296-44b2-bacf-60b595c5c404.jpg",
              "image_size": 900,
              "image_mobile": "",
              "image_mobile_size": 900,
              "image_position_x": 50,
              "color_image_mask": "",
              "image_mask_opacity": 0.5,
              "text_line_1": "Text line #1",
              "text_line_2": "Text line #2",
              "text_line_3": "Text line #3",
              "style": "1",
              "button_1": "Button #1 text",
              "button_1_url": "",
              "color_button_type_1": "default-transparent",
              "button_2": "Button #2 text",
              "button_2_url": "",
              "color_button_type_2": "default-transparent",
              "list_1": "",
              "custom_html": "",
              "video_external_url": "",
              "video_mp4_url": "",
              "video_autoplay": true,
              "video_controls": false,
              "type": "clean",
              "content_position": "center",
              "content_align": "center",
              "content_width": 100,
              "height": "auto",
              "min_height": 0,
              "size_of_column": "12",
              "visible": "desktop_mobile",
              "parallax": "disable",
              "animation_to": "none",
              "animation_from": "none",
              "animation_opacity": "none",
              "animation_text": "none",
              "customization_class": ""
            }
          },
          "1588800359085": {
            "type": "promobox",
            "settings": {
              "for_collection": "test-sub-collections",
              "url": "shopify:\/\/collections\/shoes-1",
              "image": "shopify:\/\/shop_images\/T2898-Heather-Gray-1_400x_79a97916-32b0-4592-bbab-33c9a1417d25.jpg",
              "image_size": 900,
              "image_mobile": "",
              "image_mobile_size": 900,
              "image_position_x": 50,
              "color_image_mask": "",
              "image_mask_opacity": 0.5,
              "text_line_1": "Text line #1",
              "text_line_2": "Text line #2",
              "text_line_3": "Text line #3",
              "style": "1",
              "button_1": "Button #1 text",
              "button_1_url": "",
              "color_button_type_1": "default-transparent",
              "button_2": "Button #2 text",
              "button_2_url": "",
              "color_button_type_2": "default-transparent",
              "list_1": "",
              "custom_html": "",
              "video_external_url": "",
              "video_mp4_url": "",
              "video_autoplay": true,
              "video_controls": false,
              "type": "clean",
              "content_position": "center",
              "content_align": "center",
              "content_width": 100,
              "height": "auto",
              "min_height": 0,
              "size_of_column": "2",
              "visible": "desktop_mobile",
              "parallax": "disable",
              "animation_to": "none",
              "animation_from": "none",
              "animation_opacity": "none",
              "animation_text": "none",
              "customization_class": ""
            }
          },
          "1588800361304": {
            "type": "promobox",
            "settings": {
              "for_collection": "test-sub-collections",
              "url": "shopify:\/\/collections\/shoes-boots",
              "image": "shopify:\/\/shop_images\/T185143-Heather-1_1728x_e6af975e-dbf3-4733-a579-3f15fae54660.jpg",
              "image_size": 900,
              "image_mobile": "",
              "image_mobile_size": 900,
              "image_position_x": 50,
              "color_image_mask": "",
              "image_mask_opacity": 0.5,
              "text_line_1": "Text line #1",
              "text_line_2": "Text line #2",
              "text_line_3": "Text line #3",
              "style": "1",
              "button_1": "Button #1 text",
              "button_1_url": "",
              "color_button_type_1": "default-transparent",
              "button_2": "Button #2 text",
              "button_2_url": "",
              "color_button_type_2": "default-transparent",
              "list_1": "",
              "custom_html": "",
              "video_external_url": "",
              "video_mp4_url": "",
              "video_autoplay": true,
              "video_controls": false,
              "type": "clean",
              "content_position": "center",
              "content_align": "center",
              "content_width": 100,
              "height": "auto",
              "min_height": 0,
              "size_of_column": "2",
              "visible": "desktop_mobile",
              "parallax": "disable",
              "animation_to": "none",
              "animation_from": "none",
              "animation_opacity": "none",
              "animation_text": "none",
              "customization_class": ""
            }
          },
          "1588800363249": {
            "type": "promobox",
            "settings": {
              "for_collection": "test-sub-collections",
              "url": "shopify:\/\/collections\/shoes-flats-sneakers",
              "image": "shopify:\/\/shop_images\/WTY437-Dove-Gray-1_1728x_6c1d77c8-c4ea-4b54-b9fd-5de6f8c234f0.jpg",
              "image_size": 900,
              "image_mobile": "",
              "image_mobile_size": 900,
              "image_position_x": 50,
              "color_image_mask": "",
              "image_mask_opacity": 0.5,
              "text_line_1": "Text line #1",
              "text_line_2": "Text line #2",
              "text_line_3": "Text line #3",
              "style": "1",
              "button_1": "Button #1 text",
              "button_1_url": "",
              "color_button_type_1": "default-transparent",
              "button_2": "Button #2 text",
              "button_2_url": "",
              "color_button_type_2": "default-transparent",
              "list_1": "",
              "custom_html": "",
              "video_external_url": "",
              "video_mp4_url": "",
              "video_autoplay": true,
              "video_controls": false,
              "type": "clean",
              "content_position": "center",
              "content_align": "center",
              "content_width": 100,
              "height": "auto",
              "min_height": 0,
              "size_of_column": "2",
              "visible": "desktop_mobile",
              "parallax": "disable",
              "animation_to": "none",
              "animation_from": "none",
              "animation_opacity": "none",
              "animation_text": "none",
              "customization_class": ""
            }
          },
          "1588800365599": {
            "type": "promobox",
            "settings": {
              "for_collection": "test-sub-collections",
              "url": "shopify:\/\/collections\/shoes-sandals-wedges",
              "image": "shopify:\/\/shop_images\/T2195-Heather-Gray-1_1728x_d794cc08-06e3-4ca7-97b0-33df1e9a7d68.jpg",
              "image_size": 900,
              "image_mobile": "",
              "image_mobile_size": 900,
              "image_position_x": 50,
              "color_image_mask": "",
              "image_mask_opacity": 0.5,
              "text_line_1": "Text line #1",
              "text_line_2": "Text line #2",
              "text_line_3": "Text line #3",
              "style": "1",
              "button_1": "Button #1 text",
              "button_1_url": "",
              "color_button_type_1": "default-transparent",
              "button_2": "Button #2 text",
              "button_2_url": "",
              "color_button_type_2": "default-transparent",
              "list_1": "",
              "custom_html": "",
              "video_external_url": "",
              "video_mp4_url": "",
              "video_autoplay": true,
              "video_controls": false,
              "type": "clean",
              "content_position": "center",
              "content_align": "center",
              "content_width": 100,
              "height": "auto",
              "min_height": 0,
              "size_of_column": "2",
              "visible": "desktop_mobile",
              "parallax": "disable",
              "animation_to": "none",
              "animation_from": "none",
              "animation_opacity": "none",
              "animation_text": "none",
              "customization_class": ""
            }
          },
          "1588800367503": {
            "type": "promobox",
            "settings": {
              "for_collection": "test-sub-collections",
              "url": "shopify:\/\/pages\/contact",
              "image": "shopify:\/\/shop_images\/T2898-Heather-Gray-1_400x_6acb5ea1-7628-43e1-9c7c-1c5d257c2d69.jpg",
              "image_size": 900,
              "image_mobile": "",
              "image_mobile_size": 900,
              "image_position_x": 50,
              "color_image_mask": "",
              "image_mask_opacity": 0.5,
              "text_line_1": "Text line #1",
              "text_line_2": "Text line #2",
              "text_line_3": "Text line #3",
              "style": "1",
              "button_1": "Button #1 text",
              "button_1_url": "",
              "color_button_type_1": "default-transparent",
              "button_2": "Button #2 text",
              "button_2_url": "",
              "color_button_type_2": "default-transparent",
              "list_1": "",
              "custom_html": "",
              "video_external_url": "",
              "video_mp4_url": "",
              "video_autoplay": true,
              "video_controls": false,
              "type": "clean",
              "content_position": "center",
              "content_align": "center",
              "content_width": 100,
              "height": "auto",
              "min_height": 0,
              "size_of_column": "2",
              "visible": "desktop_mobile",
              "parallax": "disable",
              "animation_to": "none",
              "animation_from": "none",
              "animation_opacity": "none",
              "animation_text": "none",
              "customization_class": ""
            }
          },
          "1588800370274": {
            "type": "promobox",
            "settings": {
              "for_collection": "test-sub-collections",
              "url": "shopify:\/\/blogs\/news",
              "image": "shopify:\/\/shop_images\/T185143-Heather-1_1728x_e6af975e-dbf3-4733-a579-3f15fae54660.jpg",
              "image_size": 900,
              "image_mobile": "",
              "image_mobile_size": 900,
              "image_position_x": 50,
              "color_image_mask": "",
              "image_mask_opacity": 0.5,
              "text_line_1": "Text line #1",
              "text_line_2": "Text line #2",
              "text_line_3": "Text line #3",
              "style": "1",
              "button_1": "Button #1 text",
              "button_1_url": "",
              "color_button_type_1": "default-transparent",
              "button_2": "Button #2 text",
              "button_2_url": "",
              "color_button_type_2": "default-transparent",
              "list_1": "",
              "custom_html": "",
              "video_external_url": "",
              "video_mp4_url": "",
              "video_autoplay": true,
              "video_controls": false,
              "type": "clean",
              "content_position": "center",
              "content_align": "center",
              "content_width": 100,
              "height": "auto",
              "min_height": 0,
              "size_of_column": "2",
              "visible": "desktop_mobile",
              "parallax": "disable",
              "animation_to": "none",
              "animation_from": "none",
              "animation_opacity": "none",
              "animation_text": "none",
              "customization_class": ""
            }
          }
        },
        "block_order": [
          "1588800343331",
          "1588800346325",
          "1588800349004",
          "1588800351174",
          "1588800353524",
          "1588800356415",
          "1588800359085",
          "1588800361304",
          "1588800363249",
          "1588800365599",
          "1588800367503",
          "1588800370274"
        ],
        "settings": {
          "default_desktop_title": "disabled",
          "default_mobile_title": "disabled",
          "margins_for_columns": "preset_1"
        }
      },
      "collection-sidebar": {
        "type": "collection-sidebar",
        "blocks": {
          "collection-sidebar-0": {
            "type": "current_filters",
            "settings": {
              "title": "CURRENT FILTERS",
              "default_state": "open",
              "show_border": true
            }
          },
          "1588797332290": {
            "type": "filters",
            "settings": {
              "title": "SHOP BY TYPE",
              "default_state": "open",
              "show_border": true,
              "type": "types",
              "items": "Dress | Jumpsuits & Rompers",
              "show_all_from_collection": false,
              "direction": "columns",
              "max_column_size": 0,
              "columns": "1",
              "for_collections": ""
            }
          },
          "collection-sidebar-2": {
            "type": "filters",
            "settings": {
              "title": "SHOP BY STYLE",
              "default_state": "open",
              "show_border": true,
              "type": "tags",
              "items": "Sheath & Slim | Fit & Flare | Maxi | Shift | Shirtdress | Wrap | Midi | Sweater",
              "show_all_from_collection": false,
              "direction": "columns",
              "max_column_size": 0,
              "columns": "1",
              "for_collections": ""
            }
          },
          "1588797436728": {
            "type": "filters",
            "settings": {
              "title": "SIZE",
              "default_state": "open",
              "show_border": true,
              "type": "tags",
              "items": "XS | S | M | L | XL | 0 | 1 | 2 | 3 | 4 | 6 | 8 | 10 | 12 | 14 | 16 | 18 |",
              "show_all_from_collection": false,
              "direction": "columns",
              "max_column_size": 9,
              "columns": "2",
              "for_collections": ""
            }
          },
          "1588797472338": {
            "type": "filters",
            "settings": {
              "title": "COLOR",
              "default_state": "open",
              "show_border": true,
              "type": "colors",
              "items": "Neon Yellow | Scottsdale Blue | Flag Sailboat Print | Martin Red | Midnight | Powder Blue | Rl Navy | Navy | Grey\/cream Houndstooth | Jade | Portuguese Blue | Red\/White | Navy\/white | Indigo | Leslie Wash",
              "show_all_from_collection": false,
              "direction": "rows",
              "max_column_size": 7,
              "columns": "2",
              "for_collections": ""
            }
          },
          "1588797501432": {
            "type": "filters",
            "settings": {
              "title": "BRAND",
              "default_state": "open",
              "show_border": true,
              "type": "vendors",
              "items": "Polo Ralph Lauren | Pink Pony | Ralph Lauren Collection | Double RL | Lauren | Lauren Petite |",
              "show_all_from_collection": false,
              "direction": "columns",
              "max_column_size": 0,
              "columns": "1",
              "for_collections": ""
            }
          },
          "1588797522520": {
            "type": "filter_by_price",
            "settings": {
              "title": "PRICE",
              "default_state": "open",
              "show_border": true,
              "min_value": "0",
              "max_value": "3600",
              "step": "100"
            }
          }
        },
        "block_order": [
          "collection-sidebar-0",
          "1588797332290",
          "collection-sidebar-2",
          "1588797436728",
          "1588797472338",
          "1588797501432",
          "1588797522520"
        ],
        "settings": {
          "hide_blocks_without_filters": false
        }
      },
      "collection-body": {
        "type": "collection-body",
        "settings": {
          "show_sort_by": true,
          "show_info": true,
          "show_view_length": true,
          "enable_view_length_6": true,
          "enable_view_length_12": true,
          "enable_view_length_18": true,
          "enable_view_length_24": true,
          "enable_view_length_48": false,
          "default_view_length": "12",
          "show_view_grid": true,
          "show_view_grid_1": true,
          "show_view_grid_2": true,
          "show_view_grid_3": true,
          "show_view_grid_4": true,
          "show_view_grid_list": true,
          "default_view_grid_xl": "3",
          "default_view_grid_lg": "3",
          "default_view_grid_md": "3",
          "default_view_grid_sm": "2",
          "default_view_grid_xs": "2",
          "enable_grid_tooltip": true
        }
      },
      "list-collections": {
        "type": "list-collections",
        "settings": {
          "size_of_columns": "3",
          "type": "list-collections-1",
          "masonry_enable": false,
          "height": "auto",
          "image_size": 900,
          "format_pjpg": true,
          "animation_to": "none",
          "animation_from": "none",
          "animation_opacity": "none"
        }
      },
      "blog-body": {
        "type": "blog-body",
        "settings": {
          "show_title": false,
          "type": "1",
          "masonry_enable": true,
          "max_posts": 12,
          "show_image": true,
          "show_information": true,
          "show_tags": true,
          "show_content": true,
          "show_button": true,
          "show_comments": true,
          "show_empty_comments": true,
          "max_post_content_length": 100
        }
      },
      "article-body": {
        "type": "article-body",
        "settings": {
          "show_information": true,
          "show_image": true,
          "show_content": true,
          "show_tags": true,
          "show_navigation": true,
          "show_comments": true,
          "autoplay": true,
          "speed": 5,
          "infinite": true
        }
      }
    },
    "content_for_index": [
      "1588708359953",
      "1588711159483",
      "1588711170819",
      "1588711813394",
      "1588711829530",
      "1588712832928",
      "1588712983386",
      "1588712991852"
    ]
  }
}