{
  "current": {
    "purchase_code": "",
    "presentation_enable": true,
    "logo_types": "svg",
    "logo_svg_file": "svg-logo-computers",
    "logo_image": "",
    "logo_width": 86,
    "logo_mobile_svg_file": "svg-logo-mobile",
    "logo_mobile_image": "",
    "logo_mobile_width": 34,
    "logo_sticky_svg_file": "",
    "logo_sticky_image": "",
    "logo_sticky_width": 34,
    "logo_footer_svg_file": "svg-logo-computers",
    "logo_footer_image": "",
    "logo_footer_width": 66,
    "logo_footer_mobile_svg_file": "",
    "logo_footer_mobile_image": "",
    "logo_footer_mobile_width": 64,
    "favicon": "shopify:\/\/shop_images\/favicon.png",
    "layout_container": "fullwidth",
    "layout_show_breadcrumbs": true,
    "layout_pagination_type": "button_load_more",
    "layout_enable_rtl": false,
    "layout_images_lazyload": true,
    "layout_settings_file": "skin-9",
    "color_skin": "skin-9",
    "color_theme": "",
    "color_theme2": "",
    "color_theme3": "",
    "color_theme4": "",
    "color_theme5": "",
    "color_theme6": "",
    "color_theme7": "",
    "color_theme8": "",
    "color_theme9": "",
    "color_theme10": "",
    "color_theme11": "",
    "color_theme_primary": "",
    "color_theme_body": "",
    "color_theme_c": "",
    "color_theme_paragraph_c": "",
    "color_theme_head_c": "",
    "color_theme_link_c": "",
    "color_theme_link_act_c": "",
    "typography_skin": "skin-9",
    "font_base": "futura_n4",
    "font_base_apply_to_all": true,
    "font_base_type": "bold",
    "font_size_body": 13,
    "font_heading": "futura_n7",
    "font_heading_type": "none",
    "font_size_h1": 36,
    "font_size_h2": 32,
    "font_size_h3": 24,
    "font_size_h4": 18,
    "font_size_h5": 15,
    "font_size_h6": 13,
    "font_button": "basic_commercial_n4",
    "font_size_button": 13,
    "font_size_input": 13,
    "font_menu": "basic_commercial_n4",
    "font_size_menu": 13,
    "font_size_menu_list": 13,
    "font_size_menu_title": 15,
    "font_size_menu_mobile": 15,
    "font_load_alternative": false,
    "font_alternative": "basic_commercial_n4",
    "font_alternative_type": "none",
    "collection_show_sidebar": "hide",
    "collection_sidebar_position": "left",
    "collection_enable_sticky": true,
    "collection_tag_filters_logic": "and",
    "collection_only_available": false,
    "collection_enable_fullwidth_head_section": false,
    "collection_enable_product_carousel_section": false,
    "collection_builder_mode": "",
    "product_format_pjpg": true,
    "product_show_review_loading": false,
    "product_button_addtocart_size": "default",
    "product_cursor": "",
    "product_show_custom_options": true,
    "product_enable_variants_section": false,
    "product_hide_options_without_availability_variants": true,
    "product_variant_auto_select": "enable",
    "product_auto_selected_options": "",
    "product_variant_change_on_hover": false,
    "product_options_listing_visibility": "all",
    "product_options_type_circle_color": "Color|Colour",
    "product_options_type_circle_image": "",
    "product_options_type_square_color": "",
    "product_options_type_square_image": "",
    "product_options_type_select": "",
    "product_options_type_large_text": "",
    "product_collection_image_height_percent": 100,
    "product_collection_image_size": "auto",
    "product_collection_image_border_radius": 0,
    "product_replace_images_hover": true,
    "product_collection_show_label_in_stock": false,
    "product_collection_show_label_out_stock": true,
    "product_collection_show_label_sale": true,
    "product_collection_show_label_new": true,
    "product_collection_show_label_hot": true,
    "product_collection_centered_info": false,
    "product_collection_more_info_type": "hide",
    "product_collection_show_title": true,
    "product_collection_show_price": true,
    "product_collection_show_button_quick_view": true,
    "product_collection_show_countdown": true,
    "product_collection_show_images_navigation": true,
    "product_collection_show_options": true,
    "product_collection_show_quantity": false,
    "product_collection_show_button_add_to_cart": true,
    "product_collection_show_button_add_to_wishlist": true,
    "product_collection_show_button_add_to_compare": true,
    "product_collection_show_reviews": false,
    "product_collection_hide_reviews_counter": true,
    "product_collection_hide_reviews_mobile_counter": true,
    "product_collection_hide_empty_reviews": true,
    "product_collection_show_sku": true,
    "product_collection_show_barcode": false,
    "product_collection_show_availability": true,
    "product_collection_show_type": true,
    "product_collection_show_vendor": true,
    "product_collection_show_description": true,
    "product_info_layout": "1",
    "product_info_show_arrows": true,
    "product_info_show_btn_fullscreen": true,
    "product_info_show_btn_video": true,
    "product_info_video_autoplay": true,
    "product_info_enable_zoom": true,
    "product_info_gallery_height_percent": 128,
    "product_info_show_label_in_stock": true,
    "product_info_show_label_out_stock": true,
    "product_info_show_label_sale": true,
    "product_info_show_label_new": true,
    "product_info_show_label_hot": true,
    "product_info_show_collections": false,
    "product_info_show_title": true,
    "product_info_show_price": true,
    "product_info_show_sale_details": true,
    "product_info_show_taxes": false,
    "product_info_show_sku": true,
    "product_info_show_barcode": true,
    "product_info_show_availability": false,
    "product_info_show_type": true,
    "product_info_show_vendor": true,
    "product_info_show_reviews": true,
    "product_info_hide_reviews_counter": false,
    "product_info_hide_empty_reviews": true,
    "product_info_show_countdown": true,
    "product_info_show_options": true,
    "product_info_show_quantity": true,
    "product_info_show_notes": false,
    "product_info_show_size_guide": true,
    "product_info_size_guide_page_content": "",
    "product_info_show_delivery_return": true,
    "product_info_delivery_return_page_content": "",
    "product_info_button_layout": "1",
    "product_info_show_button_add_to_cart": true,
    "product_info_show_button_add_to_wishlist": true,
    "product_info_show_button_add_to_compare": true,
    "product_info_show_payments": true,
    "product_info_payments_type": "dark",
    "product_info_page_enable_sticky_gallery": true,
    "product_info_page_show_button_dynamic_checkout": true,
    "product_info_page_show_dynamic_checkout_confirmation": true,
    "product_info_page_styled_dynamic_checkout": true,
    "product_info_page_show_related_products": true,
    "product_info_page_show_usage_info_sidebar": true,
    "product_info_page_sidebar": "off",
    "product_info_page_enable_sticky_sidebar": true,
    "product_footbar_enable": true,
    "product_footbar_show_title": true,
    "product_footbar_show_price": true,
    "product_footbar_show_reviews": true,
    "product_footbar_show_options": true,
    "product_footbar_show_quantity": true,
    "product_footbar_show_button_add_to_cart": true,
    "product_info_quick_show_full_details": true,
    "product_info_show_stock_countdown": false,
    "product_info_show_stock_countdown_range": true,
    "product_stock_countdown_min": 10,
    "product_info_show_text_countdown": true,
    "product_text_countdown_reset_time": 2,
    "product_text_countdown_delivery_time": 3,
    "product_text_countdown_delivery_format": "Day DD\/MM\/YYYY",
    "product_text_countdown_delivery_excludes": "Saturday, Sunday",
    "product_info_show_visitors": true,
    "product_visitors_min": 10,
    "product_visitors_max": 25,
    "product_visitors_stroke": 4,
    "product_visitors_interval_min": 2,
    "product_visitors_interval_max": 6,
    "search_show": true,
    "search_show_only_products": false,
    "search_ajax": true,
    "price_show_sale_separator": false,
    "show_multiple_currencies": true,
    "currency_format": "money_with_currency_format",
    "supported_currencies": "USD EUR GBP",
    "supported_currencies_short_names": "US($)|UE(€)|BP(£)",
    "supported_currencies_full_names": "USD - US Dollar|EUR - Euro|GBP - British Pound",
    "default_currency": "USD",
    "cart_show_header_button": true,
    "cart_popup_enable": true,
    "cart_ajax": true,
    "cart_icon": "icon-theme-117",
    "cart_show_vendor": false,
    "cart_show_notes": true,
    "cart_show_free_shipping": false,
    "cart_free_shipping_value": "20000",
    "shipping_calculator": "Enabled",
    "shipping_calculator_default_country": "United States",
    "wishlist_enable": true,
    "compare_enable": true,
    "compare_show_description": true,
    "compare_show_collection": true,
    "compare_show_availability": true,
    "compare_show_product_type": true,
    "compare_show_vendor": true,
    "compare_show_sku": true,
    "compare_show_barcode": true,
    "compare_show_options": true,
    "compare_description_max_size": 100,
    "payment_footer_sequence": "1,2,3,4,5,6,7,8,9",
    "payment_product_sequence": "10,11,12,1,2,3,4,5,6,7,8,9",
    "payment_icon_1_show": true,
    "payment_icon_1_code": "",
    "payment_icon_1_image": "",
    "payment_icon_1_url": "",
    "payment_icon_1_tooltip": "",
    "payment_icon_2_show": true,
    "payment_icon_2_code": "",
    "payment_icon_2_image": "",
    "payment_icon_2_url": "",
    "payment_icon_2_tooltip": "",
    "payment_icon_3_show": true,
    "payment_icon_3_code": "",
    "payment_icon_3_image": "",
    "payment_icon_3_url": "",
    "payment_icon_3_tooltip": "",
    "payment_icon_4_show": true,
    "payment_icon_4_code": "",
    "payment_icon_4_image": "",
    "payment_icon_4_url": "",
    "payment_icon_4_tooltip": "",
    "payment_icon_5_show": true,
    "payment_icon_5_code": "",
    "payment_icon_5_image": "",
    "payment_icon_5_url": "",
    "payment_icon_5_tooltip": "",
    "payment_icon_6_show": true,
    "payment_icon_6_code": "",
    "payment_icon_6_image": "",
    "payment_icon_6_url": "",
    "payment_icon_6_tooltip": "",
    "payment_icon_7_show": true,
    "payment_icon_7_code": "",
    "payment_icon_7_image": "",
    "payment_icon_7_url": "",
    "payment_icon_7_tooltip": "",
    "payment_icon_8_show": true,
    "payment_icon_8_code": "",
    "payment_icon_8_image": "",
    "payment_icon_8_url": "",
    "payment_icon_8_tooltip": "",
    "payment_icon_9_show": true,
    "payment_icon_9_code": "",
    "payment_icon_9_image": "",
    "payment_icon_9_url": "",
    "payment_icon_9_tooltip": "",
    "payment_icon_10_show": true,
    "payment_icon_10_code": "",
    "payment_icon_10_image": "",
    "payment_icon_10_url": "",
    "payment_icon_10_tooltip": "",
    "payment_icon_11_show": true,
    "payment_icon_11_code": "",
    "payment_icon_11_image": "",
    "payment_icon_11_url": "",
    "payment_icon_11_tooltip": "",
    "payment_icon_12_show": true,
    "payment_icon_12_code": "",
    "payment_icon_12_image": "",
    "payment_icon_12_url": "",
    "payment_icon_12_tooltip": "",
    "social_share_image": "",
    "social_facebook": "https:\/\/www.facebook.com\/",
    "social_twitter": "https:\/\/twitter.com\/",
    "social_instagram": "https:\/\/www.instagram.com\/",
    "social_pinterest": "https:\/\/www.pinterest.com\/",
    "social_youtube": "https:\/\/www.youtube.com\/",
    "social_behance": "https:\/\/www.behance.net\/",
    "social_skype": "https:\/\/www.skype.com\/",
    "subscription_method": "shopify",
    "subscription_mailchimp_form_action": "\/\/myshopify.us18.list-manage.com\/subscribe\/post?u=8a50b61e56896303a04d0243e&amp;id=3c3d06b907",
    "subscription_popup_enable": true,
    "subscription_popup_layout": "4",
    "subscription_popup_show_icon": true,
    "subscription_popup_text_line_01": "ULTIMATE SALE",
    "subscription_popup_text_line_02": "20%Off",
    "subscription_popup_text_line_03": "Limited time offer!",
    "subscription_popup_text_line_04": "",
    "subscription_popup_show_form": false,
    "subscription_popup_text_input_placeholder": "Enter Please Your Email Address",
    "subscription_popup_text_submit_button_text": "SUBSCRIBE!",
    "subscription_popup_text_button": "SHOP NOW!",
    "subscription_popup_text_dont_show_again": "",
    "subscription_popup_text_close": "",
    "subscription_popup_image": "",
    "subscription_popup_image_width": 600,
    "subscription_popup_image_format_pjpg": true,
    "subscription_popup_insert_image": "",
    "subscription_popup_insert_image_width": 200,
    "subscription_popup_insert_image_format_pjpg": false,
    "subscription_popup_link": "shopify:\/\/collections\/computers",
    "subscription_popup_show_once": "true",
    "subscription_popup_delay": 8,
    "subscription_popup_cookies_life": "1",
    "subscription_confirmation_popup_enable": true,
    "subscription_confirmation_popup_success_message": "Thanks for subscribing!",
    "subscription_confirmation_popup_success_button": "Continue shopping",
    "blog_show_sidebar": "hide",
    "blog_sidebar_position": "right",
    "blog_enable_sticky": true,
    "article_show_sidebar": "hide",
    "article_sidebar_position": "right",
    "article_enable_sticky": true,
    "account_show_header_button": true,
    "account_popup_enable": true,
    "account_popup_sign_up_info_page_content": "",
    "account_popup_show_subscription": true,
    "account_page_sing_up_page_content": "",
    "services_show_header_button": true,
    "services_popup_enable": true,
    "services_popup_page_content": "",
    "javascript_loader_jquery_first": false,
    "app_language": "links_list",
    "app_language_link_list": "language-menu",
    "button_border_radius": 0,
    "input_border_radius": 0,
    "promobox_image_border_radius": 0,
    "promobox_format_pjpg": true,
    "notification_cookies_enable": true,
    "notification_cookies_button_information_link": "",
    "notification_cookies_delay": 0,
    "notification_cookies_show_once": true,
    "notification_cookies_cookies_life": "1",
    "notification_products_enable": true,
    "notification_products_collection": "",
    "notification_products_range_min": 2,
    "notification_products_range_max": 20,
    "notification_products_delay": 8,
    "notification_products_interval_min": 10,
    "notification_products_interval_max": 18,
    "notification_products_time_life": 14,
    "layout_enable_preloader": false,
    "layout_preloader_image": "",
    "layout_preloader_image_size": 100,
    "layout_preloader_opacity": 0.8,
    "promobox_animation_duration": 0.5,
    "tooltips_enable": false,
    "tooltips_animation_type": "scale",
    "header_animation_sticky_opacity": 1,
    "header_tape_animation_duration": 0.3,
    "product_hover_animation_type": "fade",
    "buttons_animation_icon_enable": true,
    "dev_enable_custom_css": false,
    "dev_enable_custom_js": false,
    "dev_enable_content_for_header": true,
    "checkout_header_image": "",
    "checkout_logo_image": "",
    "checkout_logo_position": "left",
    "checkout_logo_size": "medium",
    "checkout_body_background_image": "",
    "checkout_body_background_color": "#fff",
    "checkout_input_background_color_mode": "white",
    "checkout_sidebar_background_image": "",
    "checkout_sidebar_background_color": "#fafafa",
    "checkout_heading_font": "-apple-system, BlinkMacSystemFont, 'Segoe UI', Roboto, Helvetica, Arial, sans-serif, 'Apple Color Emoji', 'Segoe UI Emoji', 'Segoe UI Symbol'",
    "checkout_body_font": "-apple-system, BlinkMacSystemFont, 'Segoe UI', Roboto, Helvetica, Arial, sans-serif, 'Apple Color Emoji', 'Segoe UI Emoji', 'Segoe UI Symbol'",
    "checkout_accent_color": "#197bbd",
    "checkout_button_color": "#197bbd",
    "checkout_error_color": "#e32c2b",
    "sections": {
      "header": {
        "type": "header",
        "blocks": {
          "1592325246691": {
            "type": "icon",
            "settings": {
              "for_vertical": true,
              "for_item_1": "Laptops",
              "icon_1": "icon-theme-308",
              "for_item_2": "Tablets",
              "icon_2": "icon-theme-309",
              "for_item_3": "Graphics cards",
              "icon_3": "icon-theme-310",
              "for_item_4": "Monitors",
              "icon_4": "icon-theme-311",
              "for_item_5": "Computers",
              "icon_5": "icon-theme-312",
              "for_item_6": "Processors",
              "icon_6": "icon-theme-313",
              "for_item_7": "Memory",
              "icon_7": "icon-theme-314",
              "for_item_8": "Printers",
              "icon_8": "icon-theme-315",
              "for_item_9": "Motherboards",
              "icon_9": "icon-theme-316",
              "for_item_10": "Mice",
              "icon_10": "icon-theme-317",
              "for_item_11": "Keyboards",
              "icon_11": "icon-theme-318",
              "for_item_12": "Routers",
              "icon_12": "icon-theme-319",
              "for_item_13": "",
              "icon_13": "",
              "for_item_14": "",
              "icon_14": "",
              "for_item_15": "",
              "icon_15": "",
              "for_item_16": "",
              "icon_16": "",
              "for_item_17": "",
              "icon_17": "",
              "for_item_18": "",
              "icon_18": "",
              "for_item_19": "",
              "icon_19": "",
              "for_item_20": "",
              "icon_20": ""
            }
          },
          "1592493513576": {
            "type": "megamenu",
            "settings": {
              "for_item": "Laptops",
              "grid": 3,
              "second_level_column": false,
              "second_level_column_size": 20,
              "wrap": false,
              "wrapper_grid": 12,
              "column_left_type": "none",
              "column_left_size": 0,
              "column_right_type": "2",
              "column_right_size": 7,
              "enable_width_limit": false,
              "width_limit": 630
            }
          },
          "1592493851601": {
            "type": "megamenu_promobox",
            "settings": {
              "title": "",
              "url": "shopify:\/\/collections\/computers",
              "image": "shopify:\/\/shop_images\/megamenu-1.jpg",
              "image_size": 1450,
              "color_image_mask": "",
              "image_mask_opacity": 0.5,
              "text_line_1": "SALE & SPECIAL OFFERS",
              "text_line_2": "Get up to 20% off",
              "text_line_3": "Text line #3",
              "style": "5",
              "button_1": "Button #1 text",
              "button_1_url": "",
              "color_button_type_1": "default",
              "button_2": "Button #2 text",
              "button_2_url": "",
              "color_button_type_2": "default",
              "list_1": "",
              "custom_html": "",
              "type": "type-3",
              "content_position": "center",
              "content_align": "center",
              "animation_to": "none",
              "animation_from": "none",
              "animation_opacity": "none",
              "customization_class": "promobox--modification-2"
            }
          },
          "1592493856281": {
            "type": "megamenu_promobox",
            "settings": {
              "title": "",
              "url": "shopify:\/\/collections\/monitors",
              "image": "shopify:\/\/shop_images\/megamenu-2.jpg",
              "image_size": 1450,
              "color_image_mask": "",
              "image_mask_opacity": 0.5,
              "text_line_1": "SALE & SPECIAL OFFERS",
              "text_line_2": "Get up to 20% off",
              "text_line_3": "Text line #3",
              "style": "5",
              "button_1": "Button #1 text",
              "button_1_url": "",
              "color_button_type_1": "default",
              "button_2": "Button #2 text",
              "button_2_url": "",
              "color_button_type_2": "default",
              "list_1": "",
              "custom_html": "",
              "type": "type-3",
              "content_position": "center",
              "content_align": "center",
              "animation_to": "none",
              "animation_from": "none",
              "animation_opacity": "none",
              "customization_class": "promobox--modification-2"
            }
          }
        },
        "block_order": [
          "1592325246691",
          "1592493513576",
          "1592493851601",
          "1592493856281"
        ],
        "settings": {
          "type": "5",
          "style": "3",
          "menu": "header-menu",
          "show_menu_arrows": true,
          "show_menu_hover_underline": false,
          "vertical_menu": "categories",
          "fixed_vertical_menu": true,
          "additional_line_info_page_content": "",
          "sticky": "desktop_and_mobile",
          "desktop_sticky_type": "slim"
        }
      },
      "footer": {
        "type": "footer",
        "blocks": {
          "1591569546679": {
            "type": "custom_html",
            "settings": {
              "title": "Here to help",
              "show_title_on_desktop": false,
              "page_content": "include-footer-custom-html-4"
            }
          },
          "1591569552786": {
            "type": "menu",
            "settings": {
              "title": "",
              "show_title_on_desktop": true,
              "menu": "shop-1",
              "size": 0,
              "rows_limit": 0
            }
          },
          "1591569558912": {
            "type": "menu",
            "settings": {
              "title": "",
              "show_title_on_desktop": true,
              "menu": "information",
              "size": 0,
              "rows_limit": 0
            }
          },
          "1591569566206": {
            "type": "menu",
            "settings": {
              "title": "",
              "show_title_on_desktop": true,
              "menu": "order",
              "size": 0,
              "rows_limit": 0
            }
          },
          "1591569571566": {
            "type": "copyright",
            "settings": {
              "page_content": ""
            }
          },
          "1592342561623": {
            "type": "social_media",
            "settings": {
              "title": "Follow us",
              "show_facebook": true,
              "show_twitter": true,
              "show_instagram": true,
              "show_pinterest": true,
              "show_youtube": true,
              "show_behance": false,
              "show_skype": false
            }
          }
        },
        "block_order": [
          "1591569546679",
          "1591569552786",
          "1591569558912",
          "1591569566206",
          "1591569571566",
          "1592342561623"
        ],
        "settings": {
          "type": "6",
          "style": "1",
          "show_logo": true,
          "show_button_back_to_top": true,
          "enable_fixed": true
        }
      },
      "1591569600202": {
        "type": "home-builder",
        "blocks": {
          "1591569605478": {
            "type": "vertical_menu_spacer",
            "settings": {
              "menu": ""
            }
          },
          "1591569609086": {
            "type": "slick_slider",
            "settings": {
              "height": "auto",
              "min_height": 400,
              "size_of_column": "auto",
              "arrows": false,
              "bullets": true,
              "speed": 7
            }
          },
          "1591569618606": {
            "type": "slick_slide",
            "settings": {
              "url": "shopify:\/\/products\/apple-macbook-air-13-3-laptop-with-touch-id-intel-core-i5-8gb-memory-128gb-solid-state-drive-latest-model-gold",
              "image": "shopify:\/\/shop_images\/1.jpg",
              "image_size": 900,
              "image_mobile": "",
              "image_mobile_size": 550,
              "image_position_x": 50,
              "color_image_mask": "",
              "image_mask_opacity": 0.5,
              "text_line_1": "",
              "text_line_2": "Pretty. <br>Freaking powerful",
              "text_line_3": "",
              "style": "2",
              "button_1": "DISCOVER MORE",
              "button_1_url": "",
              "color_button_type_1": "invert",
              "button_2": "Button #2 text",
              "button_2_url": "",
              "color_button_type_2": "default",
              "custom_html": "",
              "video_external_url": "",
              "video_mp4_url": "",
              "video_autoplay": true,
              "video_controls": false,
              "type": "type-1-13",
              "content_position": "center_left",
              "content_align": "left",
              "content_width": 100,
              "animation_text": "translate-bottom",
              "customization_class": "promobox--modification-1"
            }
          },
          "1591569624319": {
            "type": "slick_slide",
            "settings": {
              "url": "shopify:\/\/products\/copy-of-apple-macbook-air-13-3-gold",
              "image": "shopify:\/\/shop_images\/2.jpg",
              "image_size": 900,
              "image_mobile": "",
              "image_mobile_size": 550,
              "image_position_x": 50,
              "color_image_mask": "",
              "image_mask_opacity": 0.5,
              "text_line_1": "",
              "text_line_2": "Power to <br>change everything.",
              "text_line_3": "",
              "style": "5",
              "button_1": "DISCOVER MORE",
              "button_1_url": "",
              "color_button_type_1": "default",
              "button_2": "Button #2 text",
              "button_2_url": "",
              "color_button_type_2": "default",
              "custom_html": "",
              "video_external_url": "",
              "video_mp4_url": "",
              "video_autoplay": true,
              "video_controls": false,
              "type": "type-1-13",
              "content_position": "center_left",
              "content_align": "left",
              "content_width": 100,
              "animation_text": "translate-top",
              "customization_class": "promobox--modification-1"
            }
          },
          "1591569626568": {
            "type": "slick_slide",
            "settings": {
              "url": "shopify:\/\/products\/copy-of-corsair-liquid-cooling-system",
              "image": "shopify:\/\/shop_images\/3.jpg",
              "image_size": 900,
              "image_mobile": "",
              "image_mobile_size": 550,
              "image_position_x": 50,
              "color_image_mask": "",
              "image_mask_opacity": 0.5,
              "text_line_1": "",
              "text_line_2": "Pro Display <br>XDR",
              "text_line_3": "",
              "style": "5",
              "button_1": "DISCOVER MORE",
              "button_1_url": "",
              "color_button_type_1": "default",
              "button_2": "Button #2 text",
              "button_2_url": "",
              "color_button_type_2": "default",
              "custom_html": "",
              "video_external_url": "",
              "video_mp4_url": "",
              "video_autoplay": true,
              "video_controls": false,
              "type": "type-1-13",
              "content_position": "center_left",
              "content_align": "left",
              "content_width": 100,
              "animation_text": "translate-bottom",
              "customization_class": "promobox--modification-1"
            }
          }
        },
        "block_order": [
          "1591569605478",
          "1591569609086",
          "1591569618606",
          "1591569624319",
          "1591569626568"
        ],
        "settings": {
          "title": "",
          "container": "boxed",
          "size_of_columns": "1",
          "margins_for_columns": "none",
          "align_of_columns": "top_center",
          "disable_column_paddings": false,
          "precedence": "",
          "customization_class": ""
        }
      },
      "1591569669506": {
        "type": "spacer",
        "settings": {
          "margin_top": 30,
          "margin_bottom": 0,
          "margin_top_mobile": 10,
          "margin_bottom_mobile": 0,
          "container": "boxed",
          "show_separator": false
        }
      },
      "1591569702312": {
        "type": "spacer",
        "settings": {
          "margin_top": 60,
          "margin_bottom": 0,
          "margin_top_mobile": 10,
          "margin_bottom_mobile": 0,
          "container": "boxed",
          "show_separator": false
        }
      },
      "1591569725376": {
        "type": "home-builder",
        "blocks": {
          "1591569735064": {
            "type": "promobox",
            "settings": {
              "url": "shopify:\/\/products\/copy-of-corsair-desktop-memory-kit",
              "image": "shopify:\/\/shop_images\/6.jpg",
              "image_size": 1450,
              "image_mobile": "",
              "image_mobile_size": 550,
              "image_position_x": 50,
              "color_image_mask": "",
              "image_mask_opacity": 0.5,
              "text_line_1": "MACBOOK AIR",
              "text_line_2": "Power to change everything.",
              "text_line_3": "Text line #3",
              "style": "3",
              "button_1": "",
              "button_1_url": "",
              "color_button_type_1": "default",
              "button_2": "Button #2 text",
              "button_2_url": "",
              "color_button_type_2": "default",
              "list_1": "",
              "custom_html": "",
              "video_external_url": "",
              "video_mp4_url": "",
              "video_autoplay": true,
              "video_controls": false,
              "type": "type-2-8",
              "content_position": "center",
              "content_align": "center",
              "content_width": 100,
              "height": "auto",
              "min_height": 0,
              "size_of_column": "8",
              "visible": "desktop_mobile",
              "parallax": "disable",
              "animation_to": "none",
              "animation_from": "none",
              "animation_opacity": "none",
              "animation_text": "none",
              "customization_class": ""
            }
          },
          "1591569753003": {
            "type": "promobox",
            "settings": {
              "url": "shopify:\/\/collections\/computers",
              "image": "shopify:\/\/shop_images\/7.jpg",
              "image_size": 1450,
              "image_mobile": "",
              "image_mobile_size": 550,
              "image_position_x": 50,
              "color_image_mask": "",
              "image_mask_opacity": 0.5,
              "text_line_1": "SALE & SPECIAL OFFERS",
              "text_line_2": "Get up to 20% off",
              "text_line_3": "Text line #3",
              "style": "3",
              "button_1": "",
              "button_1_url": "",
              "color_button_type_1": "default",
              "button_2": "Button #2 text",
              "button_2_url": "",
              "color_button_type_2": "default",
              "list_1": "",
              "custom_html": "",
              "video_external_url": "",
              "video_mp4_url": "",
              "video_autoplay": true,
              "video_controls": false,
              "type": "type-2-8",
              "content_position": "center",
              "content_align": "center",
              "content_width": 100,
              "height": "auto",
              "min_height": 0,
              "size_of_column": "4",
              "visible": "desktop_mobile",
              "parallax": "disable",
              "animation_to": "none",
              "animation_from": "none",
              "animation_opacity": "none",
              "animation_text": "none",
              "customization_class": ""
            }
          }
        },
        "block_order": [
          "1591569735064",
          "1591569753003"
        ],
        "settings": {
          "title": "",
          "container": "boxed",
          "size_of_columns": "1",
          "margins_for_columns": "preset_4",
          "align_of_columns": "top_center",
          "disable_column_paddings": false,
          "precedence": "",
          "customization_class": ""
        }
      },
      "1591569846449": {
        "type": "home-builder",
        "blocks": {
          "1591569852409": {
            "type": "promobox",
            "settings": {
              "url": "shopify:\/\/collections\/featured-products",
              "image": "shopify:\/\/shop_images\/8.jpg",
              "image_size": 1450,
              "image_mobile": "",
              "image_mobile_size": 550,
              "image_position_x": 50,
              "color_image_mask": "",
              "image_mask_opacity": 0.5,
              "text_line_1": "MAC PRO",
              "text_line_2": "Power to change everything.",
              "text_line_3": "Text line #3",
              "style": "3",
              "button_1": "",
              "button_1_url": "",
              "color_button_type_1": "default",
              "button_2": "Button #2 text",
              "button_2_url": "",
              "color_button_type_2": "default",
              "list_1": "",
              "custom_html": "",
              "video_external_url": "",
              "video_mp4_url": "",
              "video_autoplay": true,
              "video_controls": false,
              "type": "type-2-8",
              "content_position": "center",
              "content_align": "center",
              "content_width": 100,
              "height": "auto",
              "min_height": 0,
              "size_of_column": "auto",
              "visible": "desktop_mobile",
              "parallax": "disable",
              "animation_to": "none",
              "animation_from": "none",
              "animation_opacity": "none",
              "animation_text": "none",
              "customization_class": ""
            }
          },
          "1591569854405": {
            "type": "promobox",
            "settings": {
              "url": "shopify:\/\/collections\/graphics-cards",
              "image": "shopify:\/\/shop_images\/9.jpg",
              "image_size": 1450,
              "image_mobile": "",
              "image_mobile_size": 550,
              "image_position_x": 50,
              "color_image_mask": "",
              "image_mask_opacity": 0.5,
              "text_line_1": "WATCH SERIES 4",
              "text_line_2": "Change starts within.",
              "text_line_3": "Text line #3",
              "style": "3",
              "button_1": "",
              "button_1_url": "",
              "color_button_type_1": "default",
              "button_2": "Button #2 text",
              "button_2_url": "",
              "color_button_type_2": "default",
              "list_1": "",
              "custom_html": "",
              "video_external_url": "",
              "video_mp4_url": "",
              "video_autoplay": true,
              "video_controls": false,
              "type": "type-2-8",
              "content_position": "center",
              "content_align": "center",
              "content_width": 100,
              "height": "auto",
              "min_height": 0,
              "size_of_column": "auto",
              "visible": "desktop_mobile",
              "parallax": "disable",
              "animation_to": "none",
              "animation_from": "none",
              "animation_opacity": "none",
              "animation_text": "none",
              "customization_class": ""
            }
          },
          "1591569856466": {
            "type": "promobox",
            "settings": {
              "url": "shopify:\/\/collections\/keyboards",
              "image": "shopify:\/\/shop_images\/10.jpg",
              "image_size": 1450,
              "image_mobile": "",
              "image_mobile_size": 550,
              "image_position_x": 50,
              "color_image_mask": "",
              "image_mask_opacity": 0.5,
              "text_line_1": "IPAD",
              "text_line_2": "Like a computer. Unlike any computer.",
              "text_line_3": "Text line #3",
              "style": "3",
              "button_1": "",
              "button_1_url": "",
              "color_button_type_1": "default",
              "button_2": "Button #2 text",
              "button_2_url": "",
              "color_button_type_2": "default",
              "list_1": "",
              "custom_html": "",
              "video_external_url": "",
              "video_mp4_url": "",
              "video_autoplay": true,
              "video_controls": false,
              "type": "type-2-8",
              "content_position": "center",
              "content_align": "center",
              "content_width": 100,
              "height": "auto",
              "min_height": 0,
              "size_of_column": "auto",
              "visible": "desktop_mobile",
              "parallax": "disable",
              "animation_to": "none",
              "animation_from": "none",
              "animation_opacity": "none",
              "animation_text": "none",
              "customization_class": ""
            }
          }
        },
        "block_order": [
          "1591569852409",
          "1591569854405",
          "1591569856466"
        ],
        "settings": {
          "title": "",
          "container": "boxed",
          "size_of_columns": "3",
          "margins_for_columns": "preset_4",
          "align_of_columns": "top_center",
          "disable_column_paddings": false,
          "precedence": "",
          "customization_class": ""
        }
      },
      "1591569881777": {
        "type": "spacer",
        "settings": {
          "margin_top": 30,
          "margin_bottom": 0,
          "margin_top_mobile": 0,
          "margin_bottom_mobile": 0,
          "container": "boxed",
          "show_separator": false
        }
      },
      "1591569894600": {
        "type": "sorting-collections",
        "blocks": {
          "1591569906331": {
            "type": "collection",
            "settings": {
              "title": "",
              "collection": "new-products"
            }
          },
          "1591569915417": {
            "type": "collection",
            "settings": {
              "title": "",
              "collection": "special-products"
            }
          },
          "1591569926752": {
            "type": "collection",
            "settings": {
              "title": "",
              "collection": "featured-products"
            }
          }
        },
        "block_order": [
          "1591569906331",
          "1591569915417",
          "1591569926752"
        ],
        "settings": {
          "size_of_columns": "4",
          "max_count": 8
        }
      },
      "1591569953321": {
        "type": "home-builder",
        "blocks": {
          "1591570037857": {
            "type": "promobox",
            "settings": {
              "url": "shopify:\/\/collections\/laptops",
              "image": "shopify:\/\/shop_images\/11.jpg",
              "image_size": 1450,
              "image_mobile": "",
              "image_mobile_size": 550,
              "image_position_x": 50,
              "color_image_mask": "",
              "image_mask_opacity": 0.5,
              "text_line_1": "LAPTOPS",
              "text_line_2": "",
              "text_line_3": "Text line #3",
              "style": "3",
              "button_1": "",
              "button_1_url": "",
              "color_button_type_1": "default",
              "button_2": "Button #2 text",
              "button_2_url": "",
              "color_button_type_2": "default",
              "list_1": "",
              "custom_html": "",
              "video_external_url": "",
              "video_mp4_url": "",
              "video_autoplay": true,
              "video_controls": false,
              "type": "type-2-3",
              "content_position": "center",
              "content_align": "center",
              "content_width": 100,
              "height": "auto",
              "min_height": 0,
              "size_of_column": "auto",
              "visible": "desktop_mobile",
              "parallax": "disable",
              "animation_to": "none",
              "animation_from": "none",
              "animation_opacity": "none",
              "animation_text": "none",
              "customization_class": ""
            }
          },
          "1591570039972": {
            "type": "promobox",
            "settings": {
              "url": "shopify:\/\/collections\/tablets",
              "image": "shopify:\/\/shop_images\/12.jpg",
              "image_size": 1450,
              "image_mobile": "",
              "image_mobile_size": 550,
              "image_position_x": 50,
              "color_image_mask": "",
              "image_mask_opacity": 0.5,
              "text_line_1": "TABLETS",
              "text_line_2": "",
              "text_line_3": "Text line #3",
              "style": "3",
              "button_1": "",
              "button_1_url": "",
              "color_button_type_1": "default",
              "button_2": "Button #2 text",
              "button_2_url": "",
              "color_button_type_2": "default",
              "list_1": "",
              "custom_html": "",
              "video_external_url": "",
              "video_mp4_url": "",
              "video_autoplay": true,
              "video_controls": false,
              "type": "type-2-3",
              "content_position": "center",
              "content_align": "center",
              "content_width": 100,
              "height": "auto",
              "min_height": 0,
              "size_of_column": "auto",
              "visible": "desktop_mobile",
              "parallax": "disable",
              "animation_to": "none",
              "animation_from": "none",
              "animation_opacity": "none",
              "animation_text": "none",
              "customization_class": ""
            }
          },
          "1591570042074": {
            "type": "promobox",
            "settings": {
              "url": "shopify:\/\/collections\/graphics-cards",
              "image": "shopify:\/\/shop_images\/13.jpg",
              "image_size": 1450,
              "image_mobile": "",
              "image_mobile_size": 550,
              "image_position_x": 50,
              "color_image_mask": "",
              "image_mask_opacity": 0.5,
              "text_line_1": "GRAPHICS CARDS",
              "text_line_2": "",
              "text_line_3": "Text line #3",
              "style": "3",
              "button_1": "",
              "button_1_url": "",
              "color_button_type_1": "default",
              "button_2": "Button #2 text",
              "button_2_url": "",
              "color_button_type_2": "default",
              "list_1": "",
              "custom_html": "",
              "video_external_url": "",
              "video_mp4_url": "",
              "video_autoplay": true,
              "video_controls": false,
              "type": "type-2-3",
              "content_position": "center",
              "content_align": "center",
              "content_width": 100,
              "height": "auto",
              "min_height": 0,
              "size_of_column": "auto",
              "visible": "desktop_mobile",
              "parallax": "disable",
              "animation_to": "none",
              "animation_from": "none",
              "animation_opacity": "none",
              "animation_text": "none",
              "customization_class": ""
            }
          },
          "1591570044626": {
            "type": "promobox",
            "settings": {
              "url": "shopify:\/\/collections\/monitors",
              "image": "shopify:\/\/shop_images\/14.jpg",
              "image_size": 1450,
              "image_mobile": "",
              "image_mobile_size": 550,
              "image_position_x": 50,
              "color_image_mask": "",
              "image_mask_opacity": 0.5,
              "text_line_1": "MONITORS",
              "text_line_2": "",
              "text_line_3": "Text line #3",
              "style": "3",
              "button_1": "",
              "button_1_url": "",
              "color_button_type_1": "default",
              "button_2": "Button #2 text",
              "button_2_url": "",
              "color_button_type_2": "default",
              "list_1": "",
              "custom_html": "",
              "video_external_url": "",
              "video_mp4_url": "",
              "video_autoplay": true,
              "video_controls": false,
              "type": "type-2-3",
              "content_position": "center",
              "content_align": "center",
              "content_width": 100,
              "height": "auto",
              "min_height": 0,
              "size_of_column": "auto",
              "visible": "desktop_mobile",
              "parallax": "disable",
              "animation_to": "none",
              "animation_from": "none",
              "animation_opacity": "none",
              "animation_text": "none",
              "customization_class": ""
            }
          },
          "1591570047091": {
            "type": "promobox",
            "settings": {
              "url": "shopify:\/\/collections\/computers",
              "image": "shopify:\/\/shop_images\/15.jpg",
              "image_size": 1450,
              "image_mobile": "",
              "image_mobile_size": 550,
              "image_position_x": 50,
              "color_image_mask": "",
              "image_mask_opacity": 0.5,
              "text_line_1": "COMPUTERS",
              "text_line_2": "",
              "text_line_3": "Text line #3",
              "style": "3",
              "button_1": "",
              "button_1_url": "",
              "color_button_type_1": "default",
              "button_2": "Button #2 text",
              "button_2_url": "",
              "color_button_type_2": "default",
              "list_1": "",
              "custom_html": "",
              "video_external_url": "",
              "video_mp4_url": "",
              "video_autoplay": true,
              "video_controls": false,
              "type": "type-2-3",
              "content_position": "center",
              "content_align": "center",
              "content_width": 100,
              "height": "auto",
              "min_height": 0,
              "size_of_column": "auto",
              "visible": "desktop_mobile",
              "parallax": "disable",
              "animation_to": "none",
              "animation_from": "none",
              "animation_opacity": "none",
              "animation_text": "none",
              "customization_class": ""
            }
          },
          "1591570049475": {
            "type": "promobox",
            "settings": {
              "url": "shopify:\/\/collections\/processors",
              "image": "shopify:\/\/shop_images\/16.jpg",
              "image_size": 1450,
              "image_mobile": "",
              "image_mobile_size": 550,
              "image_position_x": 50,
              "color_image_mask": "",
              "image_mask_opacity": 0.5,
              "text_line_1": "PROCESSORS",
              "text_line_2": "",
              "text_line_3": "Text line #3",
              "style": "3",
              "button_1": "",
              "button_1_url": "",
              "color_button_type_1": "default",
              "button_2": "Button #2 text",
              "button_2_url": "",
              "color_button_type_2": "default",
              "list_1": "",
              "custom_html": "",
              "video_external_url": "",
              "video_mp4_url": "",
              "video_autoplay": true,
              "video_controls": false,
              "type": "type-2-3",
              "content_position": "center",
              "content_align": "center",
              "content_width": 100,
              "height": "auto",
              "min_height": 0,
              "size_of_column": "auto",
              "visible": "desktop_mobile",
              "parallax": "disable",
              "animation_to": "none",
              "animation_from": "none",
              "animation_opacity": "none",
              "animation_text": "none",
              "customization_class": ""
            }
          },
          "1591570052549": {
            "type": "promobox",
            "settings": {
              "url": "shopify:\/\/collections\/memory",
              "image": "shopify:\/\/shop_images\/17.jpg",
              "image_size": 1450,
              "image_mobile": "",
              "image_mobile_size": 550,
              "image_position_x": 50,
              "color_image_mask": "",
              "image_mask_opacity": 0.5,
              "text_line_1": "MEMORY",
              "text_line_2": "",
              "text_line_3": "Text line #3",
              "style": "3",
              "button_1": "",
              "button_1_url": "",
              "color_button_type_1": "default",
              "button_2": "Button #2 text",
              "button_2_url": "",
              "color_button_type_2": "default",
              "list_1": "",
              "custom_html": "",
              "video_external_url": "",
              "video_mp4_url": "",
              "video_autoplay": true,
              "video_controls": false,
              "type": "type-2-3",
              "content_position": "center",
              "content_align": "center",
              "content_width": 100,
              "height": "auto",
              "min_height": 0,
              "size_of_column": "auto",
              "visible": "desktop_mobile",
              "parallax": "disable",
              "animation_to": "none",
              "animation_from": "none",
              "animation_opacity": "none",
              "animation_text": "none",
              "customization_class": ""
            }
          },
          "1591570054764": {
            "type": "promobox",
            "settings": {
              "url": "shopify:\/\/collections\/printers",
              "image": "shopify:\/\/shop_images\/18.jpg",
              "image_size": 1450,
              "image_mobile": "",
              "image_mobile_size": 550,
              "image_position_x": 50,
              "color_image_mask": "",
              "image_mask_opacity": 0.5,
              "text_line_1": "PRINTERS",
              "text_line_2": "",
              "text_line_3": "Text line #3",
              "style": "3",
              "button_1": "",
              "button_1_url": "",
              "color_button_type_1": "default",
              "button_2": "Button #2 text",
              "button_2_url": "",
              "color_button_type_2": "default",
              "list_1": "",
              "custom_html": "",
              "video_external_url": "",
              "video_mp4_url": "",
              "video_autoplay": true,
              "video_controls": false,
              "type": "type-2-3",
              "content_position": "center",
              "content_align": "center",
              "content_width": 100,
              "height": "auto",
              "min_height": 0,
              "size_of_column": "auto",
              "visible": "desktop_mobile",
              "parallax": "disable",
              "animation_to": "none",
              "animation_from": "none",
              "animation_opacity": "none",
              "animation_text": "none",
              "customization_class": ""
            }
          },
          "1591570057350": {
            "type": "promobox",
            "settings": {
              "url": "shopify:\/\/collections\/motherboards",
              "image": "shopify:\/\/shop_images\/19.jpg",
              "image_size": 1450,
              "image_mobile": "",
              "image_mobile_size": 550,
              "image_position_x": 50,
              "color_image_mask": "",
              "image_mask_opacity": 0.5,
              "text_line_1": "MOTHERBOARDS",
              "text_line_2": "",
              "text_line_3": "Text line #3",
              "style": "3",
              "button_1": "",
              "button_1_url": "",
              "color_button_type_1": "default",
              "button_2": "Button #2 text",
              "button_2_url": "",
              "color_button_type_2": "default",
              "list_1": "",
              "custom_html": "",
              "video_external_url": "",
              "video_mp4_url": "",
              "video_autoplay": true,
              "video_controls": false,
              "type": "type-2-3",
              "content_position": "center",
              "content_align": "center",
              "content_width": 100,
              "height": "auto",
              "min_height": 0,
              "size_of_column": "auto",
              "visible": "desktop_mobile",
              "parallax": "disable",
              "animation_to": "none",
              "animation_from": "none",
              "animation_opacity": "none",
              "animation_text": "none",
              "customization_class": ""
            }
          },
          "1591570059261": {
            "type": "promobox",
            "settings": {
              "url": "shopify:\/\/collections\/mice",
              "image": "shopify:\/\/shop_images\/20.jpg",
              "image_size": 1450,
              "image_mobile": "",
              "image_mobile_size": 550,
              "image_position_x": 50,
              "color_image_mask": "",
              "image_mask_opacity": 0.5,
              "text_line_1": "MICE",
              "text_line_2": "",
              "text_line_3": "Text line #3",
              "style": "3",
              "button_1": "",
              "button_1_url": "",
              "color_button_type_1": "default",
              "button_2": "Button #2 text",
              "button_2_url": "",
              "color_button_type_2": "default",
              "list_1": "",
              "custom_html": "",
              "video_external_url": "",
              "video_mp4_url": "",
              "video_autoplay": true,
              "video_controls": false,
              "type": "type-2-3",
              "content_position": "center",
              "content_align": "center",
              "content_width": 100,
              "height": "auto",
              "min_height": 0,
              "size_of_column": "auto",
              "visible": "desktop_mobile",
              "parallax": "disable",
              "animation_to": "none",
              "animation_from": "none",
              "animation_opacity": "none",
              "animation_text": "none",
              "customization_class": ""
            }
          }
        },
        "block_order": [
          "1591570037857",
          "1591570039972",
          "1591570042074",
          "1591570044626",
          "1591570047091",
          "1591570049475",
          "1591570052549",
          "1591570054764",
          "1591570057350",
          "1591570059261"
        ],
        "settings": {
          "title": "<p>Featured Collections<\/p>",
          "container": "boxed",
          "size_of_columns": "5",
          "margins_for_columns": "preset_3",
          "align_of_columns": "top_center",
          "disable_column_paddings": false,
          "precedence": "",
          "customization_class": "builder---modification-1 pt-lg-80 pb-lg-40"
        }
      },
      "1591570077749": {
        "type": "spacer",
        "settings": {
          "margin_top": 75,
          "margin_bottom": 0,
          "margin_top_mobile": 25,
          "margin_bottom_mobile": 0,
          "container": "boxed",
          "show_separator": false
        }
      },
      "1591570097469": {
        "type": "carousel-articles",
        "settings": {
          "title": "Latest Articles",
          "blog": "blog",
          "layout": "2",
          "max_symbols_count": 200,
          "show_details": false,
          "button_text": "Read & shop",
          "size_of_columns": "4",
          "max_items_count": 10,
          "autoplay": true,
          "speed": 5,
          "infinite": true,
          "arrows": true,
          "bullets": false
        }
      },
      "1591570236705": {
        "type": "spacer",
        "settings": {
          "margin_top": 80,
          "margin_bottom": 0,
          "margin_top_mobile": 65,
          "margin_bottom_mobile": 0,
          "container": "boxed",
          "show_separator": false
        }
      },
      "1591570246250": {
        "type": "subscription-form",
        "settings": {
          "title": "NEWSLETTER SUBSCRIPTION",
          "paragraph": "Sign up for Shella updates to receive information about new arrivals, future events and specials.",
          "placeholder": "Enter Your Email Address",
          "button_text": "SUBSCRIBE!",
          "style": "4"
        }
      },
      "1592344601594": {
        "type": "spacer",
        "settings": {
          "margin_top": 30,
          "margin_bottom": 0,
          "margin_top_mobile": 0,
          "margin_bottom_mobile": 0,
          "container": "boxed",
          "show_separator": false
        }
      },
      "product": {
        "type": "product",
        "blocks": {
          "1592345852669": {
            "type": "tab_custom_html",
            "settings": {
              "title": "Additional",
              "page_content": ""
            }
          },
          "1592345855126": {
            "type": "tab_custom_html",
            "settings": {
              "title": "Custom Tab",
              "page_content": ""
            }
          }
        },
        "block_order": [
          "1592345852669",
          "1592345855126"
        ],
        "settings": {
          "show_tabs": true,
          "show_tab_description": true,
          "show_tab_reviews": true
        }
      },
      "carousel-related-products": {
        "type": "carousel-related-products",
        "settings": {
          "type": "related",
          "title": "Related Products",
          "size_of_columns": "4",
          "max_count": 6,
          "autoplay": true,
          "speed": 5,
          "infinite": true,
          "arrows": true,
          "bullets": true
        }
      },
      "product-fixed-sizebar": {
        "type": "product-fixed-sizebar",
        "settings": {
        }
      },
      "collection-head": {
        "type": "collection-head",
        "settings": {
          "default_desktop_title": "title",
          "default_mobile_title": "title",
          "margins_for_columns": "none"
        }
      },
      "collection-sidebar": {
        "type": "collection-sidebar",
        "blocks": {
          "collection-sidebar-0": {
            "type": "current_filters",
            "settings": {
              "title": "CURRENT FILTERS",
              "default_state": "close",
              "show_border": true
            }
          },
          "collection-sidebar-1": {
            "type": "collections",
            "settings": {
              "title": "COLLECTION",
              "default_state": "open",
              "show_border": true,
              "menu": "",
              "collection_tags_select": "radio"
            }
          },
          "collection-sidebar-2": {
            "type": "filters",
            "settings": {
              "title": "FILTERS",
              "default_state": "open",
              "show_border": true,
              "type": "tags",
              "items": "",
              "show_all_from_collection": false,
              "direction": "columns",
              "max_column_size": 0,
              "columns": "2",
              "for_collections": ""
            }
          }
        },
        "block_order": [
          "collection-sidebar-0",
          "collection-sidebar-1",
          "collection-sidebar-2"
        ],
        "settings": {
          "hide_blocks_without_filters": false
        }
      },
      "collection-body": {
        "type": "collection-body",
        "settings": {
          "show_sort_by": true,
          "show_info": true,
          "show_view_length": true,
          "enable_view_length_6": true,
          "enable_view_length_12": true,
          "enable_view_length_18": true,
          "enable_view_length_24": true,
          "enable_view_length_48": false,
          "default_view_length": "12",
          "show_view_grid": true,
          "show_view_grid_1": true,
          "show_view_grid_2": true,
          "show_view_grid_3": true,
          "show_view_grid_4": true,
          "show_view_grid_list": true,
          "default_view_grid_xl": "4",
          "default_view_grid_lg": "4",
          "default_view_grid_md": "3",
          "default_view_grid_sm": "2",
          "default_view_grid_xs": "2",
          "enable_grid_tooltip": true
        }
      },
      "list-collections": {
        "type": "list-collections",
        "settings": {
          "size_of_columns": "3",
          "type": "list-collections-2",
          "masonry_enable": true,
          "height": "auto",
          "image_size": 900,
          "format_pjpg": true,
          "animation_to": "none",
          "animation_from": "none",
          "animation_opacity": "none"
        }
      },
      "faqs": {
        "type": "faqs",
        "blocks": {
          "1592346110118": {
            "type": "section",
            "settings": {
              "question": "WHAT ARE SHIPPING TIMES AND COSTS?",
              "page_content": "",
              "answer": "",
              "is_open": true
            }
          },
          "1592346112405": {
            "type": "section",
            "settings": {
              "question": "WHAT PAYMENT METHODS CAN I USE?",
              "page_content": "",
              "answer": "",
              "is_open": true
            }
          },
          "1592346121301": {
            "type": "section",
            "settings": {
              "question": "WHAT IS YOUR EXCHANGES, RETURNS AND REFUNDS POLICY?",
              "page_content": "",
              "answer": "",
              "is_open": true
            }
          }
        },
        "block_order": [
          "1592346110118",
          "1592346112405",
          "1592346121301"
        ],
        "settings": {
        }
      }
    },
    "content_for_index": [
      "1591569669506",
      "1591569600202",
      "1591569702312",
      "1591569725376",
      "1591569846449",
      "1591569881777",
      "1591569894600",
      "1592344601594",
      "1591569953321",
      "1591570077749",
      "1591570097469",
      "1591570236705",
      "1591570246250"
    ]
  }
}