{"last_tab":"","custom-sidebars":["Shop Single Sidebar"],"google-api-key":"AIzaSyAZwt6bwYVLVPBweZwpblV1ZWvuWWDYT_w&language=en","social-icon-enable":"1","social-identities":{"redux_repeater_data":[{"title":""}],"title":[""],"network":[""],"url":[""]},"color-switcher":"","color-view":"","color-name":"","color":"","skin-sec-color":"","site-version":"modify","site-version-default":"v1","site-version-modify":"kidswear","site-layout":"wide","site-background-type":"","site-bar-bg":{"url":"","id":"","height":"","width":"","thumbnail":"","title":"","caption":"","alt":"","description":""},"site-bar-solid":"","site-bar-gradient":"","breadcrumb-enable":"on","header-kidswear-top":"1","header-kidswear-currency":"1","header-kidswear-link":"1","header-kidswear-cart":"1","header-kidswear-search":"1","opt-logo":{"url":"http:\/\/www.ckthemes.com\/flipmart\/kidswear\/wp-content\/uploads\/sites\/20\/2018\/08\/k-logo.png","id":"4","height":"77","width":"274","thumbnail":"http:\/\/www.ckthemes.com\/flipmart\/kidswear\/wp-content\/uploads\/sites\/20\/2018\/08\/k-logo-150x77.png","title":"k-logo","caption":"","alt":"","description":""},"favicon":{"url":"","id":"","height":"","width":"","thumbnail":"","title":"","caption":"","alt":"","description":""},"iphone_icon":{"url":"","id":"","height":"","width":"","thumbnail":"","title":"","caption":"","alt":"","description":""},"iphone_icon_retina":{"url":"","id":"","height":"","width":"","thumbnail":"","title":"","caption":"","alt":"","description":""},"ipad_icon":{"url":"","id":"","height":"","width":"","thumbnail":"","title":"","caption":"","alt":"","description":""},"ipad_icon_retina":{"url":"","id":"","height":"","width":"","thumbnail":"","title":"","caption":"","alt":"","description":""},"kidswear-footer-logo":{"url":"http:\/\/www.ckthemes.com\/flipmart\/kidswear\/wp-content\/uploads\/sites\/20\/2018\/08\/footer-logo.png","id":"5","height":"77","width":"274","thumbnail":"http:\/\/www.ckthemes.com\/flipmart\/kidswear\/wp-content\/uploads\/sites\/20\/2018\/08\/footer-logo-150x77.png","title":"footer-logo","caption":"","alt":"","description":""},"kidswear-socials":{"redux_repeater_data":[{"title":""},{"title":""},{"title":""},{"title":""},{"title":""},{"title":""}],"kidswear-social":[{"url":"http:\/\/www.ckthemes.com\/flipmart\/kidswear\/wp-content\/uploads\/sites\/20\/2018\/08\/facebook.png","id":"6","height":"37","width":"38","thumbnail":"http:\/\/www.ckthemes.com\/flipmart\/kidswear\/wp-content\/uploads\/sites\/20\/2018\/08\/facebook.png","title":"facebook","caption":"","alt":"","description":""},{"url":"http:\/\/www.ckthemes.com\/flipmart\/kidswear\/wp-content\/uploads\/sites\/20\/2018\/08\/twitter.png","id":"10","height":"37","width":"38","thumbnail":"http:\/\/www.ckthemes.com\/flipmart\/kidswear\/wp-content\/uploads\/sites\/20\/2018\/08\/twitter.png","title":"twitter","caption":"","alt":"","description":""},{"url":"http:\/\/www.ckthemes.com\/flipmart\/kidswear\/wp-content\/uploads\/sites\/20\/2018\/08\/google.png","id":"7","height":"37","width":"38","thumbnail":"http:\/\/www.ckthemes.com\/flipmart\/kidswear\/wp-content\/uploads\/sites\/20\/2018\/08\/google.png","title":"google+","caption":"","alt":"","description":""},{"url":"http:\/\/www.ckthemes.com\/flipmart\/kidswear\/wp-content\/uploads\/sites\/20\/2018\/08\/ping.png","id":"9","height":"37","width":"38","thumbnail":"http:\/\/www.ckthemes.com\/flipmart\/kidswear\/wp-content\/uploads\/sites\/20\/2018\/08\/ping.png","title":"ping","caption":"","alt":"","description":""},{"url":"http:\/\/www.ckthemes.com\/flipmart\/kidswear\/wp-content\/uploads\/sites\/20\/2018\/08\/youtube.png","id":"11","height":"37","width":"38","thumbnail":"http:\/\/www.ckthemes.com\/flipmart\/kidswear\/wp-content\/uploads\/sites\/20\/2018\/08\/youtube.png","title":"youtube","caption":"","alt":"","description":""},{"url":"http:\/\/www.ckthemes.com\/flipmart\/kidswear\/wp-content\/uploads\/sites\/20\/2018\/08\/instagram.png","id":"8","height":"37","width":"38","thumbnail":"http:\/\/www.ckthemes.com\/flipmart\/kidswear\/wp-content\/uploads\/sites\/20\/2018\/08\/instagram.png","title":"instagram","caption":"","alt":"","description":""}],"kidswear-social-link":["#","#","#","#","#","#"]},"kidswear-footer-copyright":"\u00a9 2019 kids Wear. All Right Reserved","page-opt-enable-global":"0","page-opt-sidebar":"primary","page-opt-sidebar-position":"right","blog-enable-global":"1","blog-sidebar":"primary","blog-sidebar-position":"right","blog-single-enable-global":"1","blog-single-sidebar":"primary","blog-single-sidebar-position":"right","blog-archive-enable-global":"1","blog-archive-sidebar":"primary","blog-archive-sidebar-position":"right","blog-search-enable-global":"1","search-sidebar":"primary","search-sidebar-position":"right","shop-enable-global":"1","shop-sidebar":"woocommerce","shop-sidebar-position":"left","product-enable-global":"1","product-sidebar":"shop-single-sidebar","product-sidebar-position":"right","body_typography":{"font-family":"PT Sans","font-options":"","google":"1","font-weight":"400","font-style":"","subsets":"","font-size":"13px","line-height":"1.5","letter-spacing":"0","color":"#747474"},"h1_typography":{"font-family":"Antic Slab","font-options":"","google":"1","font-weight":"400","font-style":"","subsets":"","font-size":"34px","line-height":"1.4","letter-spacing":"0","color":"#333333"},"h2_typography":{"font-family":"Antic Slab","font-options":"","google":"1","font-weight":"400","font-style":"","subsets":"","font-size":"18px","line-height":"1.5","letter-spacing":"0","color":"#333333"},"h3_typography":{"font-family":"Antic Slab","font-options":"","google":"1","font-weight":"400","font-style":"","subsets":"","font-size":"16px","line-height":"1.5","letter-spacing":"0","color":"#333333"},"h4_typography":{"font-family":"Antic Slab","font-options":"","google":"1","font-weight":"400","font-style":"","subsets":"","font-size":"13px","line-height":"1.5","letter-spacing":"0","color":"#333333"},"h5_typography":{"font-family":"Antic Slab","font-options":"","google":"1","font-weight":"400","font-style":"","subsets":"","font-size":"12px","line-height":"1.5","letter-spacing":"0","color":"#333333"},"h6_typography":{"font-family":"Antic Slab","font-options":"","google":"1","font-weight":"400","font-style":"","subsets":"","font-size":"11px","line-height":"1.5","letter-spacing":"0","color":"#333333"},"adds_google_font":{"font-family":"","font-options":"","google":"1","subsets":""},"adds_google_font_2":{"font-family":"","font-options":"","google":"1","subsets":""},"adds_google_font_3":{"font-family":"","font-options":"","google":"1","subsets":""},"blog-animation":"fadeInUp","blog-delay":"","post-social-share":"1","blog-author-box":"1","blog-single-animation":"fadeInUp","blog-single-delay":"","excerpt-by":"words","excerpt-length":"30","excerpt-ellipsis":"\u2026","excerpt-before":"<p>","excerpt-after":"<\/p>","excerpt-readmore":"1","excerpt-readmore-txt":"Read More","shop-layout":"grid","shop-column":"3","shop-limit":"12","top-bar":"1","shop-filter":"1","shop-pagination":"1","shop-sale-banner":"1","shop-banner":{"url":"http:\/\/www.ckthemes.com\/flipmart\/kidswear\/wp-content\/uploads\/sites\/20\/2018\/08\/slider-back.jpg","id":"30","height":"732","width":"1400","thumbnail":"http:\/\/www.ckthemes.com\/flipmart\/kidswear\/wp-content\/uploads\/sites\/20\/2018\/08\/slider-back-150x150.jpg","title":"slider-back","caption":"","alt":"","description":""},"shop-banner-heading":"Big Sale","shop-banner-sub-heading":"Save up to 49% off","shop-banner-content":"Lorem ipsum dolor sit amet, consectetur adipiscing elit","shop-quick-view":"1","sale-tag":"1","sale-tag-text":"Sale","new-tag":"1","new-tag-text":"New","hot-tag":"1","hot-tag-text":"Hot","stock-tag":"1","stock-tag-text":"Out Of Stock","product-content-animation":"fadeInUp","product-content-delay":"","product-tab":"1","product-tab-animation":"fadeInUp","product-tab-delay":"200","product-related":"1","product-rel-limit":"8","product-related-animation":"fadeInUp","product-related-delay":"400","product-sell":"1","product-sell-limit":"8","product-sell-animation":"fadeInUp","product-sell-delay":"600","product-cross":"1","product-cross-limit":"8","page-404-title":"404","page-404-subtitle":"Oops! the page you were looking for, couldn't be found.","page-404-body":"Try the search below to find matching pages:","error-404-enable-search":"on","error-404-search-title":"Search..","page-404-search-btn":"Go","page-404-back-btn":"Go To Homepage","enable-translation":"1","tr-blog-comment":"Comment","tr-blog-comments":"Comments","tr-blog-comment-off":"Comment Off","tr-blog-comment-reply":"Reply","tr-blog-search":"Search..","tr-blog-search-result":"Search Result of %s","search-result-limit":"12","google_analytics":"","space_head":"","space_body":"","clear-static-files":"0","dynamic_css":"0","dynamic_css_compiler":"1","dynamic_css_db_caching":"0","cache_server_ip":"","custom_css":"","product-qr-code":true,"redux-backup":"1"}