{"last_tab":"","custom-sidebars":["Shop Single Sidebar"],"google-api-key":"AIzaSyAZwt6bwYVLVPBweZwpblV1ZWvuWWDYT_w&language=en","social-icon-enable":"1","social-identities":{"redux_repeater_data":[{"title":""},{"title":""},{"title":""},{"title":""},{"title":""},{"title":""},{"title":""}],"title":["Facebook","Twitter","Google+","Rss","Pinterest","Linkedin","Youtube"],"network":["fa-facebook","fa-twitter","fa-google-plus","fa-rss","fa-pinterest","fa-linkedin","fa-youtube"],"url":["#","#","#","#","#","#","#"]},"color-switcher":"0","color-view":"0","color-name":"","color":"","skin-sec-color":"","site-version":"modify","site-version-default":"v1","site-version-modify":"fashion","site-layout":"wide","site-background-type":"solid","site-bar-bg":{"url":"","id":"","height":"","width":"","thumbnail":"","title":"","caption":"","alt":"","description":""},"site-bar-solid":"#81d742","site-bar-gradient":"radial-gradient(ellipse farthest-corner at 52px 49{8f2cc643533b13791d23b79324f7f5cfab8780bd97b39ab0a18218830e9b198e},rgba(95, 30, 0, 0.8) 38.1{8f2cc643533b13791d23b79324f7f5cfab8780bd97b39ab0a18218830e9b198e},rgba(255, 175, 73, 0.6) 75.6{8f2cc643533b13791d23b79324f7f5cfab8780bd97b39ab0a18218830e9b198e})|background-size: auto auto;background-position: 50{8f2cc643533b13791d23b79324f7f5cfab8780bd97b39ab0a18218830e9b198e} 50{8f2cc643533b13791d23b79324f7f5cfab8780bd97b39ab0a18218830e9b198e};background-repeat: repeat;background-attachment: scroll;background-origin: border-box;background-clip: border-box;","breadcrumb-enable":"1","header-fashion-top":"1","header-fashion-top-currency":"1","header-fashion-top-sec-menu":"1","header-fashion-search-area":"1","header-fashion-category-filter":"1","header-fashion-add-cart":"1","header-fashion-login":"1","header-fashion-phone":"+919999999999","opt-logo":{"url":"http:\/\/www.ckthemes.com\/flipmart\/fashion\/wp-content\/uploads\/sites\/8\/2018\/01\/logo.png","id":"1099","height":"42","width":"159","thumbnail":"http:\/\/www.ckthemes.com\/flipmart\/fashion\/wp-content\/uploads\/sites\/8\/2018\/01\/logo-150x42.png","title":"","caption":"","alt":"","description":""},"favicon":{"url":"","id":"","height":"","width":"","thumbnail":"","title":"","caption":"","alt":"","description":""},"iphone_icon":{"url":"","id":"","height":"","width":"","thumbnail":"","title":"","caption":"","alt":"","description":""},"iphone_icon_retina":{"url":"","id":"","height":"","width":"","thumbnail":"","title":"","caption":"","alt":"","description":""},"ipad_icon":{"url":"","id":"","height":"","width":"","thumbnail":"","title":"","caption":"","alt":"","description":""},"ipad_icon_retina":{"url":"","id":"","height":"","width":"","thumbnail":"","title":"","caption":"","alt":"","description":""},"fashion-payments-method":{"redux_repeater_data":[{"title":""},{"title":""},{"title":""},{"title":""}],"fashion-payment-method-logo":[{"url":"http:\/\/www.ckthemes.com\/flipmart\/fashion\/wp-content\/uploads\/sites\/8\/2017\/04\/2.png","id":"18","height":"28","width":"45","thumbnail":"http:\/\/www.ckthemes.com\/flipmart\/fashion\/wp-content\/uploads\/sites\/8\/2017\/04\/2.png","title":"2","caption":"","alt":"","description":""},{"url":"http:\/\/www.ckthemes.com\/flipmart\/fashion\/wp-content\/uploads\/sites\/8\/2017\/04\/1.png","id":"17","height":"28","width":"45","thumbnail":"http:\/\/www.ckthemes.com\/flipmart\/fashion\/wp-content\/uploads\/sites\/8\/2017\/04\/1.png","title":"1","caption":"","alt":"","description":""},{"url":"http:\/\/www.ckthemes.com\/flipmart\/fashion\/wp-content\/uploads\/sites\/8\/2017\/04\/3.png","id":"19","height":"28","width":"45","thumbnail":"http:\/\/www.ckthemes.com\/flipmart\/fashion\/wp-content\/uploads\/sites\/8\/2017\/04\/3.png","title":"3","caption":"","alt":"","description":""},{"url":"http:\/\/www.ckthemes.com\/flipmart\/fashion\/wp-content\/uploads\/sites\/8\/2017\/04\/4.png","id":"20","height":"28","width":"46","thumbnail":"http:\/\/www.ckthemes.com\/flipmart\/fashion\/wp-content\/uploads\/sites\/8\/2017\/04\/4.png","title":"4","caption":"","alt":"","description":""}],"fashion-payment-method-link":["#","#","#","#"]},"fashion-footer-copyright":"\u00a9 2019 Fashion. All rights reserved","page-opt-enable-global":"0","page-opt-sidebar":"primary","page-opt-sidebar-position":"right","blog-enable-global":"1","blog-sidebar":"primary","blog-sidebar-position":"right","blog-single-enable-global":"1","blog-single-sidebar":"primary","blog-single-sidebar-position":"right","blog-archive-enable-global":"1","blog-archive-sidebar":"primary","blog-archive-sidebar-position":"right","blog-search-enable-global":"1","search-sidebar":"primary","search-sidebar-position":"right","shop-enable-global":"1","shop-sidebar":"woocommerce","shop-sidebar-position":"left","product-enable-global":"1","product-sidebar":"shop-single-sidebar","product-sidebar-position":"left","body_typography":{"font-family":"PT Sans","font-options":"","google":"1","font-weight":"400","font-style":"","subsets":"","font-size":"13px","line-height":"1.5","letter-spacing":"0","color":"#747474"},"h1_typography":{"font-family":"Antic Slab","font-options":"","google":"1","font-weight":"400","font-style":"","subsets":"","font-size":"34px","line-height":"1.4","letter-spacing":"0","color":"#333333"},"h2_typography":{"font-family":"Antic Slab","font-options":"","google":"1","font-weight":"400","font-style":"","subsets":"","font-size":"18px","line-height":"1.5","letter-spacing":"0","color":"#333333"},"h3_typography":{"font-family":"Antic Slab","font-options":"","google":"1","font-weight":"400","font-style":"","subsets":"","font-size":"16px","line-height":"1.5","letter-spacing":"0","color":"#333333"},"h4_typography":{"font-family":"Antic Slab","font-options":"","google":"1","font-weight":"400","font-style":"","subsets":"","font-size":"13px","line-height":"1.5","letter-spacing":"0","color":"#333333"},"h5_typography":{"font-family":"Antic Slab","font-options":"","google":"1","font-weight":"400","font-style":"","subsets":"","font-size":"12px","line-height":"1.5","letter-spacing":"0","color":"#333333"},"h6_typography":{"font-family":"Antic Slab","font-options":"","google":"1","font-weight":"400","font-style":"","subsets":"","font-size":"11px","line-height":"1.5","letter-spacing":"0","color":"#333333"},"adds_google_font":{"font-family":"","font-options":"","google":"1","subsets":""},"adds_google_font_2":{"font-family":"","font-options":"","google":"1","subsets":""},"adds_google_font_3":{"font-family":"","font-options":"","google":"1","subsets":""},"blog-animation":"fadeInUp","blog-delay":"","post-social-share":"1","blog-author-box":"1","blog-single-animation":"fadeInUp","blog-single-delay":"","excerpt-by":"words","excerpt-length":"30","excerpt-ellipsis":"\u2026","excerpt-before":"<p>","excerpt-after":"<\/p>","excerpt-readmore":"1","excerpt-readmore-txt":"Read More","shop-layout":"grid","shop-column":"3","shop-limit":"12","top-bar":"1","shop-filter":"1","shop-pagination":"1","shop-sale-banner":"1","shop-banner":{"url":"http:\/\/www.ckthemes.com\/flipmart\/fashion\/wp-content\/uploads\/sites\/8\/2018\/01\/slider01.jpg","id":"1103","height":"609","width":"1400","thumbnail":"http:\/\/www.ckthemes.com\/flipmart\/fashion\/wp-content\/uploads\/sites\/8\/2018\/01\/slider01-150x150.jpg","title":"slider01","caption":"","alt":"","description":""},"shop-banner-heading":"Big Sale","shop-banner-sub-heading":"Save up to 49% off","shop-banner-content":"Lorem ipsum dolor sit amet, consectetur adipiscing elit","shop-quick-view":"1","sale-tag":"1","sale-tag-text":"Sale","new-tag":"1","new-tag-text":"New","hot-tag":"1","hot-tag-text":"Hot","stock-tag":"1","stock-tag-text":"Out Of Stock","product-content-animation":"fadeInUp","product-content-delay":"","product-tab":"1","product-tab-animation":"fadeInUp","product-tab-delay":"100","product-related":"1","product-rel-limit":"5","product-related-animation":"fadeInUp","product-related-delay":"200","product-sell":"1","product-sell-limit":"8","product-sell-animation":"fadeInUp","product-sell-delay":"300","product-cross":"1","product-cross-limit":"8","page-404-title":"404","page-404-subtitle":"Oops! the page you were looking for, couldn't be found.","page-404-body":"Try the search below to find matching pages:","error-404-enable-search":"on","error-404-search-title":"Search..","page-404-search-btn":"Go","page-404-back-btn":"Go To Homepage","enable-translation":"1","tr-blog-comment":"Comment","tr-blog-comments":"Comments","tr-blog-comment-off":"Comment Off","tr-blog-comment-reply":"Reply","tr-blog-search":"Search..","tr-blog-search-result":"Search Result of %s","search-result-limit":"12","google_analytics":"","space_head":"","space_body":"","clear-static-files":"0","dynamic_css":"0","dynamic_css_compiler":"1","dynamic_css_db_caching":"0","cache_server_ip":"","custom_css":".home .site-wrapper.fashion > .outer-top-xs{\r\n    margin-top: 0px;\r\n}","product-qr-code":true,"redux-backup":"1"}