{"blogs":[{"id":46876262493,"handle":"blog","title":"Blog","updated_at":"2019-07-16T14:34:37-04:00","commentable":"no","feedburner":null,"feedburner_location":null,"created_at":"2019-06-25T13:21:43-04:00","template_suffix":null,"tags":"","admin_graphql_api_id":"gid:\/\/shopify\/OnlineStoreBlog\/46876262493"},{"id":46200619101,"handle":"news","title":"News","updated_at":"2019-05-22T01:50:13-04:00","commentable":"no","feedburner":null,"feedburner_location":null,"created_at":"2019-05-22T01:50:13-04:00","template_suffix":null,"tags":"","admin_graphql_api_id":"gid:\/\/shopify\/OnlineStoreBlog\/46200619101"}]}