{"articles":[{"id":30207770658,"title":"What I wore this week: white jeans","created_at":"2019-03-27T13:42:29-04:00","body_html":"\u003cp\u003eLorem ipsum dolor sit amet conse ctetur adipisicing elit, sed do eiusmod tempor incididunt ut labore et dolore magna aliqua. Ut enim ad minim veniam, quis nostrud exercitation ullamco laboris nisi ut aliquip ex ea commodo consequat. Duis aute irure dolor in reprehenderit in voluptate velit esse cillum dolore eu fugiat nulla pariatur. Lorem ipsum dolor sit amet conse ctetur adipisicing elit, sed do eiusmod tempor incididunt ut labore et dolore magna aliqua. Lorem ipsum dolor sit amet conse ctetur adipisicing eli.\u003c\/p\u003e\n\u003cp\u003e\u003cem\u003eNostrud exercitation ullamco laboris nisi ut aliquip ex ea commodo consequat. Duis aute irure dolor in reprehenderit in voluptate velit esse cillum dolore eu fugiat nulla pariatur. Lorem ipsum dolor sit amet conse cte\u003c\/em\u003etur. \u003cspan\u003eShella \u003c\/span\u003e\u003cspan\u003eS\u003c\/span\u003e\u003cspan\u003ehopify Theme. \u003c\/span\u003e\u003c\/p\u003e\n\u003ch4\u003eSample Paragraph\u003c\/h4\u003e\n\u003cp\u003eLorem ipsum dolor sit amet conse ctetur adipisicing elit, sed do eiusmod tempor incididunt ut labore et dolore magna aliqua. Ut enim ad minim veniam, quis nostrud exercitation ullamco laboris nisi ut aliquip ex ea commodo consequat. Duis aute irure dolor in reprehenderit in voluptate velit esse cillum dolore eu fugiat nulla pariatur. Lorem ipsum dolor sit amet conse ctetur adipisicing eli.\u003c\/p\u003e\n\u003cp\u003e\u003ciframe src=\"https:\/\/www.youtube.com\/embed\/MUCVB0TuQr4\" frameborder=\"0\" allow=\"autoplay; encrypted-media\" allowfullscreen=\"\"\u003e\u003c\/iframe\u003e\u003c\/p\u003e\n\u003cp\u003eIusmod tempor incididunt ut labore et dolore magna aliqua. Ut enim ad minim veniam, quis nostrud exercitation ullamco laboris nisi ut aliquip ex ea commodo consequat. Duis aute irure dolor in reprehenderit in voluptate velit esse cillum dolore eu fugiat nulla pariatur. Lorem ipsum dolor sit amet conse ctetur adipisicing elit, sed do eiusmod tempor incididunt ut labore et dolore magna aliqua. Ut enim ad minim veniam, quis nostrud exercitation ullamco laboris nisi ut aliquip ex ea commodo consequat. Duis aute irure dolor in reprehenderit in voluptate velit esse cillum dolore eu fugiat nulla pariatur. Lorem ipsum dolor sit amet conse ctetur adipisicing elit, sed do eiusmod tempor incididunt ut labore et dolore magna aliqua. Lorem ipsum dolor sit amet conse ctetur adipisicing eli..\u003c\/p\u003e\n\u003cp\u003e\u003cspan\u003e \u003c\/span\u003e\u003cspan\u003eShella \u003c\/span\u003e\u003cspan\u003eS\u003c\/span\u003e\u003cspan\u003ehopify Theme. \u003c\/span\u003e\u003c\/p\u003e","blog_id":23352508450,"author":"Shopify API","user_id":null,"published_at":"2018-10-30T10:24:00-04:00","updated_at":"2019-03-27T13:42:29-04:00","summary_html":"","template_suffix":null,"handle":"what-i-wore-this-week-white-jeans","tags":"Beachwear","admin_graphql_api_id":"gid:\/\/shopify\/OnlineStoreArticle\/30207770658","image":{"created_at":"2019-03-27T13:42:29-04:00","alt":"","width":1540,"height":2110,"src":"https:\/\/cdn.shopify.com\/s\/files\/1\/0050\/2936\/3746\/articles\/06.jpg?v=1553708549"}},{"id":30207737890,"title":"Bags For Understanding Fashion's Fanny Pack Craze","created_at":"2019-03-27T13:42:28-04:00","body_html":"\u003cp class=\"article-text\"\u003eLorem ipsum dolor sit amet conse ctetur adipisicing elit, sed do eiusmod tempor incididunt ut labore et dolore magna aliqua. Ut enim ad minim veniam, quis nostrud exercitation ullamco laboris nisi ut aliquip ex ea commodo consequat. Duis aute irure dolor in reprehenderit in voluptate velit esse cillum dolore eu fugiat nulla pariatur. Lorem ipsum dolor sit amet conse ctetur adipisicing elit, sed do eiusmod tempor incididunt ut labore et dolore magna aliqua. Lorem ipsum dolor sit amet conse ctetur adipisicing eli. Shella Shopify Theme.  \u003c\/p\u003e\n\u003cp class=\"article-text\"\u003eNostrud exercitation ullamco laboris nisi ut aliquip ex ea commodo consequat. Duis aute irure dolor in reprehenderit in voluptate velit esse cillum dolore eu fugiat nulla pariatur. Lorem ipsum dolor sit amet conse ctetur. \u003cspan\u003eShella \u003c\/span\u003e\u003cspan\u003eS\u003c\/span\u003e\u003cspan\u003ehopify Theme. \u003c\/span\u003e\u003c\/p\u003e\n\u003ch3\u003eSample Paragraph Text With Images\u003c\/h3\u003e\n\u003cp class=\"article-text\"\u003eLorem ipsum dolor sit amet conse ctetur adipisicing elit, sed do eiusmod tempor incididunt ut labore et dolore magna aliqua. Ut enim ad minim veniam, quis nostrud exercitation ullamco laboris nisi ut aliquip ex ea commodo consequat. Duis aute irure dolor in reprehenderit in voluptate velit esse cillum dolore eu fugiat nulla pariatur. Lorem ipsum dolor sit \u003cspan\u003eamet conse ctetur \u003c\/span\u003eamet conse ctetur adipisicing eli.\u003c\/p\u003e\n\u003cp class=\"article-text\"\u003e\u003cimg src=\"\/\/cdn.shopify.com\/s\/files\/1\/0026\/2956\/6516\/files\/01_9ced00b0-22b8-437f-b3da-5e20738cdd34_large.png?v=1533832119\" alt=\"\" width=\"469\" height=\"343\" style=\"float: left;\" class=\"my-20 mr-sm-30\"\u003eLorem ipsum dolor sit amet conse ctetur adipisicing elit, sed do eiusmod tempor incididunt ut labore et dolore magna aliqua. Ut enim ad minim veniam, quis nostrud exercitation ullamco laboris nisi ut aliquip ex ea commodo consequat. Duis aute irure dolor in reprehenderit in voluptate velit esse cillum dolore eu fugiat nulla pariatur. Lorem ipsum dolor sit amet conse ctetur adipisicing elit, sed do eiusmod tempor incididunt ut labore et dolore magna aliqua. Lorem ipsum dolor sit amet conse ctetur adipisicing elit, sed do eiusmod tempor incididunt ut labore et dolore magna aliqua. Ut enim ad minim veniam, quis nostrud exercitation ullamco laboris nisi ut  Lorem ipsum dolor sit amet conse ctetur adipisicing elit, sed do eiusmod tempor incididunt ut labore et dolore magna aliqua. Ut enim ad minim veniam, quis nostrud exercitation ullamco laboris nisi ut aliquip ex ea commodo consequat. Duis aute irure dolor in reprehenderit in voluptate velit esse cillum dolore eu fugiat nulla pariatur \u003cspan\u003eamet conse ctetur \u003c\/span\u003e\u003cspan\u003eadipisicing elit, sed do eiusmod tempor incididunt ut labore et dolore magna.\u003c\/span\u003e\u003cimg src=\"\/\/cdn.shopify.com\/s\/files\/1\/0026\/2956\/6516\/files\/12_large.png?v=1533833654\" alt=\"\" width=\"272\" height=\"198\" style=\"float: right;\" class=\"my-20 ml-sm-30\"\u003eLorem ipsum dolor sit amet conse ctetur adipisicing elit, sed do eiusmod tempor incididunt ut labore et dolore magna aliqua. Ut enim ad minim veniam, quis nostrud exercitation ullamco laboris nisi ut aliquip ex ea commodo consequat. Duis aute irure dolor in reprehenderit in voluptate velit esse cillum dolore eu fugiat nulla pariatur. Lorem ipsum dolor sit amet conse ctetur adipisicing elit, sed do eiusmod tempor incididunt ut labore et dolore magna aliqua. Lorem ipsum dolor sit amet conse ctetur adipisicing elit, sed do eiusmod tempor incididunt ut labore et dolore magna aliqua. \u003cspan\u003eLorem ipsum dolor sit amet conse ctetur adipisicing elit, sed do eiusmod tempor incididunt ut labore et dolore magna aliqua.\u003c\/span\u003e\u003c\/p\u003e\n\u003ch3\u003eSample Unordered List\u003c\/h3\u003e\n\u003cul class=\"mb-25\"\u003e\n\u003cli\u003eLorem ipsum dolor sit amet conse ctetur adipisicing elit;\u003c\/li\u003e\n\u003cli\u003eSed do eiusmod tempor incididunt ut labore et dolore magna aliqua\u003c\/li\u003e\n\u003cli\u003eQuis nostrud exercitation ullamco laboris nisi ut aliquip.\u003c\/li\u003e\n\u003c\/ul\u003e\n\u003cp class=\"article-text\"\u003eLorem ipsum dolor sit amet conse ctetur adipisicing elit, sed do eiusmod tempor incididunt ut labore et dolore magna aliqua. Ut enim ad minim veniam, quis nostrud exercitation ullamco laboris nisi ut aliquip ex ea commodo consequat. Duis aute irure dolor in reprehenderit in voluptate velit esse cillum dolore eu fugiat nulla pariatur. Lorem ipsum dolor sit amet conse ctetur adipisicing eli.\u003c\/p\u003e\n\u003cblockquote\u003e\n\u003cp\u003eTo create something exceptional, your mindset must be relentlessly focused on the smallest detail.\u003c\/p\u003e\n\u003csite\u003e— Giorgio Armani\u003c\/site\u003e\n\u003c\/blockquote\u003e\n\u003cp class=\"article-text\"\u003eIusmod tempor incididunt ut labore et dolore magna aliqua. Ut enim ad minim veniam, quis nostrud exercitation ullamco laboris nisi ut aliquip ex ea commodo consequat. Duis aute irure dolor in reprehenderit in voluptate velit esse cillum dolore eu fugiat nulla pariatur. Lorem ipsum dolor sit amet conse ctetur adipisicing elit, sed do eiusmod tempor incididunt ut labore et dolore magna aliqua. Ut enim ad minim veniam, quis nostrud exercitation ullamco laboris nisi ut aliquip ex ea commodo consequat. Duis aute irure dolor in reprehenderit in voluptate velit esse cillum dolore eu fugiat nulla pariatur. Lorem ipsum dolor sit amet conse ctetur adipisicing elit, sed do eiusmod tempor incididunt ut labore et dolore magna aliqua. Lorem ipsum dolor sit amet conse ctetur adipisicing eli. \u003cspan\u003eShella \u003c\/span\u003e\u003cspan\u003eS\u003c\/span\u003e\u003cspan\u003ehopify Theme. \u003c\/span\u003e\u003c\/p\u003e","blog_id":23352508450,"author":"Shopify API","user_id":null,"published_at":"2018-10-30T10:24:00-04:00","updated_at":"2019-03-27T13:42:28-04:00","summary_html":"","template_suffix":null,"handle":"bags-for-understanding-fashions-fanny-pack-craze","tags":"","admin_graphql_api_id":"gid:\/\/shopify\/OnlineStoreArticle\/30207737890","image":{"created_at":"2019-03-27T13:42:28-04:00","alt":"","width":1540,"height":1124,"src":"https:\/\/cdn.shopify.com\/s\/files\/1\/0050\/2936\/3746\/articles\/10_93058589-b252-4ee4-abb0-1fda66341e4f.jpg?v=1553708548"}},{"id":30207803426,"title":"Round-Up - 01\/01\/2019","created_at":"2019-03-27T13:42:30-04:00","body_html":"\u003cp class=\"article-text\"\u003eLorem ipsum dolor sit amet conse ctetur adipisicing elit, sed do eiusmod tempor incididunt ut labore et dolore magna aliqua. Ut enim ad minim veniam, quis nostrud exercitation ullamco laboris nisi ut aliquip ex ea commodo consequat. Duis aute irure dolor in reprehenderit in voluptate velit esse cillum dolore eu fugiat nulla pariatur. Lorem ipsum dolor sit amet conse ctetur adipisicing elit, sed do eiusmod tempor incididunt ut labore et dolore magna aliqua. Lorem ipsum dolor sit amet conse ctetur adipisicing eli. Shella Shopify Theme.  \u003c\/p\u003e\n\u003cp class=\"article-text\"\u003eNostrud exercitation ullamco laboris nisi ut aliquip ex ea commodo consequat. Duis aute irure dolor in reprehenderit in voluptate velit esse cillum dolore eu fugiat nulla pariatur. Lorem ipsum dolor sit amet conse ctetur. \u003cspan\u003eShella \u003c\/span\u003e\u003cspan\u003eS\u003c\/span\u003e\u003cspan\u003ehopify Theme. \u003c\/span\u003e\u003c\/p\u003e\n\u003ch3\u003eSample Paragraph Text With Images\u003c\/h3\u003e\n\u003cp class=\"article-text\"\u003eLorem ipsum dolor sit amet conse ctetur adipisicing elit, sed do eiusmod tempor incididunt ut labore et dolore magna aliqua. Ut enim ad minim veniam, quis nostrud exercitation ullamco laboris nisi ut aliquip ex ea commodo consequat. Duis aute irure dolor in reprehenderit in voluptate velit esse cillum dolore eu fugiat nulla pariatur. Lorem ipsum dolor sit \u003cspan\u003eamet conse ctetur \u003c\/span\u003eamet conse ctetur adipisicing eli.\u003c\/p\u003e\n\u003cp class=\"article-text\"\u003e\u003cimg src=\"\/\/cdn.shopify.com\/s\/files\/1\/0026\/2956\/6516\/files\/01_9ced00b0-22b8-437f-b3da-5e20738cdd34_large.png?v=1533832119\" alt=\"\" width=\"469\" height=\"343\" style=\"float: left;\" class=\"my-20 mr-sm-30\"\u003eLorem ipsum dolor sit amet conse ctetur adipisicing elit, sed do eiusmod tempor incididunt ut labore et dolore magna aliqua. Ut enim ad minim veniam, quis nostrud exercitation ullamco laboris nisi ut aliquip ex ea commodo consequat. Duis aute irure dolor in reprehenderit in voluptate velit esse cillum dolore eu fugiat nulla pariatur. Lorem ipsum dolor sit amet conse ctetur adipisicing elit, sed do eiusmod tempor incididunt ut labore et dolore magna aliqua. Lorem ipsum dolor sit amet conse ctetur adipisicing elit, sed do eiusmod tempor incididunt ut labore et dolore magna aliqua. Ut enim ad minim veniam, quis nostrud exercitation ullamco laboris nisi ut  Lorem ipsum dolor sit amet conse ctetur adipisicing elit, sed do eiusmod tempor incididunt ut labore et dolore magna aliqua. Ut enim ad minim veniam, quis nostrud exercitation ullamco laboris nisi ut aliquip ex ea commodo consequat. Duis aute irure dolor in reprehenderit in voluptate velit esse cillum dolore eu fugiat nulla pariatur \u003cspan\u003eamet conse ctetur \u003c\/span\u003e\u003cspan\u003eadipisicing elit, sed do eiusmod tempor incididunt ut labore et dolore magna.\u003c\/span\u003e\u003cimg src=\"\/\/cdn.shopify.com\/s\/files\/1\/0026\/2956\/6516\/files\/12_large.png?v=1533833654\" alt=\"\" width=\"272\" height=\"198\" style=\"float: right;\" class=\"my-20 ml-sm-30\"\u003eLorem ipsum dolor sit amet conse ctetur adipisicing elit, sed do eiusmod tempor incididunt ut labore et dolore magna aliqua. Ut enim ad minim veniam, quis nostrud exercitation ullamco laboris nisi ut aliquip ex ea commodo consequat. Duis aute irure dolor in reprehenderit in voluptate velit esse cillum dolore eu fugiat nulla pariatur. Lorem ipsum dolor sit amet conse ctetur adipisicing elit, sed do eiusmod tempor incididunt ut labore et dolore magna aliqua. Lorem ipsum dolor sit amet conse ctetur adipisicing elit, sed do eiusmod tempor incididunt ut labore et dolore magna aliqua. \u003cspan\u003eLorem ipsum dolor sit amet conse ctetur adipisicing elit, sed do eiusmod tempor incididunt ut labore et dolore magna aliqua.\u003c\/span\u003e\u003c\/p\u003e\n\u003ch3\u003eSample Unordered List\u003c\/h3\u003e\n\u003cul class=\"mb-25\"\u003e\n\u003cli\u003eLorem ipsum dolor sit amet conse ctetur adipisicing elit;\u003c\/li\u003e\n\u003cli\u003eSed do eiusmod tempor incididunt ut labore et dolore magna aliqua\u003c\/li\u003e\n\u003cli\u003eQuis nostrud exercitation ullamco laboris nisi ut aliquip.\u003c\/li\u003e\n\u003c\/ul\u003e\n\u003cp class=\"article-text\"\u003eLorem ipsum dolor sit amet conse ctetur adipisicing elit, sed do eiusmod tempor incididunt ut labore et dolore magna aliqua. Ut enim ad minim veniam, quis nostrud exercitation ullamco laboris nisi ut aliquip ex ea commodo consequat. Duis aute irure dolor in reprehenderit in voluptate velit esse cillum dolore eu fugiat nulla pariatur. Lorem ipsum dolor sit amet conse ctetur adipisicing eli.\u003c\/p\u003e\n\u003cblockquote\u003e\n\u003cp\u003eTo create something exceptional, your mindset must be relentlessly focused on the smallest detail.\u003c\/p\u003e\n\u003csite\u003e— Giorgio Armani\u003c\/site\u003e\n\u003c\/blockquote\u003e\n\u003cp class=\"article-text\"\u003eIusmod tempor incididunt ut labore et dolore magna aliqua. Ut enim ad minim veniam, quis nostrud exercitation ullamco laboris nisi ut aliquip ex ea commodo consequat. Duis aute irure dolor in reprehenderit in voluptate velit esse cillum dolore eu fugiat nulla pariatur. Lorem ipsum dolor sit amet conse ctetur adipisicing elit, sed do eiusmod tempor incididunt ut labore et dolore magna aliqua. Ut enim ad minim veniam, quis nostrud exercitation ullamco laboris nisi ut aliquip ex ea commodo consequat. Duis aute irure dolor in reprehenderit in voluptate velit esse cillum dolore eu fugiat nulla pariatur. Lorem ipsum dolor sit amet conse ctetur adipisicing elit, sed do eiusmod tempor incididunt ut labore et dolore magna aliqua. Lorem ipsum dolor sit amet conse ctetur adipisicing eli. \u003cspan\u003eShella \u003c\/span\u003e\u003cspan\u003eS\u003c\/span\u003e\u003cspan\u003ehopify Theme. \u003c\/span\u003e\u003c\/p\u003e","blog_id":23352508450,"author":"Shopify API","user_id":null,"published_at":"2018-10-30T10:23:00-04:00","updated_at":"2019-03-27T13:42:31-04:00","summary_html":"","template_suffix":null,"handle":"round-up-01-01-2019","tags":"","admin_graphql_api_id":"gid:\/\/shopify\/OnlineStoreArticle\/30207803426","image":{"created_at":"2019-03-27T13:42:30-04:00","alt":"","width":1540,"height":1124,"src":"https:\/\/cdn.shopify.com\/s\/files\/1\/0050\/2936\/3746\/articles\/03_396cd623-d1dd-420c-8059-21f09f2285db.jpg?v=1553708551"}},{"id":30207836194,"title":"The past: check out the 90s fashion revival","created_at":"2019-03-27T13:42:31-04:00","body_html":"\u003cp class=\"article-text\"\u003eLorem ipsum dolor sit amet conse ctetur adipisicing elit, sed do eiusmod tempor incididunt ut labore et dolore magna aliqua. Ut enim ad minim veniam, quis nostrud exercitation ullamco laboris nisi ut aliquip ex ea commodo consequat. Duis aute irure dolor in reprehenderit in voluptate velit esse cillum dolore eu fugiat nulla pariatur. Lorem ipsum dolor sit amet conse ctetur adipisicing elit, sed do eiusmod tempor incididunt ut labore et dolore magna aliqua. Lorem ipsum dolor sit amet conse ctetur adipisicing eli. Shella Shopify Theme.  \u003c\/p\u003e\n\u003cp class=\"article-text\"\u003eNostrud exercitation ullamco laboris nisi ut aliquip ex ea commodo consequat. Duis aute irure dolor in reprehenderit in voluptate velit esse cillum dolore eu fugiat nulla pariatur. Lorem ipsum dolor sit amet conse ctetur. \u003cspan\u003eShella \u003c\/span\u003e\u003cspan\u003eS\u003c\/span\u003e\u003cspan\u003ehopify Theme. \u003c\/span\u003e\u003c\/p\u003e\n\u003ch3\u003eSample Paragraph Text With Images\u003c\/h3\u003e\n\u003cp class=\"article-text\"\u003eLorem ipsum dolor sit amet conse ctetur adipisicing elit, sed do eiusmod tempor incididunt ut labore et dolore magna aliqua. Ut enim ad minim veniam, quis nostrud exercitation ullamco laboris nisi ut aliquip ex ea commodo consequat. Duis aute irure dolor in reprehenderit in voluptate velit esse cillum dolore eu fugiat nulla pariatur. Lorem ipsum dolor sit \u003cspan\u003eamet conse ctetur \u003c\/span\u003eamet conse ctetur adipisicing eli.\u003c\/p\u003e\n\u003cp class=\"article-text\"\u003e\u003cimg src=\"\/\/cdn.shopify.com\/s\/files\/1\/0026\/2956\/6516\/files\/01_9ced00b0-22b8-437f-b3da-5e20738cdd34_large.png?v=1533832119\" alt=\"\" width=\"469\" height=\"343\" style=\"float: left;\" class=\"my-20 mr-sm-30\"\u003eLorem ipsum dolor sit amet conse ctetur adipisicing elit, sed do eiusmod tempor incididunt ut labore et dolore magna aliqua. Ut enim ad minim veniam, quis nostrud exercitation ullamco laboris nisi ut aliquip ex ea commodo consequat. Duis aute irure dolor in reprehenderit in voluptate velit esse cillum dolore eu fugiat nulla pariatur. Lorem ipsum dolor sit amet conse ctetur adipisicing elit, sed do eiusmod tempor incididunt ut labore et dolore magna aliqua. Lorem ipsum dolor sit amet conse ctetur adipisicing elit, sed do eiusmod tempor incididunt ut labore et dolore magna aliqua. Ut enim ad minim veniam, quis nostrud exercitation ullamco laboris nisi ut  Lorem ipsum dolor sit amet conse ctetur adipisicing elit, sed do eiusmod tempor incididunt ut labore et dolore magna aliqua. Ut enim ad minim veniam, quis nostrud exercitation ullamco laboris nisi ut aliquip ex ea commodo consequat. Duis aute irure dolor in reprehenderit in voluptate velit esse cillum dolore eu fugiat nulla pariatur \u003cspan\u003eamet conse ctetur \u003c\/span\u003e\u003cspan\u003eadipisicing elit, sed do eiusmod tempor incididunt ut labore et dolore magna.\u003c\/span\u003e\u003cimg src=\"\/\/cdn.shopify.com\/s\/files\/1\/0026\/2956\/6516\/files\/12_large.png?v=1533833654\" alt=\"\" width=\"272\" height=\"198\" style=\"float: right;\" class=\"my-20 ml-sm-30\"\u003eLorem ipsum dolor sit amet conse ctetur adipisicing elit, sed do eiusmod tempor incididunt ut labore et dolore magna aliqua. Ut enim ad minim veniam, quis nostrud exercitation ullamco laboris nisi ut aliquip ex ea commodo consequat. Duis aute irure dolor in reprehenderit in voluptate velit esse cillum dolore eu fugiat nulla pariatur. Lorem ipsum dolor sit amet conse ctetur adipisicing elit, sed do eiusmod tempor incididunt ut labore et dolore magna aliqua. Lorem ipsum dolor sit amet conse ctetur adipisicing elit, sed do eiusmod tempor incididunt ut labore et dolore magna aliqua. \u003cspan\u003eLorem ipsum dolor sit amet conse ctetur adipisicing elit, sed do eiusmod tempor incididunt ut labore et dolore magna aliqua.\u003c\/span\u003e\u003c\/p\u003e\n\u003ch3\u003eSample Unordered List\u003c\/h3\u003e\n\u003cul class=\"mb-25\"\u003e\n\u003cli\u003eLorem ipsum dolor sit amet conse ctetur adipisicing elit;\u003c\/li\u003e\n\u003cli\u003eSed do eiusmod tempor incididunt ut labore et dolore magna aliqua\u003c\/li\u003e\n\u003cli\u003eQuis nostrud exercitation ullamco laboris nisi ut aliquip.\u003c\/li\u003e\n\u003c\/ul\u003e\n\u003cp class=\"article-text\"\u003eLorem ipsum dolor sit amet conse ctetur adipisicing elit, sed do eiusmod tempor incididunt ut labore et dolore magna aliqua. Ut enim ad minim veniam, quis nostrud exercitation ullamco laboris nisi ut aliquip ex ea commodo consequat. Duis aute irure dolor in reprehenderit in voluptate velit esse cillum dolore eu fugiat nulla pariatur. Lorem ipsum dolor sit amet conse ctetur adipisicing eli.\u003c\/p\u003e\n\u003cblockquote\u003e\n\u003cp\u003eTo create something exceptional, your mindset must be relentlessly focused on the smallest detail.\u003c\/p\u003e\n\u003csite\u003e— Giorgio Armani\u003c\/site\u003e\n\u003c\/blockquote\u003e\n\u003cp class=\"article-text\"\u003eIusmod tempor incididunt ut labore et dolore magna aliqua. Ut enim ad minim veniam, quis nostrud exercitation ullamco laboris nisi ut aliquip ex ea commodo consequat. Duis aute irure dolor in reprehenderit in voluptate velit esse cillum dolore eu fugiat nulla pariatur. Lorem ipsum dolor sit amet conse ctetur adipisicing elit, sed do eiusmod tempor incididunt ut labore et dolore magna aliqua. Ut enim ad minim veniam, quis nostrud exercitation ullamco laboris nisi ut aliquip ex ea commodo consequat. Duis aute irure dolor in reprehenderit in voluptate velit esse cillum dolore eu fugiat nulla pariatur. Lorem ipsum dolor sit amet conse ctetur adipisicing elit, sed do eiusmod tempor incididunt ut labore et dolore magna aliqua. Lorem ipsum dolor sit amet conse ctetur adipisicing eli. \u003cspan\u003eShella \u003c\/span\u003e\u003cspan\u003eS\u003c\/span\u003e\u003cspan\u003ehopify Theme. \u003c\/span\u003e\u003c\/p\u003e","blog_id":23352508450,"author":"Shopify API","user_id":null,"published_at":"2018-10-30T10:22:00-04:00","updated_at":"2019-03-27T13:42:32-04:00","summary_html":"","template_suffix":null,"handle":"the-past-check-out-the-90s-fashion-revival","tags":"","admin_graphql_api_id":"gid:\/\/shopify\/OnlineStoreArticle\/30207836194","image":{"created_at":"2019-03-27T13:42:31-04:00","alt":"","width":1540,"height":1124,"src":"https:\/\/cdn.shopify.com\/s\/files\/1\/0050\/2936\/3746\/articles\/09_5296dd3e-b5ef-439a-bf78-be5dfcdc5cf4.jpg?v=1553708552"}},{"id":30207868962,"title":"The best red lipsticks for spring","created_at":"2019-03-27T13:42:33-04:00","body_html":"\u003cp class=\"article-text\"\u003eLorem ipsum dolor sit amet conse ctetur adipisicing elit, sed do eiusmod tempor incididunt ut labore et dolore magna aliqua. Ut enim ad minim veniam, quis nostrud exercitation ullamco laboris nisi ut aliquip ex ea commodo consequat. Duis aute irure dolor in reprehenderit in voluptate velit esse cillum dolore eu fugiat nulla pariatur. Lorem ipsum dolor sit amet conse ctetur adipisicing elit, sed do eiusmod tempor incididunt ut labore et dolore magna aliqua. Lorem ipsum dolor sit amet conse ctetur adipisicing eli. Shella Shopify Theme.  \u003c\/p\u003e\n\u003cp class=\"article-text\"\u003eNostrud exercitation ullamco laboris nisi ut aliquip ex ea commodo consequat. Duis aute irure dolor in reprehenderit in voluptate velit esse cillum dolore eu fugiat nulla pariatur. Lorem ipsum dolor sit amet conse ctetur. \u003cspan\u003eShella \u003c\/span\u003e\u003cspan\u003eS\u003c\/span\u003e\u003cspan\u003ehopify Theme. \u003c\/span\u003e\u003c\/p\u003e\n\u003ch3\u003eSample Paragraph Text With Images\u003c\/h3\u003e\n\u003cp class=\"article-text\"\u003eLorem ipsum dolor sit amet conse ctetur adipisicing elit, sed do eiusmod tempor incididunt ut labore et dolore magna aliqua. Ut enim ad minim veniam, quis nostrud exercitation ullamco laboris nisi ut aliquip ex ea commodo consequat. Duis aute irure dolor in reprehenderit in voluptate velit esse cillum dolore eu fugiat nulla pariatur. Lorem ipsum dolor sit \u003cspan\u003eamet conse ctetur \u003c\/span\u003eamet conse ctetur adipisicing eli.\u003c\/p\u003e\n\u003cp class=\"article-text\"\u003e\u003cimg src=\"\/\/cdn.shopify.com\/s\/files\/1\/0026\/2956\/6516\/files\/01_9ced00b0-22b8-437f-b3da-5e20738cdd34_large.png?v=1533832119\" alt=\"\" width=\"469\" height=\"343\" style=\"float: left;\" class=\"my-20 mr-sm-30\"\u003eLorem ipsum dolor sit amet conse ctetur adipisicing elit, sed do eiusmod tempor incididunt ut labore et dolore magna aliqua. Ut enim ad minim veniam, quis nostrud exercitation ullamco laboris nisi ut aliquip ex ea commodo consequat. Duis aute irure dolor in reprehenderit in voluptate velit esse cillum dolore eu fugiat nulla pariatur. Lorem ipsum dolor sit amet conse ctetur adipisicing elit, sed do eiusmod tempor incididunt ut labore et dolore magna aliqua. Lorem ipsum dolor sit amet conse ctetur adipisicing elit, sed do eiusmod tempor incididunt ut labore et dolore magna aliqua. Ut enim ad minim veniam, quis nostrud exercitation ullamco laboris nisi ut  Lorem ipsum dolor sit amet conse ctetur adipisicing elit, sed do eiusmod tempor incididunt ut labore et dolore magna aliqua. Ut enim ad minim veniam, quis nostrud exercitation ullamco laboris nisi ut aliquip ex ea commodo consequat. Duis aute irure dolor in reprehenderit in voluptate velit esse cillum dolore eu fugiat nulla pariatur \u003cspan\u003eamet conse ctetur \u003c\/span\u003e\u003cspan\u003eadipisicing elit, sed do eiusmod tempor incididunt ut labore et dolore magna.\u003c\/span\u003e\u003cimg src=\"\/\/cdn.shopify.com\/s\/files\/1\/0026\/2956\/6516\/files\/12_large.png?v=1533833654\" alt=\"\" width=\"272\" height=\"198\" style=\"float: right;\" class=\"my-20 ml-sm-30\"\u003eLorem ipsum dolor sit amet conse ctetur adipisicing elit, sed do eiusmod tempor incididunt ut labore et dolore magna aliqua. Ut enim ad minim veniam, quis nostrud exercitation ullamco laboris nisi ut aliquip ex ea commodo consequat. Duis aute irure dolor in reprehenderit in voluptate velit esse cillum dolore eu fugiat nulla pariatur. Lorem ipsum dolor sit amet conse ctetur adipisicing elit, sed do eiusmod tempor incididunt ut labore et dolore magna aliqua. Lorem ipsum dolor sit amet conse ctetur adipisicing elit, sed do eiusmod tempor incididunt ut labore et dolore magna aliqua. \u003cspan\u003eLorem ipsum dolor sit amet conse ctetur adipisicing elit, sed do eiusmod tempor incididunt ut labore et dolore magna aliqua.\u003c\/span\u003e\u003c\/p\u003e\n\u003ch3\u003eSample Unordered List\u003c\/h3\u003e\n\u003cul class=\"mb-25\"\u003e\n\u003cli\u003eLorem ipsum dolor sit amet conse ctetur adipisicing elit;\u003c\/li\u003e\n\u003cli\u003eSed do eiusmod tempor incididunt ut labore et dolore magna aliqua\u003c\/li\u003e\n\u003cli\u003eQuis nostrud exercitation ullamco laboris nisi ut aliquip.\u003c\/li\u003e\n\u003c\/ul\u003e\n\u003cp class=\"article-text\"\u003eLorem ipsum dolor sit amet conse ctetur adipisicing elit, sed do eiusmod tempor incididunt ut labore et dolore magna aliqua. Ut enim ad minim veniam, quis nostrud exercitation ullamco laboris nisi ut aliquip ex ea commodo consequat. Duis aute irure dolor in reprehenderit in voluptate velit esse cillum dolore eu fugiat nulla pariatur. Lorem ipsum dolor sit amet conse ctetur adipisicing eli.\u003c\/p\u003e\n\u003cblockquote\u003e\n\u003cp\u003eTo create something exceptional, your mindset must be relentlessly focused on the smallest detail.\u003c\/p\u003e\n\u003csite\u003e— Giorgio Armani\u003c\/site\u003e\n\u003c\/blockquote\u003e\n\u003cp class=\"article-text\"\u003eIusmod tempor incididunt ut labore et dolore magna aliqua. Ut enim ad minim veniam, quis nostrud exercitation ullamco laboris nisi ut aliquip ex ea commodo consequat. Duis aute irure dolor in reprehenderit in voluptate velit esse cillum dolore eu fugiat nulla pariatur. Lorem ipsum dolor sit amet conse ctetur adipisicing elit, sed do eiusmod tempor incididunt ut labore et dolore magna aliqua. Ut enim ad minim veniam, quis nostrud exercitation ullamco laboris nisi ut aliquip ex ea commodo consequat. Duis aute irure dolor in reprehenderit in voluptate velit esse cillum dolore eu fugiat nulla pariatur. Lorem ipsum dolor sit amet conse ctetur adipisicing elit, sed do eiusmod tempor incididunt ut labore et dolore magna aliqua. Lorem ipsum dolor sit amet conse ctetur adipisicing eli. \u003cspan\u003eShella \u003c\/span\u003e\u003cspan\u003eS\u003c\/span\u003e\u003cspan\u003ehopify Theme. \u003c\/span\u003e\u003c\/p\u003e","blog_id":23352508450,"author":"Shopify API","user_id":null,"published_at":"2018-10-30T10:21:00-04:00","updated_at":"2019-03-27T13:42:33-04:00","summary_html":"","template_suffix":null,"handle":"the-best-red-lipsticks-for-spring","tags":"","admin_graphql_api_id":"gid:\/\/shopify\/OnlineStoreArticle\/30207868962","image":{"created_at":"2019-03-27T13:42:33-04:00","alt":"","width":1540,"height":1124,"src":"https:\/\/cdn.shopify.com\/s\/files\/1\/0050\/2936\/3746\/articles\/07_ca384582-e17f-45ac-a54c-10d6ed214d8b.jpg?v=1553708553"}},{"id":30207901730,"title":"High-street cleansing creams","created_at":"2019-03-27T13:42:34-04:00","body_html":"\u003cp class=\"article-text\"\u003eLorem ipsum dolor sit amet conse ctetur adipisicing elit, sed do eiusmod tempor incididunt ut labore et dolore magna aliqua. Ut enim ad minim veniam, quis nostrud exercitation ullamco laboris nisi ut aliquip ex ea commodo consequat. Duis aute irure dolor in reprehenderit in voluptate velit esse cillum dolore eu fugiat nulla pariatur. Lorem ipsum dolor sit amet conse ctetur adipisicing elit, sed do eiusmod tempor incididunt ut labore et dolore magna aliqua. Lorem ipsum dolor sit amet conse ctetur adipisicing eli. Shella Shopify Theme.  \u003c\/p\u003e\n\u003cp class=\"article-text\"\u003eNostrud exercitation ullamco laboris nisi ut aliquip ex ea commodo consequat. Duis aute irure dolor in reprehenderit in voluptate velit esse cillum dolore eu fugiat nulla pariatur. Lorem ipsum dolor sit amet conse ctetur. \u003cspan\u003eShella \u003c\/span\u003e\u003cspan\u003eS\u003c\/span\u003e\u003cspan\u003ehopify Theme. \u003c\/span\u003e\u003c\/p\u003e\n\u003ch3\u003eSample Paragraph Text With Images\u003c\/h3\u003e\n\u003cp class=\"article-text\"\u003eLorem ipsum dolor sit amet conse ctetur adipisicing elit, sed do eiusmod tempor incididunt ut labore et dolore magna aliqua. Ut enim ad minim veniam, quis nostrud exercitation ullamco laboris nisi ut aliquip ex ea commodo consequat. Duis aute irure dolor in reprehenderit in voluptate velit esse cillum dolore eu fugiat nulla pariatur. Lorem ipsum dolor sit \u003cspan\u003eamet conse ctetur \u003c\/span\u003eamet conse ctetur adipisicing eli.\u003c\/p\u003e\n\u003cp class=\"article-text\"\u003e\u003cimg src=\"\/\/cdn.shopify.com\/s\/files\/1\/0026\/2956\/6516\/files\/01_9ced00b0-22b8-437f-b3da-5e20738cdd34_large.png?v=1533832119\" alt=\"\" width=\"469\" height=\"343\" style=\"float: left;\" class=\"my-20 mr-sm-30\"\u003eLorem ipsum dolor sit amet conse ctetur adipisicing elit, sed do eiusmod tempor incididunt ut labore et dolore magna aliqua. Ut enim ad minim veniam, quis nostrud exercitation ullamco laboris nisi ut aliquip ex ea commodo consequat. Duis aute irure dolor in reprehenderit in voluptate velit esse cillum dolore eu fugiat nulla pariatur. Lorem ipsum dolor sit amet conse ctetur adipisicing elit, sed do eiusmod tempor incididunt ut labore et dolore magna aliqua. Lorem ipsum dolor sit amet conse ctetur adipisicing elit, sed do eiusmod tempor incididunt ut labore et dolore magna aliqua. Ut enim ad minim veniam, quis nostrud exercitation ullamco laboris nisi ut  Lorem ipsum dolor sit amet conse ctetur adipisicing elit, sed do eiusmod tempor incididunt ut labore et dolore magna aliqua. Ut enim ad minim veniam, quis nostrud exercitation ullamco laboris nisi ut aliquip ex ea commodo consequat. Duis aute irure dolor in reprehenderit in voluptate velit esse cillum dolore eu fugiat nulla pariatur \u003cspan\u003eamet conse ctetur \u003c\/span\u003e\u003cspan\u003eadipisicing elit, sed do eiusmod tempor incididunt ut labore et dolore magna.\u003c\/span\u003e\u003cimg src=\"\/\/cdn.shopify.com\/s\/files\/1\/0026\/2956\/6516\/files\/12_large.png?v=1533833654\" alt=\"\" width=\"272\" height=\"198\" style=\"float: right;\" class=\"my-20 ml-sm-30\"\u003eLorem ipsum dolor sit amet conse ctetur adipisicing elit, sed do eiusmod tempor incididunt ut labore et dolore magna aliqua. Ut enim ad minim veniam, quis nostrud exercitation ullamco laboris nisi ut aliquip ex ea commodo consequat. Duis aute irure dolor in reprehenderit in voluptate velit esse cillum dolore eu fugiat nulla pariatur. Lorem ipsum dolor sit amet conse ctetur adipisicing elit, sed do eiusmod tempor incididunt ut labore et dolore magna aliqua. Lorem ipsum dolor sit amet conse ctetur adipisicing elit, sed do eiusmod tempor incididunt ut labore et dolore magna aliqua. \u003cspan\u003eLorem ipsum dolor sit amet conse ctetur adipisicing elit, sed do eiusmod tempor incididunt ut labore et dolore magna aliqua.\u003c\/span\u003e\u003c\/p\u003e\n\u003ch3\u003eSample Unordered List\u003c\/h3\u003e\n\u003cul class=\"mb-25\"\u003e\n\u003cli\u003eLorem ipsum dolor sit amet conse ctetur adipisicing elit;\u003c\/li\u003e\n\u003cli\u003eSed do eiusmod tempor incididunt ut labore et dolore magna aliqua\u003c\/li\u003e\n\u003cli\u003eQuis nostrud exercitation ullamco laboris nisi ut aliquip.\u003c\/li\u003e\n\u003c\/ul\u003e\n\u003cp class=\"article-text\"\u003eLorem ipsum dolor sit amet conse ctetur adipisicing elit, sed do eiusmod tempor incididunt ut labore et dolore magna aliqua. Ut enim ad minim veniam, quis nostrud exercitation ullamco laboris nisi ut aliquip ex ea commodo consequat. Duis aute irure dolor in reprehenderit in voluptate velit esse cillum dolore eu fugiat nulla pariatur. Lorem ipsum dolor sit amet conse ctetur adipisicing eli.\u003c\/p\u003e\n\u003cblockquote\u003e\n\u003cp\u003eTo create something exceptional, your mindset must be relentlessly focused on the smallest detail.\u003c\/p\u003e\n\u003csite\u003e— Giorgio Armani\u003c\/site\u003e\n\u003c\/blockquote\u003e\n\u003cp class=\"article-text\"\u003eIusmod tempor incididunt ut labore et dolore magna aliqua. Ut enim ad minim veniam, quis nostrud exercitation ullamco laboris nisi ut aliquip ex ea commodo consequat. Duis aute irure dolor in reprehenderit in voluptate velit esse cillum dolore eu fugiat nulla pariatur. Lorem ipsum dolor sit amet conse ctetur adipisicing elit, sed do eiusmod tempor incididunt ut labore et dolore magna aliqua. Ut enim ad minim veniam, quis nostrud exercitation ullamco laboris nisi ut aliquip ex ea commodo consequat. Duis aute irure dolor in reprehenderit in voluptate velit esse cillum dolore eu fugiat nulla pariatur. Lorem ipsum dolor sit amet conse ctetur adipisicing elit, sed do eiusmod tempor incididunt ut labore et dolore magna aliqua. Lorem ipsum dolor sit amet conse ctetur adipisicing eli. \u003cspan\u003eShella \u003c\/span\u003e\u003cspan\u003eS\u003c\/span\u003e\u003cspan\u003ehopify Theme. \u003c\/span\u003e\u003c\/p\u003e","blog_id":23352508450,"author":"Shopify API","user_id":null,"published_at":"2018-10-30T10:19:00-04:00","updated_at":"2019-03-27T13:42:34-04:00","summary_html":"","template_suffix":null,"handle":"high-street-cleansing-creams","tags":"","admin_graphql_api_id":"gid:\/\/shopify\/OnlineStoreArticle\/30207901730","image":{"created_at":"2019-03-27T13:42:34-04:00","alt":"","width":1540,"height":1124,"src":"https:\/\/cdn.shopify.com\/s\/files\/1\/0050\/2936\/3746\/articles\/08_a512b1d4-db09-42f5-9734-a6868e811575.jpg?v=1553708554"}},{"id":30207934498,"title":"How to Layer Sweaters For Extra Warmth \u0026 Style SHELLA STORE","created_at":"2019-03-27T13:42:35-04:00","body_html":"\u003cp class=\"article-text\"\u003eLorem ipsum dolor sit amet conse ctetur adipisicing elit, sed do eiusmod tempor incididunt ut labore et dolore magna aliqua. Ut enim ad minim veniam, quis nostrud exercitation ullamco laboris nisi ut aliquip ex ea commodo consequat. Duis aute irure dolor in reprehenderit in voluptate velit esse cillum dolore eu fugiat nulla pariatur. Lorem ipsum dolor sit amet conse ctetur adipisicing elit, sed do eiusmod tempor incididunt ut labore et dolore magna aliqua. Lorem ipsum dolor sit amet conse ctetur adipisicing eli. Shella Shopify Theme.  \u003c\/p\u003e\n\u003cp class=\"article-text\"\u003eNostrud exercitation ullamco laboris nisi ut aliquip ex ea commodo consequat. Duis aute irure dolor in reprehenderit in voluptate velit esse cillum dolore eu fugiat nulla pariatur. Lorem ipsum dolor sit amet conse ctetur. \u003cspan\u003eShella \u003c\/span\u003e\u003cspan\u003eS\u003c\/span\u003e\u003cspan\u003ehopify Theme. \u003c\/span\u003e\u003c\/p\u003e\n\u003ch3\u003eSample Paragraph Text With Images\u003c\/h3\u003e\n\u003cp class=\"article-text\"\u003eLorem ipsum dolor sit amet conse ctetur adipisicing elit, sed do eiusmod tempor incididunt ut labore et dolore magna aliqua. Ut enim ad minim veniam, quis nostrud exercitation ullamco laboris nisi ut aliquip ex ea commodo consequat. Duis aute irure dolor in reprehenderit in voluptate velit esse cillum dolore eu fugiat nulla pariatur. Lorem ipsum dolor sit \u003cspan\u003eamet conse ctetur \u003c\/span\u003eamet conse ctetur adipisicing eli.\u003c\/p\u003e\n\u003cp class=\"article-text\"\u003e\u003cimg src=\"\/\/cdn.shopify.com\/s\/files\/1\/0026\/2956\/6516\/files\/01_9ced00b0-22b8-437f-b3da-5e20738cdd34_large.png?v=1533832119\" alt=\"\" width=\"469\" height=\"343\" style=\"float: left;\" class=\"my-20 mr-sm-30\"\u003eLorem ipsum dolor sit amet conse ctetur adipisicing elit, sed do eiusmod tempor incididunt ut labore et dolore magna aliqua. Ut enim ad minim veniam, quis nostrud exercitation ullamco laboris nisi ut aliquip ex ea commodo consequat. Duis aute irure dolor in reprehenderit in voluptate velit esse cillum dolore eu fugiat nulla pariatur. Lorem ipsum dolor sit amet conse ctetur adipisicing elit, sed do eiusmod tempor incididunt ut labore et dolore magna aliqua. Lorem ipsum dolor sit amet conse ctetur adipisicing elit, sed do eiusmod tempor incididunt ut labore et dolore magna aliqua. Ut enim ad minim veniam, quis nostrud exercitation ullamco laboris nisi ut  Lorem ipsum dolor sit amet conse ctetur adipisicing elit, sed do eiusmod tempor incididunt ut labore et dolore magna aliqua. Ut enim ad minim veniam, quis nostrud exercitation ullamco laboris nisi ut aliquip ex ea commodo consequat. Duis aute irure dolor in reprehenderit in voluptate velit esse cillum dolore eu fugiat nulla pariatur \u003cspan\u003eamet conse ctetur \u003c\/span\u003e\u003cspan\u003eadipisicing elit, sed do eiusmod tempor incididunt ut labore et dolore magna.\u003c\/span\u003e\u003cimg src=\"\/\/cdn.shopify.com\/s\/files\/1\/0026\/2956\/6516\/files\/12_large.png?v=1533833654\" alt=\"\" width=\"272\" height=\"198\" style=\"float: right;\" class=\"my-20 ml-sm-30\"\u003eLorem ipsum dolor sit amet conse ctetur adipisicing elit, sed do eiusmod tempor incididunt ut labore et dolore magna aliqua. Ut enim ad minim veniam, quis nostrud exercitation ullamco laboris nisi ut aliquip ex ea commodo consequat. Duis aute irure dolor in reprehenderit in voluptate velit esse cillum dolore eu fugiat nulla pariatur. Lorem ipsum dolor sit amet conse ctetur adipisicing elit, sed do eiusmod tempor incididunt ut labore et dolore magna aliqua. Lorem ipsum dolor sit amet conse ctetur adipisicing elit, sed do eiusmod tempor incididunt ut labore et dolore magna aliqua. \u003cspan\u003eLorem ipsum dolor sit amet conse ctetur adipisicing elit, sed do eiusmod tempor incididunt ut labore et dolore magna aliqua.\u003c\/span\u003e\u003c\/p\u003e\n\u003ch3\u003eSample Unordered List\u003c\/h3\u003e\n\u003cul class=\"mb-25\"\u003e\n\u003cli\u003eLorem ipsum dolor sit amet conse ctetur adipisicing elit;\u003c\/li\u003e\n\u003cli\u003eSed do eiusmod tempor incididunt ut labore et dolore magna aliqua\u003c\/li\u003e\n\u003cli\u003eQuis nostrud exercitation ullamco laboris nisi ut aliquip.\u003c\/li\u003e\n\u003c\/ul\u003e\n\u003cp class=\"article-text\"\u003eLorem ipsum dolor sit amet conse ctetur adipisicing elit, sed do eiusmod tempor incididunt ut labore et dolore magna aliqua. Ut enim ad minim veniam, quis nostrud exercitation ullamco laboris nisi ut aliquip ex ea commodo consequat. Duis aute irure dolor in reprehenderit in voluptate velit esse cillum dolore eu fugiat nulla pariatur. Lorem ipsum dolor sit amet conse ctetur adipisicing eli.\u003c\/p\u003e\n\u003cblockquote\u003e\n\u003cp\u003eTo create something exceptional, your mindset must be relentlessly focused on the smallest detail.\u003c\/p\u003e\n\u003csite\u003e— Giorgio Armani\u003c\/site\u003e\n\u003c\/blockquote\u003e\n\u003cp class=\"article-text\"\u003eIusmod tempor incididunt ut labore et dolore magna aliqua. Ut enim ad minim veniam, quis nostrud exercitation ullamco laboris nisi ut aliquip ex ea commodo consequat. Duis aute irure dolor in reprehenderit in voluptate velit esse cillum dolore eu fugiat nulla pariatur. Lorem ipsum dolor sit amet conse ctetur adipisicing elit, sed do eiusmod tempor incididunt ut labore et dolore magna aliqua. Ut enim ad minim veniam, quis nostrud exercitation ullamco laboris nisi ut aliquip ex ea commodo consequat. Duis aute irure dolor in reprehenderit in voluptate velit esse cillum dolore eu fugiat nulla pariatur. Lorem ipsum dolor sit amet conse ctetur adipisicing elit, sed do eiusmod tempor incididunt ut labore et dolore magna aliqua. Lorem ipsum dolor sit amet conse ctetur adipisicing eli. \u003cspan\u003eShella \u003c\/span\u003e\u003cspan\u003eS\u003c\/span\u003e\u003cspan\u003ehopify Theme. \u003c\/span\u003e\u003c\/p\u003e","blog_id":23352508450,"author":"Shopify API","user_id":null,"published_at":"2018-10-30T09:42:00-04:00","updated_at":"2019-03-27T13:42:36-04:00","summary_html":"","template_suffix":null,"handle":"how-to-layer-sweaters-for-extra-warmth-style-shella-store","tags":"Winter","admin_graphql_api_id":"gid:\/\/shopify\/OnlineStoreArticle\/30207934498","image":{"created_at":"2019-03-27T13:42:35-04:00","alt":"","width":1540,"height":2110,"src":"https:\/\/cdn.shopify.com\/s\/files\/1\/0050\/2936\/3746\/articles\/05.jpg?v=1553708556"}},{"id":30207967266,"title":"The Top 10 Trends Of Autumn\/Winter 2019 SHELLA STORE","created_at":"2019-03-27T13:42:37-04:00","body_html":"\u003cp class=\"article-text\"\u003eLorem ipsum dolor sit amet conse ctetur adipisicing elit, sed do eiusmod tempor incididunt ut labore et dolore magna aliqua. Ut enim ad minim veniam, quis nostrud exercitation ullamco laboris nisi ut aliquip ex ea commodo consequat. Duis aute irure dolor in reprehenderit in voluptate velit esse cillum dolore eu fugiat nulla pariatur. Lorem ipsum dolor sit amet conse ctetur adipisicing elit, sed do eiusmod tempor incididunt ut labore et dolore magna aliqua. Lorem ipsum dolor sit amet conse ctetur adipisicing eli. Shella Shopify Theme.  \u003c\/p\u003e\n\u003cp class=\"article-text\"\u003eNostrud exercitation ullamco laboris nisi ut aliquip ex ea commodo consequat. Duis aute irure dolor in reprehenderit in voluptate velit esse cillum dolore eu fugiat nulla pariatur. Lorem ipsum dolor sit amet conse ctetur. \u003cspan\u003eShella \u003c\/span\u003e\u003cspan\u003eS\u003c\/span\u003e\u003cspan\u003ehopify Theme. \u003c\/span\u003e\u003c\/p\u003e\n\u003ch3\u003eSample Paragraph Text With Images\u003c\/h3\u003e\n\u003cp class=\"article-text\"\u003eLorem ipsum dolor sit amet conse ctetur adipisicing elit, sed do eiusmod tempor incididunt ut labore et dolore magna aliqua. Ut enim ad minim veniam, quis nostrud exercitation ullamco laboris nisi ut aliquip ex ea commodo consequat. Duis aute irure dolor in reprehenderit in voluptate velit esse cillum dolore eu fugiat nulla pariatur. Lorem ipsum dolor sit \u003cspan\u003eamet conse ctetur \u003c\/span\u003eamet conse ctetur adipisicing eli.\u003c\/p\u003e\n\u003cp class=\"article-text\"\u003e\u003cimg src=\"\/\/cdn.shopify.com\/s\/files\/1\/0026\/2956\/6516\/files\/01_9ced00b0-22b8-437f-b3da-5e20738cdd34_large.png?v=1533832119\" alt=\"\" width=\"469\" height=\"343\" style=\"float: left;\" class=\"my-20 mr-sm-30\"\u003eLorem ipsum dolor sit amet conse ctetur adipisicing elit, sed do eiusmod tempor incididunt ut labore et dolore magna aliqua. Ut enim ad minim veniam, quis nostrud exercitation ullamco laboris nisi ut aliquip ex ea commodo consequat. Duis aute irure dolor in reprehenderit in voluptate velit esse cillum dolore eu fugiat nulla pariatur. Lorem ipsum dolor sit amet conse ctetur adipisicing elit, sed do eiusmod tempor incididunt ut labore et dolore magna aliqua. Lorem ipsum dolor sit amet conse ctetur adipisicing elit, sed do eiusmod tempor incididunt ut labore et dolore magna aliqua. Ut enim ad minim veniam, quis nostrud exercitation ullamco laboris nisi ut  Lorem ipsum dolor sit amet conse ctetur adipisicing elit, sed do eiusmod tempor incididunt ut labore et dolore magna aliqua. Ut enim ad minim veniam, quis nostrud exercitation ullamco laboris nisi ut aliquip ex ea commodo consequat. Duis aute irure dolor in reprehenderit in voluptate velit esse cillum dolore eu fugiat nulla pariatur \u003cspan\u003eamet conse ctetur \u003c\/span\u003e\u003cspan\u003eadipisicing elit, sed do eiusmod tempor incididunt ut labore et dolore magna.\u003c\/span\u003e\u003cimg src=\"\/\/cdn.shopify.com\/s\/files\/1\/0026\/2956\/6516\/files\/12_large.png?v=1533833654\" alt=\"\" width=\"272\" height=\"198\" style=\"float: right;\" class=\"my-20 ml-sm-30\"\u003eLorem ipsum dolor sit amet conse ctetur adipisicing elit, sed do eiusmod tempor incididunt ut labore et dolore magna aliqua. Ut enim ad minim veniam, quis nostrud exercitation ullamco laboris nisi ut aliquip ex ea commodo consequat. Duis aute irure dolor in reprehenderit in voluptate velit esse cillum dolore eu fugiat nulla pariatur. Lorem ipsum dolor sit amet conse ctetur adipisicing elit, sed do eiusmod tempor incididunt ut labore et dolore magna aliqua. Lorem ipsum dolor sit amet conse ctetur adipisicing elit, sed do eiusmod tempor incididunt ut labore et dolore magna aliqua. \u003cspan\u003eLorem ipsum dolor sit amet conse ctetur adipisicing elit, sed do eiusmod tempor incididunt ut labore et dolore magna aliqua.\u003c\/span\u003e\u003c\/p\u003e\n\u003ch3\u003eSample Unordered List\u003c\/h3\u003e\n\u003cul class=\"mb-25\"\u003e\n\u003cli\u003eLorem ipsum dolor sit amet conse ctetur adipisicing elit;\u003c\/li\u003e\n\u003cli\u003eSed do eiusmod tempor incididunt ut labore et dolore magna aliqua\u003c\/li\u003e\n\u003cli\u003eQuis nostrud exercitation ullamco laboris nisi ut aliquip.\u003c\/li\u003e\n\u003c\/ul\u003e\n\u003cp class=\"article-text\"\u003eLorem ipsum dolor sit amet conse ctetur adipisicing elit, sed do eiusmod tempor incididunt ut labore et dolore magna aliqua. Ut enim ad minim veniam, quis nostrud exercitation ullamco laboris nisi ut aliquip ex ea commodo consequat. Duis aute irure dolor in reprehenderit in voluptate velit esse cillum dolore eu fugiat nulla pariatur. Lorem ipsum dolor sit amet conse ctetur adipisicing eli.\u003c\/p\u003e\n\u003cblockquote\u003e\n\u003cp\u003eTo create something exceptional, your mindset must be relentlessly focused on the smallest detail.\u003c\/p\u003e\n\u003csite\u003e— Giorgio Armani\u003c\/site\u003e\n\u003c\/blockquote\u003e\n\u003cp class=\"article-text\"\u003eIusmod tempor incididunt ut labore et dolore magna aliqua. Ut enim ad minim veniam, quis nostrud exercitation ullamco laboris nisi ut aliquip ex ea commodo consequat. Duis aute irure dolor in reprehenderit in voluptate velit esse cillum dolore eu fugiat nulla pariatur. Lorem ipsum dolor sit amet conse ctetur adipisicing elit, sed do eiusmod tempor incididunt ut labore et dolore magna aliqua. Ut enim ad minim veniam, quis nostrud exercitation ullamco laboris nisi ut aliquip ex ea commodo consequat. Duis aute irure dolor in reprehenderit in voluptate velit esse cillum dolore eu fugiat nulla pariatur. Lorem ipsum dolor sit amet conse ctetur adipisicing elit, sed do eiusmod tempor incididunt ut labore et dolore magna aliqua. Lorem ipsum dolor sit amet conse ctetur adipisicing eli. \u003cspan\u003eShella \u003c\/span\u003e\u003cspan\u003eS\u003c\/span\u003e\u003cspan\u003ehopify Theme. \u003c\/span\u003e\u003c\/p\u003e","blog_id":23352508450,"author":"Shopify API","user_id":null,"published_at":"2018-10-30T09:41:00-04:00","updated_at":"2019-03-27T13:42:37-04:00","summary_html":"","template_suffix":null,"handle":"the-top-10-trends-of-autumn-winter-2019-shella-store","tags":"Sunglasses","admin_graphql_api_id":"gid:\/\/shopify\/OnlineStoreArticle\/30207967266","image":{"created_at":"2019-03-27T13:42:37-04:00","alt":"","width":1540,"height":2110,"src":"https:\/\/cdn.shopify.com\/s\/files\/1\/0050\/2936\/3746\/articles\/04.jpg?v=1553708557"}}]}