{"blogs":[{"id":23352442914,"handle":"article","title":"Article","updated_at":"2019-03-27T13:42:20-04:00","commentable":"no","feedburner":null,"feedburner_location":null,"created_at":"2019-03-27T13:42:20-04:00","template_suffix":null,"tags":"","admin_graphql_api_id":"gid:\/\/shopify\/OnlineStoreBlog\/23352442914"},{"id":23352475682,"handle":"blog","title":"Blog","updated_at":"2019-03-27T13:42:26-04:00","commentable":"no","feedburner":null,"feedburner_location":null,"created_at":"2019-03-27T13:42:20-04:00","template_suffix":null,"tags":"Vintage","admin_graphql_api_id":"gid:\/\/shopify\/OnlineStoreBlog\/23352475682"},{"id":23352508450,"handle":"masonry","title":"Masonry","updated_at":"2019-03-27T13:42:37-04:00","commentable":"moderate","feedburner":null,"feedburner_location":null,"created_at":"2019-03-27T13:42:27-04:00","template_suffix":null,"tags":"Sunglasses, Beachwear, Winter","admin_graphql_api_id":"gid:\/\/shopify\/OnlineStoreBlog\/23352508450"},{"id":22992420898,"handle":"news","title":"News","updated_at":"2019-03-07T09:24:50-05:00","commentable":"no","feedburner":null,"feedburner_location":null,"created_at":"2019-03-07T09:24:50-05:00","template_suffix":null,"tags":"","admin_graphql_api_id":"gid:\/\/shopify\/OnlineStoreBlog\/22992420898"},{"id":23352541218,"handle":"news-1","title":"News","updated_at":"2019-03-27T13:42:54-04:00","commentable":"no","feedburner":null,"feedburner_location":null,"created_at":"2019-03-27T13:42:38-04:00","template_suffix":null,"tags":"Summer, Awesome, Nice, Cool","admin_graphql_api_id":"gid:\/\/shopify\/OnlineStoreBlog\/23352541218"}]}