{
  "current": {
    "purchase_code": "",
    "presentation_enable": true,
    "logo_types": "svg",
    "logo_svg_file": "svg-logo-furniture",
    "logo_image": "",
    "logo_width": 110,
    "logo_mobile_svg_file": "",
    "logo_mobile_image": "",
    "logo_mobile_width": 34,
    "logo_sticky_svg_file": "",
    "logo_sticky_image": "",
    "logo_sticky_width": 34,
    "logo_footer_svg_file": "svg-logo-furniture-mobile",
    "logo_footer_image": "",
    "logo_footer_width": 110,
    "logo_footer_mobile_svg_file": "",
    "logo_footer_mobile_image": "",
    "logo_footer_mobile_width": 64,
    "favicon": "shopify:\/\/shop_images\/favicon.png",
    "layout_container": "fullwidth",
    "layout_show_breadcrumbs": true,
    "layout_pagination_type": "button_load_more",
    "layout_enable_rtl": false,
    "layout_images_lazyload": true,
    "layout_settings_file": "skin-7",
    "color_skin": "skin-7",
    "color_theme": "",
    "color_theme2": "",
    "color_theme3": "",
    "color_theme4": "",
    "color_theme5": "",
    "color_theme6": "",
    "color_theme7": "",
    "color_theme8": "",
    "color_theme9": "",
    "color_theme10": "",
    "color_theme11": "",
    "color_theme_primary": "",
    "color_theme_body": "",
    "color_theme_c": "",
    "color_theme_paragraph_c": "",
    "color_theme_head_c": "",
    "color_theme_link_c": "",
    "color_theme_link_act_c": "",
    "typography_skin": "skin-7",
    "font_base": "helvetica_n4",
    "font_base_apply_to_all": false,
    "font_base_type": "none",
    "font_size_body": 15,
    "font_heading": "optima_nova_n4",
    "font_heading_type": "bold",
    "font_size_h1": 44,
    "font_size_h2": 32,
    "font_size_h3": 24,
    "font_size_h4": 18,
    "font_size_h5": 15,
    "font_size_h6": 15,
    "font_button": "basic_commercial_n4",
    "font_size_button": 15,
    "font_size_input": 13,
    "font_menu": "basic_commercial_n4",
    "font_size_menu": 15,
    "font_size_menu_list": 15,
    "font_size_menu_title": 15,
    "font_size_menu_mobile": 15,
    "font_load_alternative": false,
    "font_alternative": "basic_commercial_n4",
    "font_alternative_type": "none",
    "collection_show_sidebar": "hide",
    "collection_sidebar_position": "left",
    "collection_enable_sticky": true,
    "collection_tag_filters_logic": "and",
    "collection_only_available": false,
    "collection_enable_fullwidth_head_section": false,
    "collection_enable_product_carousel_section": false,
    "collection_builder_mode": "",
    "product_format_pjpg": true,
    "product_show_review_loading": false,
    "product_button_addtocart_size": "large",
    "product_cursor": "",
    "product_show_custom_options": true,
    "product_enable_variants_section": false,
    "product_hide_options_without_availability_variants": true,
    "product_variant_auto_select": "enable",
    "product_auto_selected_options": "",
    "product_variant_change_on_hover": false,
    "product_options_listing_visibility": "all",
    "product_options_type_circle_color": "Color|Colour",
    "product_options_type_circle_image": "",
    "product_options_type_square_color": "",
    "product_options_type_square_image": "",
    "product_options_type_select": "",
    "product_options_type_large_text": "",
    "product_collection_image_height_percent": 100,
    "product_collection_image_size": "contain",
    "product_collection_image_border_radius": 0,
    "product_replace_images_hover": true,
    "product_collection_show_label_in_stock": false,
    "product_collection_show_label_out_stock": true,
    "product_collection_show_label_sale": true,
    "product_collection_show_label_new": true,
    "product_collection_show_label_hot": true,
    "product_collection_centered_info": true,
    "product_collection_more_info_type": "hide",
    "product_collection_show_title": true,
    "product_collection_show_price": true,
    "product_collection_show_button_quick_view": false,
    "product_collection_show_countdown": true,
    "product_collection_show_images_navigation": false,
    "product_collection_show_options": true,
    "product_collection_show_quantity": false,
    "product_collection_show_button_add_to_cart": false,
    "product_collection_show_button_add_to_wishlist": true,
    "product_collection_show_button_add_to_compare": true,
    "product_collection_show_reviews": true,
    "product_collection_hide_reviews_counter": true,
    "product_collection_hide_reviews_mobile_counter": true,
    "product_collection_hide_empty_reviews": true,
    "product_collection_show_sku": true,
    "product_collection_show_barcode": false,
    "product_collection_show_availability": true,
    "product_collection_show_type": true,
    "product_collection_show_vendor": true,
    "product_collection_show_description": true,
    "product_info_layout": "1",
    "product_info_show_arrows": true,
    "product_info_show_btn_fullscreen": true,
    "product_info_show_btn_video": true,
    "product_info_video_autoplay": true,
    "product_info_enable_zoom": true,
    "product_info_gallery_height_percent": 100,
    "product_info_show_label_in_stock": true,
    "product_info_show_label_out_stock": true,
    "product_info_show_label_sale": true,
    "product_info_show_label_new": true,
    "product_info_show_label_hot": true,
    "product_info_show_collections": false,
    "product_info_show_title": true,
    "product_info_show_price": true,
    "product_info_show_sale_details": true,
    "product_info_show_taxes": false,
    "product_info_show_sku": true,
    "product_info_show_barcode": true,
    "product_info_show_availability": false,
    "product_info_show_type": true,
    "product_info_show_vendor": true,
    "product_info_show_reviews": true,
    "product_info_hide_reviews_counter": false,
    "product_info_hide_empty_reviews": true,
    "product_info_show_countdown": true,
    "product_info_show_options": true,
    "product_info_show_quantity": true,
    "product_info_show_notes": false,
    "product_info_show_size_guide": false,
    "product_info_size_guide_page_content": "",
    "product_info_show_delivery_return": false,
    "product_info_delivery_return_page_content": "",
    "product_info_button_layout": "1",
    "product_info_show_button_add_to_cart": true,
    "product_info_show_button_add_to_wishlist": true,
    "product_info_show_button_add_to_compare": true,
    "product_info_show_payments": false,
    "product_info_payments_type": "dark",
    "product_info_page_enable_sticky_gallery": true,
    "product_info_page_show_button_dynamic_checkout": false,
    "product_info_page_show_dynamic_checkout_confirmation": true,
    "product_info_page_styled_dynamic_checkout": true,
    "product_info_page_show_related_products": true,
    "product_info_page_show_usage_info_sidebar": true,
    "product_info_page_sidebar": "off",
    "product_info_page_enable_sticky_sidebar": true,
    "product_footbar_enable": false,
    "product_footbar_show_title": true,
    "product_footbar_show_price": true,
    "product_footbar_show_reviews": true,
    "product_footbar_show_options": true,
    "product_footbar_show_quantity": true,
    "product_footbar_show_button_add_to_cart": true,
    "product_info_quick_show_full_details": true,
    "product_info_show_stock_countdown": false,
    "product_info_show_stock_countdown_range": true,
    "product_stock_countdown_min": 10,
    "product_info_show_text_countdown": false,
    "product_text_countdown_reset_time": 2,
    "product_text_countdown_delivery_time": 3,
    "product_text_countdown_delivery_format": "Day DD\/MM\/YYYY",
    "product_text_countdown_delivery_excludes": "Saturday, Sunday",
    "product_info_show_visitors": false,
    "product_visitors_min": 10,
    "product_visitors_max": 25,
    "product_visitors_stroke": 4,
    "product_visitors_interval_min": 2,
    "product_visitors_interval_max": 6,
    "search_show": false,
    "search_show_only_products": false,
    "search_ajax": true,
    "price_show_sale_separator": false,
    "show_multiple_currencies": false,
    "currency_format": "money_with_currency_format",
    "supported_currencies": "USD EUR GBP",
    "supported_currencies_short_names": "US($)|UE(€)|BP(£)",
    "supported_currencies_full_names": "USD - US Dollar|EUR - Euro|GBP - British Pound",
    "default_currency": "USD",
    "cart_show_header_button": true,
    "cart_popup_enable": true,
    "cart_ajax": true,
    "cart_icon": "",
    "cart_show_vendor": false,
    "cart_show_notes": true,
    "cart_show_free_shipping": false,
    "cart_free_shipping_value": "20000",
    "shipping_calculator": "Enabled",
    "shipping_calculator_default_country": "United States",
    "wishlist_enable": false,
    "compare_enable": false,
    "compare_show_description": true,
    "compare_show_collection": true,
    "compare_show_availability": true,
    "compare_show_product_type": true,
    "compare_show_vendor": true,
    "compare_show_sku": true,
    "compare_show_barcode": true,
    "compare_show_options": true,
    "compare_description_max_size": 100,
    "payment_footer_sequence": "1,2,3,4,5,6,7,8,9",
    "payment_product_sequence": "10,11,12,1,2,3,4,5,6,7,8,9",
    "payment_icon_1_show": true,
    "payment_icon_1_code": "",
    "payment_icon_1_image": "",
    "payment_icon_1_url": "",
    "payment_icon_1_tooltip": "",
    "payment_icon_2_show": true,
    "payment_icon_2_code": "",
    "payment_icon_2_image": "",
    "payment_icon_2_url": "",
    "payment_icon_2_tooltip": "",
    "payment_icon_3_show": true,
    "payment_icon_3_code": "",
    "payment_icon_3_image": "",
    "payment_icon_3_url": "",
    "payment_icon_3_tooltip": "",
    "payment_icon_4_show": true,
    "payment_icon_4_code": "",
    "payment_icon_4_image": "",
    "payment_icon_4_url": "",
    "payment_icon_4_tooltip": "",
    "payment_icon_5_show": true,
    "payment_icon_5_code": "",
    "payment_icon_5_image": "",
    "payment_icon_5_url": "",
    "payment_icon_5_tooltip": "",
    "payment_icon_6_show": true,
    "payment_icon_6_code": "",
    "payment_icon_6_image": "",
    "payment_icon_6_url": "",
    "payment_icon_6_tooltip": "",
    "payment_icon_7_show": true,
    "payment_icon_7_code": "",
    "payment_icon_7_image": "",
    "payment_icon_7_url": "",
    "payment_icon_7_tooltip": "",
    "payment_icon_8_show": true,
    "payment_icon_8_code": "",
    "payment_icon_8_image": "",
    "payment_icon_8_url": "",
    "payment_icon_8_tooltip": "",
    "payment_icon_9_show": true,
    "payment_icon_9_code": "",
    "payment_icon_9_image": "",
    "payment_icon_9_url": "",
    "payment_icon_9_tooltip": "",
    "payment_icon_10_show": true,
    "payment_icon_10_code": "",
    "payment_icon_10_image": "",
    "payment_icon_10_url": "",
    "payment_icon_10_tooltip": "",
    "payment_icon_11_show": true,
    "payment_icon_11_code": "",
    "payment_icon_11_image": "",
    "payment_icon_11_url": "",
    "payment_icon_11_tooltip": "",
    "payment_icon_12_show": true,
    "payment_icon_12_code": "",
    "payment_icon_12_image": "",
    "payment_icon_12_url": "",
    "payment_icon_12_tooltip": "",
    "social_share_image": "",
    "social_facebook": "https:\/\/www.facebook.com\/",
    "social_twitter": "https:\/\/twitter.com\/",
    "social_instagram": "https:\/\/www.instagram.com\/",
    "social_pinterest": "https:\/\/www.pinterest.com\/",
    "social_youtube": "https:\/\/www.youtube.com\/",
    "social_behance": "https:\/\/www.behance.net\/",
    "social_skype": "https:\/\/www.skype.com\/",
    "subscription_method": "shopify",
    "subscription_mailchimp_form_action": "\/\/myshopify.us18.list-manage.com\/subscribe\/post?u=8a50b61e56896303a04d0243e&amp;id=3c3d06b907",
    "subscription_popup_enable": true,
    "subscription_popup_layout": "1",
    "subscription_popup_show_icon": false,
    "subscription_popup_text_line_01": "NEWSLETTER SUBSCRIPTION",
    "subscription_popup_text_line_02": "Sign up for Shella updates to receive information about new arrivals, future events and special.",
    "subscription_popup_text_line_03": "",
    "subscription_popup_text_line_04": "",
    "subscription_popup_show_form": true,
    "subscription_popup_text_input_placeholder": "Enter please your email address",
    "subscription_popup_text_submit_button_text": "Subscribe!",
    "subscription_popup_text_button": "",
    "subscription_popup_text_dont_show_again": "Don't show this popup again",
    "subscription_popup_text_close": "",
    "subscription_popup_image": "",
    "subscription_popup_image_width": 600,
    "subscription_popup_image_format_pjpg": true,
    "subscription_popup_insert_image": "",
    "subscription_popup_insert_image_width": 200,
    "subscription_popup_insert_image_format_pjpg": false,
    "subscription_popup_link": "shopify:\/\/collections\/bags-accessories",
    "subscription_popup_show_once": "false",
    "subscription_popup_delay": 8,
    "subscription_popup_cookies_life": "1",
    "subscription_confirmation_popup_enable": true,
    "subscription_confirmation_popup_success_message": "Thanks for subscribing!",
    "subscription_confirmation_popup_success_button": "Continue shopping",
    "blog_show_sidebar": "hide",
    "blog_sidebar_position": "right",
    "blog_enable_sticky": true,
    "article_show_sidebar": "hide",
    "article_sidebar_position": "right",
    "article_enable_sticky": true,
    "account_show_header_button": true,
    "account_popup_enable": true,
    "account_popup_sign_up_info_page_content": "",
    "account_popup_show_subscription": true,
    "account_page_sing_up_page_content": "",
    "services_show_header_button": false,
    "services_popup_enable": true,
    "services_popup_page_content": "",
    "javascript_loader_jquery_first": false,
    "app_language": "none",
    "app_language_link_list": "",
    "button_border_radius": 0,
    "input_border_radius": 0,
    "promobox_image_border_radius": 0,
    "promobox_format_pjpg": true,
    "notification_cookies_enable": true,
    "notification_cookies_button_information_link": "",
    "notification_cookies_delay": 0,
    "notification_cookies_show_once": true,
    "notification_cookies_cookies_life": "1",
    "notification_products_enable": true,
    "notification_products_collection": "",
    "notification_products_range_min": 2,
    "notification_products_range_max": 20,
    "notification_products_delay": 8,
    "notification_products_interval_min": 10,
    "notification_products_interval_max": 18,
    "notification_products_time_life": 14,
    "layout_enable_preloader": false,
    "layout_preloader_image": "",
    "layout_preloader_image_size": 100,
    "layout_preloader_opacity": 0.8,
    "promobox_animation_duration": 0.5,
    "tooltips_enable": false,
    "tooltips_animation_type": "scale",
    "header_animation_sticky_opacity": 0.9,
    "header_tape_animation_duration": 0.3,
    "product_hover_animation_type": "fade",
    "buttons_animation_icon_enable": true,
    "dev_enable_custom_css": false,
    "dev_enable_custom_js": false,
    "dev_enable_content_for_header": true,
    "checkout_header_image": "",
    "checkout_logo_image": "",
    "checkout_logo_position": "left",
    "checkout_logo_size": "medium",
    "checkout_body_background_image": "",
    "checkout_body_background_color": "#fff",
    "checkout_input_background_color_mode": "white",
    "checkout_sidebar_background_image": "",
    "checkout_sidebar_background_color": "#fafafa",
    "checkout_heading_font": "-apple-system, BlinkMacSystemFont, 'Segoe UI', Roboto, Helvetica, Arial, sans-serif, 'Apple Color Emoji', 'Segoe UI Emoji', 'Segoe UI Symbol'",
    "checkout_body_font": "-apple-system, BlinkMacSystemFont, 'Segoe UI', Roboto, Helvetica, Arial, sans-serif, 'Apple Color Emoji', 'Segoe UI Emoji', 'Segoe UI Symbol'",
    "checkout_accent_color": "#197bbd",
    "checkout_button_color": "#197bbd",
    "checkout_error_color": "#e32c2b",
    "sections": {
      "header": {
        "type": "header",
        "settings": {
          "type": "4",
          "style": "1",
          "menu": "main-menu",
          "show_menu_arrows": true,
          "show_menu_hover_underline": true,
          "vertical_menu": "",
          "fixed_vertical_menu": false,
          "additional_line_info_page_content": "",
          "sticky": "desktop_and_mobile",
          "desktop_sticky_type": "slim"
        }
      },
      "footer": {
        "type": "footer",
        "blocks": {
          "1591402512642": {
            "type": "menu",
            "settings": {
              "title": "",
              "show_title_on_desktop": false,
              "menu": "footer",
              "size": 4,
              "rows_limit": 0
            }
          },
          "1591402524626": {
            "type": "menu",
            "settings": {
              "title": "",
              "show_title_on_desktop": false,
              "menu": "footer-menu-2",
              "size": 4,
              "rows_limit": 0
            }
          },
          "1591402536417": {
            "type": "subscription",
            "settings": {
              "title": "<span class=\"h2 text-capitalize\">Newsletter<span><\/span><\/span>",
              "paragraph": "Sign up for Shella updates to receive information about new arrivals, future events and specials.",
              "placeholder": "Enter Your Email Address",
              "button_text": "Subscribe!"
            }
          },
          "1591402539386": {
            "type": "social_media",
            "settings": {
              "title": "<span class=\"ff-base\">Follow us<\/span>",
              "show_facebook": true,
              "show_twitter": false,
              "show_instagram": true,
              "show_pinterest": true,
              "show_youtube": false,
              "show_behance": false,
              "show_skype": false
            }
          },
          "1591402558466": {
            "type": "copyright",
            "settings": {
              "page_content": ""
            }
          }
        },
        "block_order": [
          "1591402512642",
          "1591402524626",
          "1591402536417",
          "1591402539386",
          "1591402558466"
        ],
        "settings": {
          "type": "2",
          "style": "2",
          "show_logo": true,
          "show_button_back_to_top": true,
          "enable_fixed": true
        }
      },
      "1591402573201": {
        "type": "home-builder",
        "blocks": {
          "1591402583129": {
            "type": "promobox",
            "settings": {
              "url": "shopify:\/\/collections\/women-s",
              "image": "shopify:\/\/shop_images\/parallax-1_882188a2-dc25-417a-95ee-40c9de2bf1a5.jpg",
              "image_size": 1450,
              "image_mobile": "shopify:\/\/shop_images\/parallax-1-mob.jpg",
              "image_mobile_size": 550,
              "image_position_x": 50,
              "color_image_mask": "",
              "image_mask_opacity": 0.5,
              "text_line_1": "",
              "text_line_2": "Modern wood <br>dining chairs",
              "text_line_3": "",
              "style": "1",
              "button_1": "Discover More",
              "button_1_url": "",
              "color_button_type_1": "secondary",
              "button_2": "Button #2 text",
              "button_2_url": "",
              "color_button_type_2": "default",
              "list_1": "",
              "custom_html": "",
              "video_external_url": "",
              "video_mp4_url": "",
              "video_autoplay": true,
              "video_controls": false,
              "type": "type-1-background-2",
              "content_position": "center",
              "content_align": "center",
              "content_width": 100,
              "height": "auto",
              "min_height": 550,
              "size_of_column": "auto",
              "visible": "desktop_mobile",
              "parallax": "to_top",
              "animation_to": "none",
              "animation_from": "none",
              "animation_opacity": "none",
              "animation_text": "none",
              "customization_class": "promobox--modification-1"
            }
          }
        },
        "block_order": [
          "1591402583129"
        ],
        "settings": {
          "title": "",
          "container": "fullwidth",
          "size_of_columns": "1",
          "margins_for_columns": "none",
          "align_of_columns": "top_center",
          "disable_column_paddings": false,
          "precedence": "",
          "customization_class": ""
        }
      },
      "1591402613478": {
        "type": "spacer",
        "settings": {
          "margin_top": 100,
          "margin_bottom": 40,
          "margin_top_mobile": 10,
          "margin_bottom_mobile": 0,
          "container": "boxed",
          "show_separator": false
        }
      },
      "1591402638547": {
        "type": "home-builder",
        "blocks": {
          "1591402669530": {
            "type": "promobox",
            "settings": {
              "url": "\/collections\/all",
              "image": "shopify:\/\/shop_images\/2.jpg",
              "image_size": 1450,
              "image_mobile": "",
              "image_mobile_size": 550,
              "image_position_x": 50,
              "color_image_mask": "",
              "image_mask_opacity": 0.5,
              "text_line_1": "Text line #1",
              "text_line_2": "Text line #2",
              "text_line_3": "Text line #3",
              "style": "1",
              "button_1": "Discover More",
              "button_1_url": "",
              "color_button_type_1": "secondary",
              "button_2": "Button #2 text",
              "button_2_url": "",
              "color_button_type_2": "default",
              "list_1": "",
              "custom_html": "",
              "video_external_url": "",
              "video_mp4_url": "",
              "video_autoplay": true,
              "video_controls": false,
              "type": "clean",
              "content_position": "center",
              "content_align": "center",
              "content_width": 100,
              "height": "auto",
              "min_height": 0,
              "size_of_column": "9",
              "visible": "desktop_mobile",
              "parallax": "disable",
              "animation_to": "none",
              "animation_from": "none",
              "animation_opacity": "none",
              "animation_text": "none",
              "customization_class": ""
            }
          }
        },
        "block_order": [
          "1591402669530"
        ],
        "settings": {
          "title": "",
          "container": "boxed",
          "size_of_columns": "1",
          "margins_for_columns": "none",
          "align_of_columns": "top_center",
          "disable_column_paddings": false,
          "precedence": "",
          "customization_class": ""
        }
      },
      "1591402718819": {
        "type": "spacer",
        "settings": {
          "margin_top": 100,
          "margin_bottom": 40,
          "margin_top_mobile": 30,
          "margin_bottom_mobile": 0,
          "container": "boxed",
          "show_separator": false
        }
      },
      "1591402734707": {
        "type": "home-builder",
        "blocks": {
          "1591402739373": {
            "type": "promobox",
            "settings": {
              "url": "shopify:\/\/collections\/womens",
              "image": "shopify:\/\/shop_images\/3.jpg",
              "image_size": 1450,
              "image_mobile": "",
              "image_mobile_size": 550,
              "image_position_x": 50,
              "color_image_mask": "",
              "image_mask_opacity": 0.5,
              "text_line_1": "Text line #1",
              "text_line_2": "Text line #2",
              "text_line_3": "Text line #3",
              "style": "1",
              "button_1": "Button #1 text",
              "button_1_url": "",
              "color_button_type_1": "default",
              "button_2": "Button #2 text",
              "button_2_url": "",
              "color_button_type_2": "default",
              "list_1": "",
              "custom_html": "",
              "video_external_url": "",
              "video_mp4_url": "",
              "video_autoplay": true,
              "video_controls": false,
              "type": "clean",
              "content_position": "center",
              "content_align": "center",
              "content_width": 100,
              "height": "auto",
              "min_height": 0,
              "size_of_column": "auto",
              "visible": "desktop_mobile",
              "parallax": "disable",
              "animation_to": "none",
              "animation_from": "none",
              "animation_opacity": "none",
              "animation_text": "none",
              "customization_class": ""
            }
          },
          "1591402741478": {
            "type": "promobox",
            "settings": {
              "url": "\/collections\/all",
              "image": "shopify:\/\/shop_images\/4.jpg",
              "image_size": 1450,
              "image_mobile": "",
              "image_mobile_size": 550,
              "image_position_x": 50,
              "color_image_mask": "",
              "image_mask_opacity": 0.5,
              "text_line_1": "Text line #1",
              "text_line_2": "Text line #2",
              "text_line_3": "Text line #3",
              "style": "1",
              "button_1": "Button #1 text",
              "button_1_url": "",
              "color_button_type_1": "default",
              "button_2": "Button #2 text",
              "button_2_url": "",
              "color_button_type_2": "default",
              "list_1": "",
              "custom_html": "",
              "video_external_url": "",
              "video_mp4_url": "",
              "video_autoplay": true,
              "video_controls": false,
              "type": "clean",
              "content_position": "center",
              "content_align": "center",
              "content_width": 100,
              "height": "auto",
              "min_height": 0,
              "size_of_column": "auto",
              "visible": "desktop_mobile",
              "parallax": "disable",
              "animation_to": "none",
              "animation_from": "none",
              "animation_opacity": "none",
              "animation_text": "none",
              "customization_class": ""
            }
          }
        },
        "block_order": [
          "1591402739373",
          "1591402741478"
        ],
        "settings": {
          "title": "",
          "container": "boxed",
          "size_of_columns": "2",
          "margins_for_columns": "preset_1",
          "align_of_columns": "top_center",
          "disable_column_paddings": false,
          "precedence": "",
          "customization_class": ""
        }
      },
      "1591402810700": {
        "type": "home-builder",
        "blocks": {
          "1591402814748": {
            "type": "promobox",
            "settings": {
              "url": "\/collections\/all",
              "image": "",
              "image_size": 1450,
              "image_mobile": "",
              "image_mobile_size": 550,
              "image_position_x": 50,
              "color_image_mask": "",
              "image_mask_opacity": 0.5,
              "text_line_1": "Chairs with wool upholstery",
              "text_line_2": "Lorem ipsum dolor sit amet conse stetur adipisicing elit, sed do eiusmod tempor incididunt ut <br class=\"d-none d-lg-inline\">labore et dolore magna aliqua.",
              "text_line_3": "Text line #3",
              "style": "2",
              "button_1": "Discover More",
              "button_1_url": "",
              "color_button_type_1": "secondary",
              "button_2": "Button #2 text",
              "button_2_url": "",
              "color_button_type_2": "default",
              "list_1": "",
              "custom_html": "",
              "video_external_url": "",
              "video_mp4_url": "",
              "video_autoplay": true,
              "video_controls": false,
              "type": "text-6",
              "content_position": "center",
              "content_align": "center",
              "content_width": 100,
              "height": "auto",
              "min_height": 0,
              "size_of_column": "auto",
              "visible": "desktop_mobile",
              "parallax": "disable",
              "animation_to": "none",
              "animation_from": "none",
              "animation_opacity": "none",
              "animation_text": "none",
              "customization_class": ""
            }
          }
        },
        "block_order": [
          "1591402814748"
        ],
        "settings": {
          "title": "",
          "container": "boxed",
          "size_of_columns": "1",
          "margins_for_columns": "none",
          "align_of_columns": "top_center",
          "disable_column_paddings": false,
          "precedence": "",
          "customization_class": ""
        }
      },
      "1591402838046": {
        "type": "spacer",
        "settings": {
          "margin_top": 100,
          "margin_bottom": 40,
          "margin_top_mobile": 30,
          "margin_bottom_mobile": 0,
          "container": "boxed",
          "show_separator": false
        }
      },
      "1591402862075": {
        "type": "carousel-products",
        "blocks": {
          "1591402866331": {
            "type": "collection",
            "settings": {
              "title": "",
              "collection": "featured-products"
            }
          }
        },
        "block_order": [
          "1591402866331"
        ],
        "settings": {
          "show_title": true,
          "container": "boxed",
          "size_of_columns": "3",
          "max_count": 6,
          "autoplay": true,
          "speed": 5,
          "infinite": true,
          "arrows": true,
          "bullets": true
        }
      },
      "1591402898331": {
        "type": "spacer",
        "settings": {
          "margin_top": 100,
          "margin_bottom": 40,
          "margin_top_mobile": 65,
          "margin_bottom_mobile": 0,
          "container": "boxed",
          "show_separator": false
        }
      },
      "1591403320243": {
        "type": "home-builder",
        "blocks": {
          "1591403348463": {
            "type": "promobox",
            "settings": {
              "url": "\/collections\/all",
              "image": "shopify:\/\/shop_images\/parallax-2_d84c345e-e339-426f-8a47-b77b2927584c.jpg",
              "image_size": 1450,
              "image_mobile": "",
              "image_mobile_size": 550,
              "image_position_x": 50,
              "color_image_mask": "",
              "image_mask_opacity": 0.5,
              "text_line_1": "Text line #1",
              "text_line_2": "Text line #2",
              "text_line_3": "Text line #3",
              "style": "1",
              "button_1": "Button #1 text",
              "button_1_url": "",
              "color_button_type_1": "default",
              "button_2": "Button #2 text",
              "button_2_url": "",
              "color_button_type_2": "default",
              "list_1": "",
              "custom_html": "",
              "video_external_url": "",
              "video_mp4_url": "",
              "video_autoplay": true,
              "video_controls": false,
              "type": "clean",
              "content_position": "center",
              "content_align": "center",
              "content_width": 100,
              "height": "60",
              "min_height": 0,
              "size_of_column": "auto",
              "visible": "desktop_mobile",
              "parallax": "to_top",
              "animation_to": "none",
              "animation_from": "none",
              "animation_opacity": "none",
              "animation_text": "none",
              "customization_class": ""
            }
          },
          "1591403350418": {
            "type": "promobox",
            "settings": {
              "url": "\/collections\/all",
              "image": "",
              "image_size": 1450,
              "image_mobile": "",
              "image_mobile_size": 550,
              "image_position_x": 50,
              "color_image_mask": "",
              "image_mask_opacity": 0.5,
              "text_line_1": "A great About Us page helps builds trust between you and your customers. The more content you provide about you and your business, the more confident people will be when purchasing from your store.",
              "text_line_2": "",
              "text_line_3": "Text line #3",
              "style": "2",
              "button_1": "",
              "button_1_url": "",
              "color_button_type_1": "default",
              "button_2": "Button #2 text",
              "button_2_url": "",
              "color_button_type_2": "default",
              "list_1": "include-promobox-image",
              "custom_html": "",
              "video_external_url": "",
              "video_mp4_url": "",
              "video_autoplay": true,
              "video_controls": false,
              "type": "text-3",
              "content_position": "center_left",
              "content_align": "center",
              "content_width": 100,
              "height": "auto",
              "min_height": 0,
              "size_of_column": "auto",
              "visible": "desktop_mobile",
              "parallax": "disable",
              "animation_to": "none",
              "animation_from": "none",
              "animation_opacity": "none",
              "animation_text": "none",
              "customization_class": "promobox--modification-2 px-10 px-md-0 py-35 text-md-left font-400-text-1"
            }
          }
        },
        "block_order": [
          "1591403348463",
          "1591403350418"
        ],
        "settings": {
          "title": "",
          "container": "fullwidth",
          "size_of_columns": "2",
          "margins_for_columns": "none",
          "align_of_columns": "center",
          "disable_column_paddings": true,
          "precedence": "",
          "customization_class": ""
        }
      },
      "1591403328132": {
        "type": "spacer",
        "settings": {
          "margin_top": 100,
          "margin_bottom": 40,
          "margin_top_mobile": 10,
          "margin_bottom_mobile": 0,
          "container": "boxed",
          "show_separator": false
        }
      },
      "1591909249227": {
        "type": "home-builder",
        "blocks": {
          "1591909263224": {
            "type": "promobox",
            "settings": {
              "url": "",
              "image": "",
              "image_size": 1450,
              "image_mobile": "",
              "image_mobile_size": 550,
              "image_position_x": 50,
              "color_image_mask": "",
              "image_mask_opacity": 0.5,
              "text_line_1": "Perfect for living spaces",
              "text_line_2": "Lorem ipsum dolor sit amet conse stetur adipisicing elit, sed do eiusmod tempor incididunt ut <br class=\"d-none d-lg-inline\">labore et dolore magna aliqua.",
              "text_line_3": "Text line #3",
              "style": "2",
              "button_1": "Discover More",
              "button_1_url": "",
              "color_button_type_1": "secondary",
              "button_2": "Button #2 text",
              "button_2_url": "",
              "color_button_type_2": "default",
              "list_1": "",
              "custom_html": "",
              "video_external_url": "",
              "video_mp4_url": "",
              "video_autoplay": true,
              "video_controls": false,
              "type": "text-6",
              "content_position": "center",
              "content_align": "center",
              "content_width": 100,
              "height": "auto",
              "min_height": 0,
              "size_of_column": "auto",
              "visible": "desktop_mobile",
              "parallax": "disable",
              "animation_to": "none",
              "animation_from": "none",
              "animation_opacity": "none",
              "animation_text": "none",
              "customization_class": ""
            }
          }
        },
        "block_order": [
          "1591909263224"
        ],
        "settings": {
          "title": "",
          "container": "boxed",
          "size_of_columns": "1",
          "margins_for_columns": "none",
          "align_of_columns": "top_center",
          "disable_column_paddings": false,
          "precedence": "",
          "customization_class": ""
        }
      },
      "1591909344920": {
        "type": "spacer",
        "settings": {
          "margin_top": 35,
          "margin_bottom": 0,
          "margin_top_mobile": 0,
          "margin_bottom_mobile": 0,
          "container": "boxed",
          "show_separator": false
        }
      },
      "1591909419081": {
        "type": "spacer",
        "settings": {
          "margin_top": 20,
          "margin_bottom": 0,
          "margin_top_mobile": 25,
          "margin_bottom_mobile": 0,
          "container": "boxed",
          "show_separator": false
        }
      },
      "product": {
        "type": "product",
        "settings": {
          "show_tabs": false,
          "show_tab_description": true,
          "show_tab_reviews": true
        }
      },
      "carousel-related-products": {
        "type": "carousel-related-products",
        "settings": {
          "type": "related",
          "title": "Related Products",
          "size_of_columns": "4",
          "max_count": 6,
          "autoplay": true,
          "speed": 5,
          "infinite": true,
          "arrows": true,
          "bullets": true
        }
      },
      "product-fixed-sizebar": {
        "type": "product-fixed-sizebar",
        "settings": {
        }
      },
      "collection-head": {
        "type": "collection-head",
        "settings": {
          "default_desktop_title": "title",
          "default_mobile_title": "title",
          "margins_for_columns": "none"
        }
      },
      "collection-sidebar": {
        "type": "collection-sidebar",
        "blocks": {
          "collection-sidebar-0": {
            "type": "current_filters",
            "settings": {
              "title": "CURRENT FILTERS",
              "default_state": "close",
              "show_border": true
            }
          },
          "collection-sidebar-1": {
            "type": "collections",
            "settings": {
              "title": "COLLECTION",
              "default_state": "open",
              "show_border": true,
              "menu": "",
              "collection_tags_select": "radio"
            }
          },
          "collection-sidebar-2": {
            "type": "filters",
            "settings": {
              "title": "FILTERS",
              "default_state": "open",
              "show_border": true,
              "type": "tags",
              "items": "",
              "show_all_from_collection": false,
              "direction": "columns",
              "max_column_size": 0,
              "columns": "2",
              "for_collections": ""
            }
          }
        },
        "block_order": [
          "collection-sidebar-0",
          "collection-sidebar-1",
          "collection-sidebar-2"
        ],
        "settings": {
          "hide_blocks_without_filters": false
        }
      },
      "collection-body": {
        "type": "collection-body",
        "settings": {
          "show_sort_by": true,
          "show_info": true,
          "show_view_length": true,
          "enable_view_length_6": true,
          "enable_view_length_12": true,
          "enable_view_length_18": true,
          "enable_view_length_24": true,
          "enable_view_length_48": false,
          "default_view_length": "12",
          "show_view_grid": true,
          "show_view_grid_1": true,
          "show_view_grid_2": true,
          "show_view_grid_3": true,
          "show_view_grid_4": true,
          "show_view_grid_list": true,
          "default_view_grid_xl": "3",
          "default_view_grid_lg": "3",
          "default_view_grid_md": "3",
          "default_view_grid_sm": "2",
          "default_view_grid_xs": "2",
          "enable_grid_tooltip": true
        }
      },
      "list-collections": {
        "type": "list-collections",
        "settings": {
          "size_of_columns": "3",
          "type": "list-collections-1",
          "masonry_enable": false,
          "height": "auto",
          "image_size": 900,
          "format_pjpg": true,
          "animation_to": "none",
          "animation_from": "none",
          "animation_opacity": "none"
        }
      },
      "blog-body": {
        "type": "blog-body",
        "settings": {
          "show_title": false,
          "type": "1",
          "masonry_enable": true,
          "max_posts": 12,
          "show_image": true,
          "show_information": true,
          "show_tags": true,
          "show_content": true,
          "show_button": true,
          "show_comments": true,
          "show_empty_comments": true,
          "max_post_content_length": 100
        }
      },
      "article-body": {
        "type": "article-body",
        "settings": {
          "show_information": true,
          "show_image": true,
          "show_content": true,
          "show_tags": true,
          "show_navigation": true,
          "show_comments": true,
          "autoplay": true,
          "speed": 5,
          "infinite": true
        }
      },
      "faqs": {
        "type": "faqs",
        "blocks": {
          "1592255747623": {
            "type": "section",
            "settings": {
              "question": "WHAT ARE SHIPPING TIMES AND COSTS?",
              "page_content": "",
              "answer": "",
              "is_open": true
            }
          },
          "1592255753109": {
            "type": "section",
            "settings": {
              "question": "WHAT PAYMENT METHODS CAN I USE?",
              "page_content": "",
              "answer": "",
              "is_open": true
            }
          },
          "1592255759952": {
            "type": "section",
            "settings": {
              "question": "WHAT IS YOUR EXCHANGES, RETURNS AND REFUNDS POLICY?",
              "page_content": "",
              "answer": "",
              "is_open": true
            }
          }
        },
        "block_order": [
          "1592255747623",
          "1592255753109",
          "1592255759952"
        ],
        "settings": {
        }
      },
      "gallery": {
        "type": "gallery",
        "blocks": {
          "1538750989796": {
            "type": "item",
            "settings": {
              "page_name": "",
              "grid": 4,
              "image": "shopify:\/\/shop_images\/Rectangle.jpg",
              "image_size": 500,
              "text_line_01": "FASHION",
              "text_line_02": "Lorem ipsum dolor sit amet"
            }
          },
          "1538751247440": {
            "type": "item",
            "settings": {
              "page_name": "",
              "grid": 4,
              "image": "shopify:\/\/shop_images\/Rectangle-1.jpg",
              "image_size": 500,
              "text_line_01": "WINTER",
              "text_line_02": "Lorem ipsum dolor sit amet"
            }
          },
          "1538751255150": {
            "type": "item",
            "settings": {
              "page_name": "",
              "grid": 4,
              "image": "shopify:\/\/shop_images\/Rectangle-2.jpg",
              "image_size": 500,
              "text_line_01": "VINTAGE",
              "text_line_02": "Lorem ipsum dolor sit amet"
            }
          },
          "1538751296926": {
            "type": "item",
            "settings": {
              "page_name": "",
              "grid": 4,
              "image": "shopify:\/\/shop_images\/Rectangle-3.jpg",
              "image_size": 500,
              "text_line_01": "SUMMER",
              "text_line_02": "Lorem ipsum dolor sit amet"
            }
          },
          "1538751341984": {
            "type": "item",
            "settings": {
              "page_name": "",
              "grid": 4,
              "image": "shopify:\/\/shop_images\/Rectangle-4.jpg",
              "image_size": 500,
              "text_line_01": "BEACHWEAR",
              "text_line_02": "Lorem ipsum dolor sit amet"
            }
          },
          "1538751381554": {
            "type": "item",
            "settings": {
              "page_name": "",
              "grid": 4,
              "image": "shopify:\/\/shop_images\/Rectangle-5.jpg",
              "image_size": 500,
              "text_line_01": "SUNGLASSES",
              "text_line_02": "Lorem ipsum dolor sit amet"
            }
          },
          "1538751390330": {
            "type": "item",
            "settings": {
              "page_name": "",
              "grid": 4,
              "image": "shopify:\/\/shop_images\/Rectangle-6.jpg",
              "image_size": 500,
              "text_line_01": "WINTER",
              "text_line_02": "Lorem ipsum dolor sit amet"
            }
          },
          "1538751410356": {
            "type": "item",
            "settings": {
              "page_name": "",
              "grid": 4,
              "image": "shopify:\/\/shop_images\/Rectangle-7.jpg",
              "image_size": 500,
              "text_line_01": "SHORTS",
              "text_line_02": "Lorem ipsum dolor sit amet"
            }
          },
          "1538751452219": {
            "type": "item",
            "settings": {
              "page_name": "",
              "grid": 4,
              "image": "shopify:\/\/shop_images\/Rectangle-8.jpg",
              "image_size": 500,
              "text_line_01": "ACCESSORIES",
              "text_line_02": "Lorem ipsum dolor sit amet"
            }
          }
        },
        "block_order": [
          "1538750989796",
          "1538751247440",
          "1538751255150",
          "1538751296926",
          "1538751341984",
          "1538751381554",
          "1538751390330",
          "1538751410356",
          "1538751452219"
        ],
        "settings": {
          "container": "inherit",
          "masonry_enable": true
        }
      }
    },
    "content_for_index": [
      "1591402573201",
      "1591402613478",
      "1591402638547",
      "1591909344920",
      "1591909249227",
      "1591402718819",
      "1591402734707",
      "1591909419081",
      "1591402810700",
      "1591402838046",
      "1591403320243",
      "1591403328132",
      "1591402862075",
      "1591402898331"
    ]
  }
}